kmer	Babesia_gibsoni
AAAAA	11957
AAAAC	11609
AAAAG	11882
AAAAT	13015
AAACA	13944
AAACC	8653
AAACG	7383
AAACT	9806
AAAGA	11385
AAAGC	8830
AAAGG	11822
AAAGT	9830
AAATA	13044
AAATC	8677
AAATG	14110
AAATT	9557
AACAA	13523
AACAC	9683
AACAG	10725
AACAT	14428
AACCA	9585
AACCC	6088
AACCG	3931
AACCT	8730
AACGA	6909
AACGC	5580
AACGG	5234
AACGT	7435
AACTA	7208
AACTC	7509
AACTG	9845
AACTT	9131
AAGAA	14538
AAGAC	7918
AAGAG	9126
AAGAT	9844
AAGCA	11359
AAGCC	6411
AAGCG	5431
AAGCT	8694
AAGGA	13762
AAGGC	9114
AAGGG	8268
AAGGT	10520
AAGTA	8170
AAGTC	6579
AAGTG	9142
AAGTT	9079
AATAA	11304
AATAC	10158
AATAG	8405
AATAT	15142
AATCA	9612
AATCC	7599
AATCG	4952
AATCT	8280
AATGA	13099
AATGC	11738
AATGG	11336
AATGT	13599
AATTA	7817
AATTC	8604
AATTG	8471
AATTT	9468
ACAAA	12616
ACAAC	10758
ACAAG	9901
ACAAT	10774
ACACA	11019
ACACC	7490
ACACG	5042
ACACT	8778
ACAGA	9759
ACAGC	9123
ACAGG	7828
ACAGT	9734
ACATA	13141
ACATC	11485
ACATG	12506
ACATT	13442
ACCAA	9592
ACCAC	8032
ACCAG	7644
ACCAT	10475
ACCCA	6975
ACCCC	3791
ACCCG	2507
ACCCT	7205
ACCGA	3620
ACCGC	3603
ACCGG	2746
ACCGT	4908
ACCTA	6117
ACCTC	7514
ACCTG	7562
ACCTT	10477
ACGAA	6835
ACGAC	5719
ACGAG	4744
ACGAT	6315
ACGCA	5960
ACGCC	4967
ACGCG	2331
ACGCT	5290
ACGGA	5008
ACGGC	4775
ACGGG	3230
ACGGT	4835
ACGTA	6300
ACGTC	5652
ACGTG	6072
ACGTT	7464
ACTAA	5899
ACTAC	7283
ACTAG	4772
ACTAT	8556
ACTCA	7830
ACTCC	6989
ACTCG	3398
ACTCT	7581
ACTGA	8068
ACTGC	9032
ACTGG	7825
ACTGT	10154
ACTTA	5917
ACTTC	9251
ACTTG	8392
ACTTT	10003
AGAAA	11967
AGAAC	7667
AGAAG	13836
AGAAT	10668
AGACA	10074
AGACC	4793
AGACG	5641
AGACT	6297
AGAGA	8324
AGAGC	6618
AGAGG	8562
AGAGT	7459
AGATA	9263
AGATC	5611
AGATG	11651
AGATT	8300
AGCAA	10322
AGCAC	7289
AGCAG	10213
AGCAT	11189
AGCCA	8025
AGCCC	4052
AGCCG	3435
AGCCT	7350
AGCGA	4945
AGCGC	4200
AGCGG	3775
AGCGT	5213
AGCTA	5930
AGCTC	6560
AGCTG	9069
AGCTT	8770
AGGAA	13563
AGGAC	5853
AGGAG	10187
AGGAT	9654
AGGCA	9341
AGGCC	4856
AGGCG	5138
AGGCT	7440
AGGGA	7607
AGGGC	5031
AGGGG	5504
AGGGT	7056
AGGTA	8730
AGGTC	5362
AGGTG	8756
AGGTT	8864
AGTAA	7517
AGTAC	6446
AGTAG	6476
AGTAT	9202
AGTCA	7650
AGTCC	4927
AGTCG	3900
AGTCT	6326
AGTGA	9490
AGTGC	7203
AGTGG	8598
AGTGT	8719
AGTTA	6717
AGTTC	7747
AGTTG	9532
AGTTT	9719
ATAAA	12758
ATAAC	9533
ATAAG	8777
ATAAT	11895
ATACA	13842
ATACC	8965
ATACG	7024
ATACT	9304
ATAGA	9319
ATAGC	7498
ATAGG	6718
ATAGT	8379
ATATA	16447
ATATC	12082
ATATG	15341
ATATT	15241
ATCAA	10675
ATCAC	9748
ATCAG	8501
ATCAT	13531
ATCCA	10931
ATCCC	6055
ATCCG	4053
ATCCT	9827
ATCGA	4929
ATCGC	6790
ATCGG	3909
ATCGT	6302
ATCTA	7502
ATCTC	7758
ATCTG	9939
ATCTT	10147
ATGAA	15261
ATGAC	9759
ATGAG	9919
ATGAT	13266
ATGCA	13757
ATGCC	9232
ATGCG	6975
ATGCT	11382
ATGGA	13026
ATGGC	10536
ATGGG	7310
ATGGT	10580
ATGTA	13460
ATGTC	9879
ATGTG	12941
ATGTT	14460
ATTAA	9429
ATTAC	8355
ATTAG	6589
ATTAT	11976
ATTCA	11874
ATTCC	10834
ATTCG	5170
ATTCT	10902
ATTGA	10017
ATTGC	9748
ATTGG	8437
ATTGT	10844
ATTTA	10138
ATTTC	11085
ATTTG	10853
ATTTT	13184
CAAAA	12906
CAAAC	9497
CAAAG	11522
CAAAT	11086
CAACA	13900
CAACC	7389
CAACG	7351
CAACT	9526
CAAGA	9380
CAAGC	6904
CAAGG	10313
CAAGT	8213
CAATA	10671
CAATC	6742
CAATG	12901
CAATT	8568
CACAA	10741
CACAC	6437
CACAG	9509
CACAT	12914
CACCA	10208
CACCC	5232
CACCG	4421
CACCT	8598
CACGA	4774
CACGC	3900
CACGG	4397
CACGT	6058
CACTA	7814
CACTC	6713
CACTG	10650
CACTT	9325
CAGAA	11125
CAGAC	6601
CAGAG	8667
CAGAT	9739
CAGCA	11620
CAGCC	6622
CAGCG	5464
CAGCT	9346
CAGGA	8568
CAGGC	5834
CAGGG	6246
CAGGT	7596
CAGTA	8469
CAGTC	6113
CAGTG	10578
CAGTT	9885
CATAA	10681
CATAC	10618
CATAG	8590
CATAT	15468
CATCA	14844
CATCC	9776
CATCG	7047
CATCT	12038
CATGA	11059
CATGC	9076
CATGG	10583
CATGT	12581
CATTA	11596
CATTC	10949
CATTG	12916
CATTT	14039
CCAAA	10240
CCAAC	7981
CCAAG	8035
CCAAT	8532
CCACA	9664
CCACC	7520
CCACG	4641
CCACT	8932
CCAGA	8169
CCAGC	6506
CCAGG	6405
CCAGT	7927
CCATA	10229
CCATC	9130
CCATG	10442
CCATT	11298
CCCAA	6106
CCCAC	4625
CCCAG	5595
CCCAT	7427
CCCCA	3826
CCCCC	3078
CCCCG	2303
CCCCT	5492
CCCGA	2128
CCCGC	2201
CCCGG	1914
CCCGT	3277
CCCTA	5218
CCCTC	5812
CCCTG	6363
CCCTT	8238
CCGAA	3740
CCGAC	2634
CCGAG	2810
CCGAT	3825
CCGCA	4151
CCGCC	3522
CCGCG	1843
CCGCT	3777
CCGGA	2812
CCGGC	2360
CCGGG	1897
CCGGT	2864
CCGTA	4339
CCGTC	3959
CCGTG	4345
CCGTT	5235
CCTAA	5868
CCTAC	5670
CCTAG	4225
CCTAT	6625
CCTCA	9493
CCTCC	9024
CCTCG	4221
CCTCT	8922
CCTGA	7199
CCTGC	7039
CCTGG	6240
CCTGT	8128
CCTTA	7507
CCTTC	12107
CCTTG	10354
CCTTT	12040
CGAAA	5902
CGAAC	3749
CGAAG	5545
CGAAT	5356
CGACA	5789
CGACC	2911
CGACG	3850
CGACT	3965
CGAGA	3775
CGAGC	2792
CGAGG	4145
CGAGT	3373
CGATA	6782
CGATC	3047
CGATG	6987
CGATT	4975
CGCAA	6194
CGCAC	3147
CGCAG	5542
CGCAT	6628
CGCCA	6181
CGCCC	2683
CGCCG	2875
CGCCT	5185
CGCGA	2129
CGCGC	1774
CGCGG	1835
CGCGT	2345
CGCTA	3739
CGCTC	3550
CGCTG	5293
CGCTT	5433
CGGAA	5151
CGGAC	2193
CGGAG	4266
CGGAT	3983
CGGCA	5213
CGGCC	2613
CGGCG	2932
CGGCT	3725
CGGGA	2932
CGGGC	1761
CGGGG	2245
CGGGT	2560
CGGTA	4328
CGGTC	2307
CGGTG	4553
CGGTT	3903
CGTAA	4997
CGTAC	3962
CGTAG	4623
CGTAT	6952
CGTCA	7106
CGTCC	3989
CGTCG	3814
CGTCT	5661
CGTGA	5412
CGTGC	3832
CGTGG	4783
CGTGT	5160
CGTTA	5477
CGTTC	5042
CGTTG	7193
CGTTT	7508
CTAAA	7713
CTAAC	5083
CTAAG	4665
CTAAT	6674
CTACA	9668
CTACC	6213
CTACG	4558
CTACT	6710
CTAGA	5590
CTAGC	3791
CTAGG	4180
CTAGT	4721
CTATA	8477
CTATC	6601
CTATG	8713
CTATT	8557
CTCAA	8878
CTCAC	6757
CTCAG	7346
CTCAT	9926
CTCCA	11562
CTCCC	5859
CTCCG	4181
CTCCT	10287
CTCGA	3480
CTCGC	3003
CTCGG	2802
CTCGT	4880
CTCTA	7094
CTCTC	6330
CTCTG	8989
CTCTT	9143
CTGAA	10497
CTGAC	5635
CTGAG	7129
CTGAT	8543
CTGCA	11892
CTGCC	7614
CTGCG	5569
CTGCT	10549
CTGGA	9569
CTGGC	6088
CTGGG	5645
CTGGT	7719
CTGTA	9684
CTGTC	7056
CTGTG	10142
CTGTT	10938
CTTAA	6707
CTTAC	6055
CTTAG	4549
CTTAT	8754
CTTCA	14826
CTTCC	11761
CTTCG	5608
CTTCT	13989
CTTGA	9192
CTTGC	7933
CTTGG	8067
CTTGT	10072
CTTTA	9728
CTTTC	9059
CTTTG	11508
CTTTT	12000
GAAAA	12157
GAAAC	10192
GAAAG	8922
GAAAT	11056
GAACA	9637
GAACC	5914
GAACG	4868
GAACT	7613
GAAGA	13865
GAAGC	10326
GAAGG	11941
GAAGT	9062
GAATA	10533
GAATC	8770
GAATG	10902
GAATT	8433
GACAA	8745
GACAC	6903
GACAG	6858
GACAT	9998
GACCA	5902
GACCC	3813
GACCG	2239
GACCT	5452
GACGA	6405
GACGC	4546
GACGG	3817
GACGT	5713
GACTA	4832
GACTC	5178
GACTG	6175
GACTT	6607
GAGAA	10174
GAGAC	5413
GAGAG	6216
GAGAT	7877
GAGCA	7889
GAGCC	4870
GAGCG	3476
GAGCT	6254
GAGGA	10990
GAGGC	7000
GAGGG	5698
GAGGT	7379
GAGTA	6311
GAGTC	5391
GAGTG	6556
GAGTT	7380
GATAA	9149
GATAC	8010
GATAG	6452
GATAT	12087
GATCA	6583
GATCC	5107
GATCG	3153
GATCT	5529
GATGA	12845
GATGC	9893
GATGG	9274
GATGT	11256
GATTA	6220
GATTC	8732
GATTG	6828
GATTT	8526
GCAAA	10965
GCAAC	9612
GCAAG	7529
GCAAT	9343
GCACA	8106
GCACC	4904
GCACG	3784
GCACT	7103
GCAGA	9531
GCAGC	9393
GCAGG	6851
GCAGT	9217
GCATA	10644
GCATC	10038
GCATG	8965
GCATT	11536
GCCAA	8526
GCCAC	7562
GCCAG	6086
GCCAT	10015
GCCCA	5135
GCCCC	2850
GCCCG	1788
GCCCT	5039
GCCGA	3352
GCCGC	3846
GCCGG	2288
GCCGT	4647
GCCTA	4980
GCCTC	7148
GCCTG	5870
GCCTT	9475
GCGAA	4826
GCGAC	3937
GCGAG	3033
GCGAT	6949
GCGCA	4453
GCGCC	3986
GCGCG	1772
GCGCT	4282
GCGGA	3893
GCGGC	3782
GCGGG	2245
GCGGT	3728
GCGTA	4436
GCGTC	4381
GCGTG	3991
GCGTT	5727
GCTAA	5393
GCTAC	6333
GCTAG	3674
GCTAT	7675
GCTCA	6915
GCTCC	6750
GCTCG	2768
GCTCT	6797
GCTGA	7903
GCTGC	9580
GCTGG	6496
GCTGT	9331
GCTTA	5895
GCTTC	10703
GCTTG	6992
GCTTT	8923
GGAAA	11028
GGAAC	7474
GGAAG	11512
GGAAT	10739
GGACA	6201
GGACC	3619
GGACG	4032
GGACT	4893
GGAGA	9189
GGAGC	6522
GGAGG	8789
GGAGT	7153
GGATA	8197
GGATC	5272
GGATG	9853
GGATT	7410
GGCAA	8613
GGCAC	6446
GGCAG	7413
GGCAT	9298
GGCCA	6123
GGCCC	2645
GGCCG	2575
GGCCT	5075
GGCGA	4469
GGCGC	3890
GGCGG	3704
GGCGT	4891
GGCTA	5045
GGCTC	4962
GGCTG	6914
GGCTT	6575
GGGAA	7909
GGGAC	3750
GGGAG	5576
GGGAT	6032
GGGCA	5289
GGGCC	2826
GGGCG	2509
GGGCT	3988
GGGGA	5136
GGGGC	2855
GGGGG	3010
GGGGT	3904
GGGTA	5412
GGGTC	3782
GGGTG	5379
GGGTT	5964
GGTAA	7302
GGTAC	6065
GGTAG	6348
GGTAT	9012
GGTCA	6245
GGTCC	3547
GGTCG	2814
GGTCT	4807
GGTGA	8540
GGTGC	5110
GGTGG	7851
GGTGT	7754
GGTTA	6325
GGTTC	5915
GGTTG	7464
GGTTT	8555
GTAAA	9013
GTAAC	7549
GTAAG	5987
GTAAT	8515
GTACA	8455
GTACC	6083
GTACG	3986
GTACT	6538
GTAGA	7728
GTAGC	6349
GTAGG	5520
GTAGT	7455
GTATA	10437
GTATC	8153
GTATG	10549
GTATT	10172
GTCAA	8433
GTCAC	7444
GTCAG	5797
GTCAT	9945
GTCCA	6853
GTCCC	3704
GTCCG	2080
GTCCT	6014
GTCGA	4130
GTCGC	3731
GTCGG	2737
GTCGT	5577
GTCTA	6824
GTCTC	5529
GTCTG	6889
GTCTT	7835
GTGAA	10748
GTGAC	7382
GTGAG	6461
GTGAT	9964
GTGCA	7027
GTGCC	6615
GTGCG	3146
GTGCT	7616
GTGGA	10533
GTGGC	7662
GTGGG	4583
GTGGT	8413
GTGTA	9402
GTGTC	6903
GTGTG	6692
GTGTT	9892
GTTAA	7205
GTTAC	7484
GTTAG	5089
GTTAT	9535
GTTCA	9155
GTTCC	7743
GTTCG	3679
GTTCT	7918
GTTGA	9821
GTTGC	9867
GTTGG	7988
GTTGT	10808
GTTTA	8567
GTTTC	10175
GTTTG	9707
GTTTT	11441
TAAAA	11442
TAAAC	8488
TAAAG	9541
TAAAT	10231
TAACA	10878
TAACC	6378
TAACG	5556
TAACT	6748
TAAGA	6796
TAAGC	5835
TAAGG	7588
TAAGT	5865
TAATA	10761
TAATC	6254
TAATG	11859
TAATT	7802
TACAA	11040
TACAC	9306
TACAG	9352
TACAT	13234
TACCA	10048
TACCC	5345
TACCG	4286
TACCT	8890
TACGA	5525
TACGC	4522
TACGG	4400
TACGT	6282
TACTA	6656
TACTC	6398
TACTG	8409
TACTT	8500
TAGAA	8301
TAGAC	6873
TAGAG	6954
TAGAT	7365
TAGCA	8145
TAGCC	4959
TAGCG	3762
TAGCT	6034
TAGGA	5937
TAGGC	4827
TAGGG	4986
TAGGT	6217
TAGTA	6691
TAGTC	4720
TAGTG	7734
TAGTT	7371
TATAA	11829
TATAC	10349
TATAG	8467
TATAT	16414
TATCA	11416
TATCC	8384
TATCG	6778
TATCT	9499
TATGA	11202
TATGC	10639
TATGG	10259
TATGT	13305
TATTA	10716
TATTC	10495
TATTG	10831
TATTT	13227
TCAAA	11190
TCAAC	9815
TCAAG	9345
TCAAT	10233
TCACA	10812
TCACC	8545
TCACG	5662
TCACT	9689
TCAGA	8673
TCAGC	8030
TCAGG	7160
TCAGT	8167
TCATA	11343
TCATC	13052
TCATG	11386
TCATT	13224
TCCAA	10564
TCCAC	10538
TCCAG	9682
TCCAT	13182
TCCCA	7816
TCCCC	4980
TCCCG	2922
TCCCT	7894
TCCGA	3909
TCCGC	3643
TCCGG	2985
TCCGT	5046
TCCTA	6073
TCCTC	11186
TCCTG	8811
TCCTT	13818
TCGAA	5151
TCGAC	4225
TCGAG	3498
TCGAT	4702
TCGCA	6947
TCGCC	4449
TCGCG	2137
TCGCT	4666
TCGGA	3880
TCGGC	3566
TCGGG	2126
TCGGT	3664
TCGTA	5459
TCGTC	6578
TCGTG	4779
TCGTT	6794
TCTAA	6975
TCTAC	7863
TCTAG	5611
TCTAT	9492
TCTCA	8669
TCTCC	9126
TCTCG	3778
TCTCT	8256
TCTGA	8634
TCTGC	9973
TCTGG	8460
TCTGT	10207
TCTTA	6746
TCTTC	14123
TCTTG	9526
TCTTT	11329
TGAAA	13430
TGAAC	9142
TGAAG	14301
TGAAT	11875
TGACA	10440
TGACC	6083
TGACG	6958
TGACT	7637
TGAGA	8392
TGAGC	6557
TGAGG	9571
TGAGT	7653
TGATA	11456
TGATC	6442
TGATG	14777
TGATT	9621
TGCAA	12320
TGCAC	7015
TGCAG	11824
TGCAT	14068
TGCCA	11860
TGCCC	5432
TGCCG	5248
TGCCT	9863
TGCGA	7202
TGCGC	4629
TGCGG	4334
TGCGT	6086
TGCTA	8361
TGCTC	8158
TGCTG	12034
TGCTT	11735
TGGAA	14130
TGGAC	6949
TGGAG	11624
TGGAT	11063
TGGCA	11927
TGGCC	6123
TGGCG	6375
TGGCT	8343
TGGGA	7592
TGGGC	4965
TGGGG	4146
TGGGT	7017
TGGTA	10257
TGGTC	5962
TGGTG	10567
TGGTT	9529
TGTAA	11248
TGTAC	8589
TGTAG	9605
TGTAT	14145
TGTCA	10618
TGTCC	6188
TGTCG	5647
TGTCT	10283
TGTGA	11113
TGTGC	8259
TGTGG	9959
TGTGT	11256
TGTTA	10794
TGTTC	9791
TGTTG	14295
TGTTT	14109
TTAAA	10218
TTAAC	7395
TTAAG	6655
TTAAT	9592
TTACA	10967
TTACC	7308
TTACG	5161
TTACT	7411
TTAGA	6856
TTAGC	5262
TTAGG	5549
TTAGT	5961
TTATA	11698
TTATC	9241
TTATG	10802
TTATT	11299
TTCAA	12597
TTCAC	10759
TTCAG	10386
TTCAT	15603
TTCCA	14620
TTCCC	7994
TTCCG	5269
TTCCT	13760
TTCGA	5037
TTCGC	4675
TTCGG	3788
TTCGT	6851
TTCTA	8521
TTCTC	10212
TTCTG	11457
TTCTT	14599
TTGAA	12242
TTGAC	8342
TTGAG	8664
TTGAT	10523
TTGCA	12551
TTGCC	8942
TTGCG	6561
TTGCT	10741
TTGGA	10638
TTGGC	8482
TTGGG	6182
TTGGT	9603
TTGTA	11041
TTGTC	8898
TTGTG	10812
TTGTT	13699
TTTAA	10520
TTTAC	8953
TTTAG	7401
TTTAT	12774
TTTCA	13490
TTTCC	11305
TTTCG	5894
TTTCT	11980
TTTGA	10741
TTTGC	11247
TTTGG	10413
TTTGT	12726
TTTTA	11215
TTTTC	12350
TTTTG	13059
TTTTT	11547
