kmer	Babesia_bovis
AAAAA	16070
AAAAC	13491
AAAAG	12289
AAAAT	17697
AAACA	15342
AAACC	9440
AAACG	8656
AAACT	10120
AAAGA	11514
AAAGC	8544
AAAGG	10020
AAAGT	10952
AAATA	17969
AAATC	10577
AAATG	15784
AAATT	12910
AACAA	16102
AACAC	10889
AACAG	10247
AACAT	16263
AACCA	10858
AACCC	6870
AACCG	4651
AACCT	8485
AACGA	7993
AACGC	6587
AACGG	5468
AACGT	8795
AACTA	9201
AACTC	7320
AACTG	9209
AACTT	9876
AAGAA	13477
AAGAC	6853
AAGAG	6987
AAGAT	10988
AAGCA	10633
AAGCC	5253
AAGCG	5211
AAGCT	8356
AAGGA	11122
AAGGC	7077
AAGGG	6108
AAGGT	9738
AAGTA	10339
AAGTC	6116
AAGTG	9344
AAGTT	9883
AATAA	15305
AATAC	12849
AATAG	10602
AATAT	21630
AATCA	11995
AATCC	7925
AATCG	6457
AATCT	9908
AATGA	14004
AATGC	12265
AATGG	11838
AATGT	16181
AATTA	10833
AATTC	9769
AATTG	11281
AATTT	12843
ACAAA	14886
ACAAC	12197
ACAAG	9469
ACAAT	13752
ACACA	12178
ACACC	8517
ACACG	5332
ACACT	10071
ACAGA	9010
ACAGC	8356
ACAGG	6900
ACAGT	10171
ACATA	15044
ACATC	11440
ACATG	11442
ACATT	16199
ACCAA	12659
ACCAC	9889
ACCAG	8718
ACCAT	11693
ACCCA	8592
ACCCC	3899
ACCCG	3025
ACCCT	7312
ACCGA	4813
ACCGC	4073
ACCGG	3698
ACCGT	6076
ACCTA	7838
ACCTC	6477
ACCTG	7365
ACCTT	9753
ACGAA	7556
ACGAC	5866
ACGAG	4675
ACGAT	8082
ACGCA	6236
ACGCC	4501
ACGCG	2730
ACGCT	6314
ACGGA	4625
ACGGC	4249
ACGGG	3169
ACGGT	6040
ACGTA	7936
ACGTC	5477
ACGTG	6218
ACGTT	8755
ACTAA	8302
ACTAC	10953
ACTAG	6535
ACTAT	11649
ACTCA	7691
ACTCC	6417
ACTCG	3695
ACTCT	6844
ACTGA	8457
ACTGC	8618
ACTGG	8532
ACTGT	10490
ACTTA	7134
ACTTC	8961
ACTTG	8552
ACTTT	11533
AGAAA	11165
AGAAC	7582
AGAAG	11273
AGAAT	10625
AGACA	9010
AGACC	4489
AGACG	4307
AGACT	5599
AGAGA	5932
AGAGC	5607
AGAGG	5654
AGAGT	6817
AGATA	11653
AGATC	5898
AGATG	11216
AGATT	9641
AGCAA	10485
AGCAC	8283
AGCAG	8999
AGCAT	11314
AGCCA	7616
AGCCC	3163
AGCCG	3008
AGCCT	5772
AGCGA	4239
AGCGC	4217
AGCGG	3440
AGCGT	6171
AGCTA	6481
AGCTC	5445
AGCTG	7719
AGCTT	8109
AGGAA	10476
AGGAC	5728
AGGAG	7054
AGGAT	9086
AGGCA	7469
AGGCC	4275
AGGCG	3684
AGGCT	6080
AGGGA	5236
AGGGC	3880
AGGGG	3591
AGGGT	7300
AGGTA	9929
AGGTC	5467
AGGTG	7537
AGGTT	8340
AGTAA	9343
AGTAC	9963
AGTAG	8284
AGTAT	11526
AGTCA	7786
AGTCC	4660
AGTCG	3440
AGTCT	5432
AGTGA	9562
AGTGC	8141
AGTGG	9311
AGTGT	9791
AGTTA	8835
AGTTC	6890
AGTTG	9746
AGTTT	9942
ATAAA	17426
ATAAC	12472
ATAAG	8543
ATAAT	15988
ATACA	17593
ATACC	12118
ATACG	8078
ATACT	11331
ATAGA	12706
ATAGC	8833
ATAGG	7282
ATAGT	11489
ATATA	28169
ATATC	16449
ATATG	17777
ATATT	21422
ATCAA	14542
ATCAC	10869
ATCAG	8962
ATCAT	14744
ATCCA	12358
ATCCC	5676
ATCCG	4263
ATCCT	8633
ATCGA	6378
ATCGC	6945
ATCGG	5069
ATCGT	7890
ATCTA	10937
ATCTC	7132
ATCTG	9309
ATCTT	10757
ATGAA	15568
ATGAC	9925
ATGAG	7937
ATGAT	15020
ATGCA	12001
ATGCC	9069
ATGCG	6245
ATGCT	11325
ATGGA	13044
ATGGC	9889
ATGGG	6770
ATGGT	11982
ATGTA	15557
ATGTC	9608
ATGTG	12671
ATGTT	15967
ATTAA	13190
ATTAC	11423
ATTAG	8124
ATTAT	15539
ATTCA	13592
ATTCC	9961
ATTCG	6209
ATTCT	10480
ATTGA	13722
ATTGC	11236
ATTGG	10777
ATTGT	13588
ATTTA	14439
ATTTC	11860
ATTTG	13627
ATTTT	17434
CAAAA	15640
CAAAC	9740
CAAAG	10954
CAAAT	13879
CAACA	14774
CAACC	7929
CAACG	7987
CAACT	9992
CAAGA	8908
CAAGC	6793
CAAGG	8526
CAAGT	8627
CAATA	14686
CAATC	8067
CAATG	14976
CAATT	11314
CACAA	10955
CACAC	6769
CACAG	8320
CACAT	12286
CACCA	10952
CACCC	5559
CACCG	5085
CACCT	7494
CACGA	5580
CACGC	4254
CACGG	4448
CACGT	6156
CACTA	10710
CACTC	5841
CACTG	11227
CACTT	9375
CAGAA	9562
CAGAC	5022
CAGAG	6006
CAGAT	9354
CAGCA	11339
CAGCC	4994
CAGCG	5132
CAGCT	7644
CAGGA	7810
CAGGC	5209
CAGGG	5272
CAGGT	7685
CAGTA	10475
CAGTC	4974
CAGTG	11383
CAGTT	9259
CATAA	10942
CATAC	10689
CATAG	8950
CATAT	17520
CATCA	14472
CATCC	8316
CATCG	7334
CATCT	10933
CATGA	9970
CATGC	6604
CATGG	10198
CATGT	11139
CATTA	13738
CATTC	9816
CATTG	15434
CATTT	15790
CCAAA	12293
CCAAC	8202
CCAAG	7796
CCAAT	11019
CCACA	8681
CCACC	7351
CCACG	5012
CCACT	9519
CCAGA	6801
CCAGC	5750
CCAGG	7559
CCAGT	8474
CCATA	11004
CCATC	8304
CCATG	10101
CCATT	12107
CCCAA	6916
CCCAC	4190
CCCAG	5569
CCCAT	6934
CCCCA	2651
CCCCC	1770
CCCCG	2172
CCCCT	3994
CCCGA	2806
CCCGC	1712
CCCGG	2335
CCCGT	3045
CCCTA	5236
CCCTC	3392
CCCTG	5686
CCCTT	5996
CCGAA	4556
CCGAC	2340
CCGAG	2694
CCGAT	5106
CCGCA	3863
CCGCC	2745
CCGCG	1772
CCGCT	3538
CCGGA	3105
CCGGC	1993
CCGGG	2325
CCGGT	3695
CCGTA	4694
CCGTC	3334
CCGTG	4350
CCGTT	5400
CCTAA	6068
CCTAC	5239
CCTAG	5333
CCTAT	7116
CCTCA	6966
CCTCC	5108
CCTCG	3521
CCTCT	5672
CCTGA	6529
CCTGC	5230
CCTGG	7314
CCTGT	6997
CCTTA	6833
CCTTC	8093
CCTTG	8536
CCTTT	9699
CGAAA	6029
CGAAC	3817
CGAAG	5377
CGAAT	6159
CGACA	5132
CGACC	3087
CGACG	3774
CGACT	3555
CGAGA	3480
CGAGC	2815
CGAGG	3519
CGAGT	3548
CGATA	8786
CGATC	3820
CGATG	7479
CGATT	6456
CGCAA	6967
CGCAC	3458
CGCAG	4590
CGCAT	6264
CGCCA	6074
CGCCC	2207
CGCCG	2721
CGCCT	3554
CGCGA	2574
CGCGC	2448
CGCGG	1755
CGCGT	2745
CGCTA	4735
CGCTC	3150
CGCTG	5445
CGCTT	5155
CGGAA	4949
CGGAC	2175
CGGAG	3104
CGGAT	4320
CGGCA	4779
CGGCC	2074
CGGCG	2662
CGGCT	3078
CGGGA	3059
CGGGC	1697
CGGGG	2202
CGGGT	3150
CGGTA	6274
CGGTC	2624
CGGTG	4986
CGGTT	4470
CGTAA	6581
CGTAC	4574
CGTAG	4883
CGTAT	7894
CGTCA	7103
CGTCC	3440
CGTCG	3911
CGTCT	4312
CGTGA	6313
CGTGC	4076
CGTGG	5117
CGTGT	5334
CGTTA	7066
CGTTC	5200
CGTTG	8029
CGTTT	8130
CTAAA	9433
CTAAC	5868
CTAAG	5009
CTAAT	8200
CTACA	10745
CTACC	7349
CTACG	4999
CTACT	9257
CTAGA	6772
CTAGC	3859
CTAGG	5321
CTAGT	6778
CTATA	13114
CTATC	7223
CTATG	9297
CTATT	10352
CTCAA	8179
CTCAC	5286
CTCAG	6316
CTCAT	7877
CTCCA	8765
CTCCC	3822
CTCCG	3111
CTCCT	6794
CTCGA	3466
CTCGC	2708
CTCGG	2763
CTCGT	4906
CTCTA	6895
CTCTC	3965
CTCTG	5841
CTCTT	6747
CTGAA	9226
CTGAC	5506
CTGAG	6355
CTGAT	8960
CTGCA	8687
CTGCC	6024
CTGCG	4364
CTGCT	9094
CTGGA	8644
CTGGC	5297
CTGGG	5775
CTGGT	8737
CTGTA	10394
CTGTC	5617
CTGTG	8385
CTGTT	10482
CTTAA	6940
CTTAC	6267
CTTAG	5130
CTTAT	8587
CTTCA	11498
CTTCC	8064
CTTCG	5327
CTTCT	11128
CTTGA	8938
CTTGC	6752
CTTGG	7838
CTTGT	9311
CTTTA	10940
CTTTC	6826
CTTTG	10882
CTTTT	12408
GAAAA	12244
GAAAC	9361
GAAAG	7057
GAAAT	11427
GAACA	9340
GAACC	5760
GAACG	5137
GAACT	6938
GAAGA	11032
GAAGC	8220
GAAGG	8385
GAAGT	8994
GAATA	11559
GAATC	9618
GAATG	9810
GAATT	9565
GACAA	8867
GACAC	6889
GACAG	5563
GACAT	9698
GACCA	6625
GACCC	3860
GACCG	2511
GACCT	5370
GACGA	5948
GACGC	4011
GACGG	3319
GACGT	5332
GACTA	5733
GACTC	4868
GACTG	4865
GACTT	6264
GAGAA	7436
GAGAC	3996
GAGAG	3903
GAGAT	7157
GAGCA	6798
GAGCC	4107
GAGCG	3428
GAGCT	5436
GAGGA	7160
GAGGC	4495
GAGGG	3357
GAGGT	6270
GAGTA	6718
GAGTC	4852
GAGTG	5631
GAGTT	7240
GATAA	11076
GATAC	10008
GATAG	7774
GATAT	16752
GATCA	7166
GATCC	5437
GATCG	3845
GATCT	6026
GATGA	12449
GATGC	9275
GATGG	8447
GATGT	11478
GATTA	8043
GATTC	9346
GATTG	8167
GATTT	10887
GCAAA	10702
GCAAC	8968
GCAAG	6746
GCAAT	11028
GCACA	7860
GCACC	5255
GCACG	4013
GCACT	8149
GCAGA	6586
GCAGC	7696
GCAGG	4967
GCAGT	8706
GCATA	10362
GCATC	9180
GCATG	6392
GCATT	12483
GCCAA	8994
GCCAC	7309
GCCAG	5754
GCCAT	10251
GCCCA	5263
GCCCC	1832
GCCCG	1626
GCCCT	3940
GCCGA	3305
GCCGC	3229
GCCGG	2035
GCCGT	4100
GCCTA	4672
GCCTC	4430
GCCTG	5308
GCCTT	6792
GCGAA	3935
GCGAC	3141
GCGAG	2596
GCGAT	7027
GCGCA	4670
GCGCC	3919
GCGCG	2427
GCGCT	4152
GCGGA	2962
GCGGC	3028
GCGGG	1761
GCGGT	3923
GCGTA	4919
GCGTC	4110
GCGTG	4388
GCGTT	6333
GCTAA	6261
GCTAC	7643
GCTAG	3954
GCTAT	8650
GCTCA	6075
GCTCC	5109
GCTCG	2799
GCTCT	5355
GCTGA	7784
GCTGC	7619
GCTGG	5935
GCTGT	8307
GCTTA	5944
GCTTC	8048
GCTTG	6865
GCTTT	8547
GGAAA	9024
GGAAC	6739
GGAAG	8267
GGAAT	10149
GGACA	6146
GGACC	3907
GGACG	3532
GGACT	4659
GGAGA	6060
GGAGC	5241
GGAGG	5107
GGAGT	6403
GGATA	9479
GGATC	5439
GGATG	8302
GGATT	8086
GGCAA	8227
GGCAC	6613
GGCAG	5624
GGCAT	8930
GGCCA	5718
GGCCC	2527
GGCCG	2064
GGCCT	4419
GGCGA	3587
GGCGC	3837
GGCGG	2758
GGCGT	4502
GGCTA	5038
GGCTC	4008
GGCTG	5117
GGCTT	5297
GGGAA	5625
GGGAC	3254
GGGAG	3876
GGGAT	5637
GGGCA	4750
GGGCC	2753
GGGCG	2181
GGGCT	3110
GGGGA	3108
GGGGC	1814
GGGGG	1705
GGGGT	3358
GGGTA	6303
GGGTC	3853
GGGTG	5296
GGGTT	6343
GGTAA	9313
GGTAC	8800
GGTAG	7022
GGTAT	11803
GGTCA	7258
GGTCC	3884
GGTCG	3057
GGTCT	4624
GGTGA	8065
GGTGC	5272
GGTGG	7257
GGTGT	8306
GGTTA	7669
GGTTC	5730
GGTTG	7734
GGTTT	9110
GTAAA	11141
GTAAC	9678
GTAAG	6364
GTAAT	11447
GTACA	10549
GTACC	8836
GTACG	4562
GTACT	9964
GTAGA	8482
GTAGC	7115
GTAGG	5130
GTAGT	9845
GTATA	15088
GTATC	10055
GTATG	10615
GTATT	12769
GTCAA	9528
GTCAC	7677
GTCAG	5763
GTCAT	9819
GTCCA	7194
GTCCC	3228
GTCCG	2100
GTCCT	5619
GTCGA	3980
GTCGC	3312
GTCGG	2341
GTCGT	5781
GTCTA	7587
GTCTC	3875
GTCTG	4745
GTCTT	6978
GTGAA	9684
GTGAC	7492
GTGAG	5376
GTGAT	11183
GTGCA	6969
GTGCC	6675
GTGCG	3357
GTGCT	8194
GTGGA	8907
GTGGC	7285
GTGGG	3772
GTGGT	10222
GTGTA	11362
GTGTC	6815
GTGTG	6570
GTGTT	10788
GTTAA	9520
GTTAC	9721
GTTAG	5763
GTTAT	12646
GTTCA	8907
GTTCC	6587
GTTCG	3976
GTTCT	7503
GTTGA	11248
GTTGC	8930
GTTGG	8122
GTTGT	11951
GTTTA	10680
GTTTC	8892
GTTTG	9868
GTTTT	12740
TAAAA	15592
TAAAC	10966
TAAAG	10730
TAAAT	14237
TAACA	14045
TAACC	7735
TAACG	7063
TAACT	8556
TAAGA	6851
TAAGC	5896
TAAGG	7114
TAAGT	7109
TAATA	16172
TAATC	8023
TAATG	13718
TAATT	10937
TACAA	14380
TACAC	11551
TACAG	10307
TACAT	15878
TACCA	14524
TACCC	6539
TACCG	6413
TACCT	10084
TACGA	6658
TACGC	4929
TACGG	4848
TACGT	8103
TACTA	11795
TACTC	6618
TACTG	10796
TACTT	10665
TAGAA	10170
TAGAC	7534
TAGAG	7114
TAGAT	10909
TAGCA	10311
TAGCC	5205
TAGCG	4296
TAGCT	6318
TAGGA	6252
TAGGC	4728
TAGGG	5270
TAGGT	7580
TAGTA	11584
TAGTC	5376
TAGTG	10447
TAGTT	9031
TATAA	17107
TATAC	15574
TATAG	12984
TATAT	27915
TATCA	15484
TATCC	9252
TATCG	8646
TATCT	11268
TATGA	12027
TATGC	10496
TATGG	11202
TATGT	15005
TATTA	15662
TATTC	11311
TATTG	14441
TATTT	17840
TCAAA	12332
TCAAC	11315
TCAAG	8843
TCAAT	13244
TCACA	9611
TCACC	7967
TCACG	6081
TCACT	9414
TCAGA	7547
TCAGC	7307
TCAGG	6550
TCAGT	8740
TCATA	11691
TCATC	12131
TCATG	9976
TCATT	13989
TCCAA	10741
TCCAC	9175
TCCAG	8544
TCCAT	12638
TCCCA	7103
TCCCC	3086
TCCCG	3075
TCCCT	5064
TCCGA	3772
TCCGC	2904
TCCGG	3050
TCCGT	4557
TCCTA	6010
TCCTC	6968
TCCTG	7711
TCCTT	10620
TCGAA	5335
TCGAC	4201
TCGAG	3397
TCGAT	6326
TCGCA	6510
TCGCC	3391
TCGCG	2593
TCGCT	4481
TCGGA	3856
TCGGC	3323
TCGGG	2853
TCGGT	4696
TCGTA	6383
TCGTC	5845
TCGTG	5884
TCGTT	7937
TCTAA	7879
TCTAC	8515
TCTAG	6908
TCTAT	12571
TCTCA	6926
TCTCC	5858
TCTCG	3828
TCTCT	5577
TCTGA	7277
TCTGC	6702
TCTGG	6671
TCTGT	9084
TCTTA	7013
TCTTC	10915
TCTTG	8887
TCTTT	11277
TGAAA	13871
TGAAC	9037
TGAAG	11714
TGAAT	13619
TGACA	10729
TGACC	6883
TGACG	6997
TGACT	7917
TGAGA	7020
TGAGC	6106
TGAGG	7002
TGAGT	7673
TGATA	15692
TGATC	7317
TGATG	14652
TGATT	12260
TGCAA	11765
TGCAC	6923
TGCAG	8742
TGCAT	11909
TGCCA	12900
TGCCC	4764
TGCCG	4876
TGCCT	7457
TGCGA	6299
TGCGC	4666
TGCGG	3721
TGCGT	6332
TGCTA	10254
TGCTC	6735
TGCTG	11364
TGCTT	10843
TGGAA	13129
TGGAC	7087
TGGAG	8777
TGGAT	12263
TGGCA	12396
TGGCC	5625
TGGCG	6157
TGGCT	7192
TGGGA	6989
TGGGC	5402
TGGGG	2487
TGGGT	7987
TGGTA	14432
TGGTC	6879
TGGTG	11081
TGGTT	11090
TGTAA	13393
TGTAC	10574
TGTAG	10383
TGTAT	17304
TGTCA	10640
TGTCC	6157
TGTCG	5006
TGTCT	8817
TGTGA	9795
TGTGC	7706
TGTGG	8501
TGTGT	12104
TGTTA	14080
TGTTC	9153
TGTTG	14742
TGTTT	14999
TTAAA	13524
TTAAC	9381
TTAAG	7054
TTAAT	13215
TTACA	13229
TTACC	9257
TTACG	6899
TTACT	9322
TTAGA	7767
TTAGC	6323
TTAGG	6097
TTAGT	8326
TTATA	17209
TTATC	10923
TTATG	11041
TTATT	14711
TTCAA	13485
TTCAC	9241
TTCAG	9103
TTCAT	15347
TTCCA	12781
TTCCC	5602
TTCCG	4809
TTCCT	10263
TTCGA	5435
TTCGC	4010
TTCGG	4555
TTCGT	7472
TTCTA	10454
TTCTC	7217
TTCTG	9839
TTCTT	13610
TTGAA	13763
TTGAC	9603
TTGAG	8133
TTGAT	14758
TTGCA	11682
TTGCC	8229
TTGCG	7052
TTGCT	10583
TTGGA	10661
TTGGC	8899
TTGGG	6548
TTGGT	12541
TTGTA	14340
TTGTC	8580
TTGTG	10480
TTGTT	15737
TTTAA	13524
TTTAC	11296
TTTAG	9496
TTTAT	17112
TTTCA	13179
TTTCC	8843
TTTCG	5960
TTTCT	12009
TTTGA	12349
TTTGC	10628
TTTGG	11912
TTTGT	14287
TTTTA	15370
TTTTC	12413
TTTTG	14799
TTTTT	14961
