kmer	Babesia_microti
AAAAA	23504
AAAAC	10655
AAAAG	10236
AAAAT	29083
AAACA	13049
AAACC	6015
AAACG	4810
AAACT	10648
AAAGA	8735
AAAGC	5278
AAAGG	7450
AAAGT	10318
AAATA	25343
AAATC	13688
AAATG	17342
AAATT	31412
AACAA	14910
AACAC	6944
AACAG	6059
AACAT	12047
AACCA	7126
AACCC	4507
AACCG	2235
AACCT	5178
AACGA	4561
AACGC	3208
AACGG	2669
AACGT	3689
AACTA	9205
AACTC	5487
AACTG	6822
AACTT	9969
AAGAA	9485
AAGAC	3686
AAGAG	4974
AAGAT	9518
AAGCA	6325
AAGCC	3401
AAGCG	2771
AAGCT	5064
AAGGA	6503
AAGGC	4189
AAGGG	5199
AAGGT	5487
AAGTA	8482
AAGTC	4466
AAGTG	7166
AAGTT	9967
AATAA	22235
AATAC	11249
AATAG	10064
AATAT	25781
AATCA	13859
AATCC	8058
AATCG	5749
AATCT	11273
AATGA	14376
AATGC	8529
AATGG	9615
AATGT	13701
AATTA	24052
AATTC	13530
AATTG	20149
AATTT	31724
ACAAA	15968
ACAAC	7646
ACAAG	6447
ACAAT	16196
ACACA	8216
ACACC	3995
ACACG	2535
ACACT	6999
ACAGA	5511
ACAGC	3990
ACAGG	3940
ACAGT	5609
ACATA	12062
ACATC	6871
ACATG	6567
ACATT	13726
ACCAA	9209
ACCAC	4435
ACCAG	4648
ACCAT	6903
ACCCA	5425
ACCCC	2812
ACCCG	1634
ACCCT	3962
ACCGA	2263
ACCGC	2062
ACCGG	1413
ACCGT	2203
ACCTA	5001
ACCTC	3048
ACCTG	3804
ACCTT	5539
ACGAA	4143
ACGAC	2333
ACGAG	2204
ACGAT	5005
ACGCA	3141
ACGCC	2467
ACGCG	1256
ACGCT	2782
ACGGA	2325
ACGGC	2020
ACGGG	1718
ACGGT	2255
ACGTA	3441
ACGTC	2077
ACGTG	2263
ACGTT	3735
ACTAA	9307
ACTAC	5107
ACTAG	5868
ACTAT	9960
ACTCA	6036
ACTCC	3736
ACTCG	2261
ACTCT	4695
ACTGA	5744
ACTGC	4562
ACTGG	5410
ACTGT	5723
ACTTA	7291
ACTTC	5212
ACTTG	7266
ACTTT	10212
AGAAA	10165
AGAAC	4023
AGAAG	6096
AGAAT	10686
AGACA	5631
AGACC	2684
AGACG	2321
AGACT	3768
AGAGA	4747
AGAGC	2708
AGAGG	3827
AGAGT	4732
AGATA	10130
AGATC	5026
AGATG	7261
AGATT	11242
AGCAA	7421
AGCAC	3818
AGCAG	4272
AGCAT	6521
AGCCA	4760
AGCCC	2616
AGCCG	1667
AGCCT	3465
AGCGA	3114
AGCGC	2205
AGCGG	2030
AGCGT	2581
AGCTA	4585
AGCTC	2947
AGCTG	4074
AGCTT	5100
AGGAA	6929
AGGAC	2296
AGGAG	4288
AGGAT	6178
AGGCA	5252
AGGCC	2784
AGGCG	2620
AGGCT	3335
AGGGA	4760
AGGGC	3123
AGGGG	3697
AGGGT	3878
AGGTA	5959
AGGTC	2518
AGGTG	3860
AGGTT	5124
AGTAA	8799
AGTAC	4639
AGTAG	4845
AGTAT	9733
AGTCA	5050
AGTCC	2648
AGTCG	1981
AGTCT	3873
AGTGA	7515
AGTGC	4517
AGTGG	5326
AGTGT	6968
AGTTA	8660
AGTTC	4485
AGTTG	7634
AGTTT	10665
ATAAA	21636
ATAAC	10719
ATAAG	7779
ATAAT	24127
ATACA	13709
ATACC	7128
ATACG	4253
ATACT	10181
ATAGA	9006
ATAGC	5960
ATAGG	5506
ATAGT	9505
ATATA	25308
ATATC	12932
ATATG	13023
ATATT	25665
ATCAA	15308
ATCAC	8043
ATCAG	6975
ATCAT	14076
ATCCA	10530
ATCCC	4879
ATCCG	3035
ATCCT	6335
ATCGA	4393
ATCGC	5011
ATCGG	2790
ATCGT	5048
ATCTA	10870
ATCTC	6161
ATCTG	7553
ATCTT	9507
ATGAA	13605
ATGAC	5618
ATGAG	5804
ATGAT	14047
ATGCA	8571
ATGCC	5711
ATGCG	3647
ATGCT	6297
ATGGA	8930
ATGGC	6175
ATGGG	5441
ATGGT	6717
ATGTA	12591
ATGTC	6247
ATGTG	8073
ATGTT	11822
ATTAA	19478
ATTAC	11085
ATTAG	10217
ATTAT	24130
ATTCA	14224
ATTCC	8271
ATTCG	5104
ATTCT	10550
ATTGA	14861
ATTGC	10174
ATTGG	11228
ATTGT	16206
ATTTA	24941
ATTTC	13711
ATTTG	20783
ATTTT	29187
CAAAA	17255
CAAAC	8366
CAAAG	7638
CAAAT	20744
CAACA	9539
CAACC	4455
CAACG	3515
CAACT	7699
CAAGA	5618
CAAGC	4125
CAAGG	4431
CAAGT	7112
CAATA	14469
CAATC	8474
CAATG	9803
CAATT	20532
CACAA	9811
CACAC	4268
CACAG	4300
CACAT	8192
CACCA	5984
CACCC	2793
CACCG	2067
CACCT	3830
CACGA	2541
CACGC	1970
CACGG	1855
CACGT	2391
CACTA	8044
CACTC	4342
CACTG	5493
CACTT	7042
CAGAA	6857
CAGAC	3076
CAGAG	3540
CAGAT	7431
CAGCA	5608
CAGCC	3261
CAGCG	2536
CAGCT	4076
CAGGA	3986
CAGGC	2955
CAGGG	3254
CAGGT	3833
CAGTA	6115
CAGTC	2926
CAGTG	5276
CAGTT	6754
CATAA	10855
CATAC	6355
CATAG	5780
CATAT	13334
CATCA	9906
CATCC	5504
CATCG	3700
CATCT	7464
CATGA	5531
CATGC	4186
CATGG	4766
CATGT	6559
CATTA	11970
CATTC	7323
CATTG	9774
CATTT	17486
CCAAA	12099
CCAAC	5298
CCAAG	4770
CCAAT	11463
CCACA	6074
CCACC	3782
CCACG	2161
CCACT	5509
CCAGA	4804
CCAGC	3638
CCAGG	3338
CCAGT	5196
CCATA	7397
CCATC	5501
CCATG	4731
CCATT	9852
CCCAA	5919
CCCAC	3215
CCCAG	3368
CCCAT	5428
CCCCA	3209
CCCCC	2664
CCCCG	1570
CCCCT	3681
CCCGA	1516
CCCGC	1615
CCCGG	1252
CCCGT	1884
CCCTA	4125
CCCTC	3067
CCCTG	3318
CCCTT	5223
CCGAA	2637
CCGAC	1209
CCGAG	1417
CCGAT	2813
CCGCA	2504
CCGCC	2227
CCGCG	1178
CCGCT	2081
CCGGA	1608
CCGGC	1219
CCGGG	1225
CCGGT	1457
CCGTA	2350
CCGTC	1683
CCGTG	1890
CCGTT	2590
CCTAA	5724
CCTAC	3221
CCTAG	3255
CCTAT	5632
CCTCA	4401
CCTCC	3994
CCTCG	1751
CCTCT	3853
CCTGA	3577
CCTGC	3166
CCTGG	3350
CCTGT	3958
CCTTA	4908
CCTTC	4771
CCTTG	4658
CCTTT	7481
CGAAA	4133
CGAAC	1943
CGAAG	2426
CGAAT	5116
CGACA	2769
CGACC	1276
CGACG	1281
CGACT	1928
CGAGA	1982
CGAGC	1357
CGAGG	1614
CGAGT	2291
CGATA	5196
CGATC	2611
CGATG	3576
CGATT	5743
CGCAA	4094
CGCAC	1929
CGCAG	2465
CGCAT	3652
CGCCA	3587
CGCCC	1945
CGCCG	1487
CGCCT	2589
CGCGA	1234
CGCGC	1137
CGCGG	1138
CGCGT	1308
CGCTA	2924
CGCTC	1692
CGCTG	2662
CGCTT	2859
CGGAA	2769
CGGAC	1009
CGGAG	1874
CGGAT	2965
CGGCA	2588
CGGCC	1558
CGGCG	1518
CGGCT	1460
CGGGA	1651
CGGGC	1308
CGGGG	1555
CGGGT	1605
CGGTA	2690
CGGTC	1109
CGGTG	2094
CGGTT	2309
CGTAA	3560
CGTAC	2059
CGTAG	2329
CGTAT	4294
CGTCA	3079
CGTCC	1776
CGTCG	1331
CGTCT	2432
CGTGA	2201
CGTGC	1901
CGTGG	2142
CGTGT	2431
CGTTA	3670
CGTTC	2269
CGTTG	3442
CGTTT	4716
CTAAA	10761
CTAAC	4783
CTAAG	3912
CTAAT	10415
CTACA	6531
CTACC	3508
CTACG	2176
CTACT	4976
CTAGA	5471
CTAGC	3362
CTAGG	3273
CTAGT	5926
CTATA	8822
CTATC	5731
CTATG	5869
CTATT	10191
CTCAA	7078
CTCAC	3055
CTCAG	3463
CTCAT	5993
CTCCA	5803
CTCCC	3053
CTCCG	1816
CTCCT	4405
CTCGA	1975
CTCGC	1612
CTCGG	1403
CTCGT	2317
CTCTA	4512
CTCTC	3040
CTCTG	3513
CTCTT	4994
CTGAA	6664
CTGAC	2566
CTGAG	3302
CTGAT	6815
CTGCA	5492
CTGCC	3647
CTGCG	2469
CTGCT	4515
CTGGA	5514
CTGGC	3684
CTGGG	3364
CTGGT	4642
CTGTA	5963
CTGTC	2930
CTGTG	4228
CTGTT	6138
CTTAA	6764
CTTAC	4204
CTTAG	3921
CTTAT	7980
CTTCA	7479
CTTCC	4942
CTTCG	2429
CTTCT	6070
CTTGA	6063
CTTGC	4178
CTTGG	4861
CTTGT	6636
CTTTA	8099
CTTTC	5694
CTTTG	7592
CTTTT	10266
GAAAA	12440
GAAAC	5861
GAAAG	5820
GAAAT	13245
GAACA	5519
GAACC	3079
GAACG	2206
GAACT	4481
GAAGA	7214
GAAGC	3762
GAAGG	4659
GAAGT	5162
GAATA	9850
GAATC	7348
GAATG	7390
GAATT	13430
GACAA	7373
GACAC	3547
GACAG	2910
GACAT	6120
GACCA	3417
GACCC	2263
GACCG	1052
GACCT	2539
GACGA	2862
GACGC	1777
GACGG	1534
GACGT	1962
GACTA	3566
GACTC	2461
GACTG	2904
GACTT	4258
GAGAA	5643
GAGAC	2525
GAGAG	2964
GAGAT	6112
GAGCA	3173
GAGCC	2120
GAGCG	1697
GAGCT	2917
GAGGA	4569
GAGGC	2939
GAGGG	2936
GAGGT	2983
GAGTA	4330
GAGTC	2448
GAGTG	4191
GAGTT	5554
GATAA	12621
GATAC	5991
GATAG	5571
GATAT	12713
GATCA	6145
GATCC	3822
GATCG	2501
GATCT	5038
GATGA	9271
GATGC	4581
GATGG	5481
GATGT	6582
GATTA	9267
GATTC	7332
GATTG	8492
GATTT	13882
GCAAA	10172
GCAAC	4576
GCAAG	4050
GCAAT	10203
GCACA	4805
GCACC	2647
GCACG	1807
GCACT	4658
GCAGA	4619
GCAGC	3683
GCAGG	3106
GCAGT	4382
GCATA	6953
GCATC	4667
GCATG	4157
GCATT	8626
GCCAA	7626
GCCAC	3898
GCCAG	3560
GCCAT	6050
GCCCA	4066
GCCCC	2181
GCCCG	1390
GCCCT	3294
GCCGA	1918
GCCGC	2026
GCCGG	1241
GCCGT	1981
GCCTA	4009
GCCTC	3032
GCCTG	3001
GCCTT	4396
GCGAA	2978
GCGAC	1626
GCGAG	1604
GCGAT	4995
GCGCA	2324
GCGCC	2139
GCGCG	1141
GCGCT	2242
GCGGA	2242
GCGGC	1997
GCGGG	1566
GCGGT	2226
GCGTA	2683
GCGTC	1845
GCGTG	1932
GCGTT	3218
GCTAA	5559
GCTAC	3088
GCTAG	3458
GCTAT	5801
GCTCA	3491
GCTCC	2432
GCTCG	1352
GCTCT	2716
GCTGA	4148
GCTGC	3759
GCTGG	3569
GCTGT	3996
GCTTA	4520
GCTTC	3725
GCTTG	4091
GCTTT	5215
GGAAA	8645
GGAAC	3475
GGAAG	4979
GGAAT	8267
GGACA	3547
GGACC	1849
GGACG	1697
GGACT	2611
GGAGA	4870
GGAGC	2347
GGAGG	3899
GGAGT	3632
GGATA	7338
GGATC	3882
GGATG	5375
GGATT	8175
GGCAA	7112
GGCAC	3732
GGCAG	3580
GGCAT	5705
GGCCA	4428
GGCCC	2423
GGCCG	1521
GGCCT	2940
GGCGA	2803
GGCGC	2179
GGCGG	2354
GGCGT	2506
GGCTA	3523
GGCTC	2021
GGCTG	3106
GGCTT	3337
GGGAA	4989
GGGAC	2135
GGGAG	2936
GGGAT	5044
GGGCA	3814
GGGCC	2414
GGGCG	1968
GGGCT	2525
GGGGA	3491
GGGGC	2170
GGGGG	2611
GGGGT	2796
GGGTA	4251
GGGTC	2149
GGGTG	2751
GGGTT	4214
GGTAA	7097
GGTAC	3750
GGTAG	3533
GGTAT	6869
GGTCA	3382
GGTCC	1953
GGTCG	1332
GGTCT	2694
GGTGA	4137
GGTGC	2517
GGTGG	3718
GGTGT	4017
GGTTA	5332
GGTTC	3017
GGTTG	4415
GGTTT	5975
GTAAA	11612
GTAAC	5334
GTAAG	4293
GTAAT	10885
GTACA	6634
GTACC	3739
GTACG	2110
GTACT	4644
GTAGA	5694
GTAGC	3234
GTAGG	3346
GTAGT	4988
GTATA	11134
GTATC	6020
GTATG	6375
GTATT	10995
GTCAA	7916
GTCAC	3607
GTCAG	2649
GTCAT	5687
GTCCA	4410
GTCCC	2156
GTCCG	1069
GTCCT	2354
GTCGA	2193
GTCGC	1656
GTCGG	1262
GTCGT	2303
GTCTA	5203
GTCTC	2528
GTCTG	3161
GTCTT	3812
GTGAA	6905
GTGAC	3531
GTGAG	3052
GTGAT	7757
GTGCA	4327
GTGCC	3703
GTGCG	1948
GTGCT	3786
GTGGA	5873
GTGGC	3941
GTGGG	2937
GTGGT	4318
GTGTA	6863
GTGTC	3632
GTGTG	4084
GTGTT	6761
GTTAA	8606
GTTAC	5370
GTTAG	4731
GTTAT	10632
GTTCA	5784
GTTCC	3387
GTTCG	1907
GTTCT	4008
GTTGA	7421
GTTGC	4649
GTTGG	5473
GTTGT	7434
GTTTA	9727
GTTTC	5943
GTTTG	7943
GTTTT	10788
TAAAA	20281
TAAAC	9640
TAAAG	8088
TAAAT	24718
TAACA	11852
TAACC	5496
TAACG	3597
TAACT	8652
TAAGA	6097
TAAGC	4395
TAAGG	4837
TAAGT	7489
TAATA	19664
TAATC	9436
TAATG	11688
TAATT	24086
TACAA	14166
TACAC	6987
TACAG	5781
TACAT	12867
TACCA	8668
TACCC	4273
TACCG	2587
TACCT	5846
TACGA	3722
TACGC	2693
TACGG	2259
TACGT	3473
TACTA	9433
TACTC	4438
TACTG	6222
TACTT	8712
TAGAA	8984
TAGAC	5117
TAGAG	4540
TAGAT	10601
TAGCA	6927
TAGCC	3726
TAGCG	2926
TAGCT	4649
TAGGA	4631
TAGGC	3908
TAGGG	4070
TAGGT	5158
TAGTA	9086
TAGTC	3711
TAGTG	7691
TAGTT	9170
TATAA	18543
TATAC	11679
TATAG	8560
TATAT	25100
TATCA	14492
TATCC	7394
TATCG	5292
TATCT	10313
TATGA	9896
TATGC	6933
TATGG	7403
TATGT	11886
TATTA	19620
TATTC	9965
TATTG	14052
TATTT	25541
TCAAA	15763
TCAAC	7688
TCAAG	6017
TCAAT	15422
TCACA	7472
TCACC	4253
TCACG	2255
TCACT	7754
TCAGA	5970
TCAGC	4172
TCAGG	3644
TCAGT	5886
TCATA	9913
TCATC	9540
TCATG	5588
TCATT	14349
TCCAA	10871
TCCAC	5978
TCCAG	5397
TCCAT	9097
TCCCA	5232
TCCCC	3461
TCCCG	1672
TCCCT	4790
TCCGA	2378
TCCGC	2288
TCCGG	1602
TCCGT	2442
TCCTA	4693
TCCTC	4850
TCCTG	3926
TCCTT	6661
TCGAA	3860
TCGAC	2086
TCGAG	2020
TCGAT	4311
TCGCA	4168
TCGCC	2777
TCGCG	1242
TCGCT	3029
TCGGA	2443
TCGGC	1888
TCGGG	1612
TCGGT	2262
TCGTA	3768
TCGTC	3013
TCGTG	2593
TCGTT	4554
TCTAA	9284
TCTAC	5774
TCTAG	5453
TCTAT	9220
TCTCA	5658
TCTCC	4914
TCTCG	1943
TCTCT	4793
TCTGA	5877
TCTGC	4638
TCTGG	4873
TCTGT	5582
TCTTA	6149
TCTTC	7213
TCTTG	5726
TCTTT	8739
TGAAA	14420
TGAAC	5846
TGAAG	7300
TGAAT	13947
TGACA	8005
TGACC	3462
TGACG	2840
TGACT	4882
TGAGA	5647
TGAGC	3495
TGAGG	4086
TGAGT	5868
TGATA	14234
TGATC	5988
TGATG	9702
TGATT	13808
TGCAA	10378
TGCAC	4442
TGCAG	5473
TGCAT	8525
TGCCA	8358
TGCCC	3947
TGCCG	2490
TGCCT	5442
TGCGA	4050
TGCGC	2324
TGCGG	2511
TGCGT	3282
TGCTA	6873
TGCTC	3331
TGCTG	5628
TGCTT	6256
TGGAA	10678
TGGAC	4264
TGGAG	5649
TGGAT	10580
TGGCA	8475
TGGCC	4555
TGGCG	3736
TGGCT	4670
TGGGA	5200
TGGGC	4120
TGGGG	3207
TGGGT	5086
TGGTA	8348
TGGTC	3581
TGGTG	5683
TGGTT	7093
TGTAA	12668
TGTAC	6677
TGTAG	6554
TGTAT	13625
TGTCA	8348
TGTCC	3612
TGTCG	2771
TGTCT	5702
TGTGA	7393
TGTGC	4829
TGTGG	5884
TGTGT	7921
TGTTA	11675
TGTTC	5312
TGTTG	9490
TGTTT	13038
TTAAA	18705
TTAAC	8761
TTAAG	6834
TTAAT	19444
TTACA	12928
TTACC	6999
TTACG	3607
TTACT	9006
TTAGA	9072
TTAGC	5671
TTAGG	5647
TTAGT	9236
TTATA	18619
TTATC	12814
TTATG	10851
TTATT	22340
TTCAA	14590
TTCAC	7031
TTCAG	6586
TTCAT	13626
TTCCA	10605
TTCCC	5067
TTCCG	2790
TTCCT	7038
TTCGA	3716
TTCGC	2937
TTCGG	2751
TTCGT	4260
TTCTA	9146
TTCTC	5579
TTCTG	6747
TTCTT	9510
TTGAA	14341
TTGAC	7471
TTGAG	6939
TTGAT	15111
TTGCA	10428
TTGCC	7175
TTGCG	4103
TTGCT	7490
TTGGA	10858
TTGGC	7639
TTGGG	5871
TTGGT	9029
TTGTA	14103
TTGTC	7625
TTGTG	9644
TTGTT	14796
TTTAA	18895
TTTAC	11883
TTTAG	10753
TTTAT	21888
TTTCA	14346
TTTCC	8898
TTTCG	4225
TTTCT	10353
TTTGA	15519
TTTGC	10192
TTTGG	11830
TTTGT	15889
TTTTA	20658
TTTTC	12474
TTTTG	17108
TTTTT	23594
