kmer	Cyanidioschyzon_merolae
AAAAA	20959
AAAAC	18138
AAAAG	19823
AAAAT	14591
AAACA	17886
AAACC	14785
AAACG	24145
AAACT	13972
AAAGA	16871
AAAGC	23365
AAAGG	12672
AAAGT	14995
AAATA	10094
AAATC	13555
AAATG	14687
AAATT	8935
AACAA	16523
AACAC	14968
AACAG	18706
AACAT	11935
AACCA	13567
AACCC	9575
AACCG	15701
AACCT	11704
AACGA	24123
AACGC	29354
AACGG	16536
AACGT	16924
AACTA	5501
AACTC	13839
AACTG	16280
AACTT	12288
AAGAA	18499
AAGAC	13097
AAGAG	16670
AAGAT	11806
AAGCA	23849
AAGCC	13899
AAGCG	31074
AAGCT	16344
AAGGA	13879
AAGGC	15464
AAGGG	7700
AAGGT	9800
AAGTA	8713
AAGTC	13538
AAGTG	12864
AAGTT	12307
AATAA	7319
AATAC	11032
AATAG	7577
AATAT	10022
AATCA	11473
AATCC	12588
AATCG	16397
AATCT	9394
AATGA	14212
AATGC	19270
AATGG	13294
AATGT	9771
AATTA	3612
AATTC	10937
AATTG	7574
AATTT	9083
ACAAA	15340
ACAAC	15272
ACAAG	17531
ACAAT	9570
ACACA	14411
ACACC	15715
ACACG	17223
ACACT	11137
ACAGA	17366
ACAGC	22910
ACAGG	14949
ACAGT	11356
ACATA	7939
ACATC	14275
ACATG	13801
ACATT	9731
ACCAA	13625
ACCAC	13863
ACCAG	22902
ACCAT	12683
ACCCA	11149
ACCCC	7935
ACCCG	14614
ACCCT	8732
ACCGA	17380
ACCGC	21073
ACCGG	15220
ACCGT	13487
ACCTA	5967
ACCTC	14325
ACCTG	18698
ACCTT	9744
ACGAA	22400
ACGAC	21217
ACGAG	25164
ACGAT	18726
ACGCA	26511
ACGCC	21528
ACGCG	24834
ACGCT	29700
ACGGA	18541
ACGGC	17875
ACGGG	13311
ACGGT	13198
ACGTA	11036
ACGTC	17692
ACGTG	15935
ACGTT	17217
ACTAA	2980
ACTAC	7002
ACTAG	6471
ACTAT	5637
ACTCA	9398
ACTCC	11519
ACTCG	22938
ACTCT	10814
ACTGA	13338
ACTGC	23045
ACTGG	20079
ACTGT	11335
ACTTA	3377
ACTTC	10721
ACTTG	18875
ACTTT	14890
AGAAA	20695
AGAAC	16426
AGAAG	18574
AGAAT	13981
AGACA	12997
AGACC	11976
AGACG	21507
AGACT	11881
AGAGA	16903
AGAGC	24322
AGAGG	15602
AGAGT	10601
AGATA	9738
AGATC	13019
AGATG	16374
AGATT	9196
AGCAA	20894
AGCAC	26252
AGCAG	32906
AGCAT	21317
AGCCA	14050
AGCCC	11000
AGCCG	18032
AGCCT	13816
AGCGA	29659
AGCGC	43777
AGCGG	25127
AGCGT	29456
AGCTA	7090
AGCTC	21521
AGCTG	23903
AGCTT	16538
AGGAA	15998
AGGAC	11265
AGGAG	16156
AGGAT	13932
AGGCA	18359
AGGCC	12168
AGGCG	22426
AGGCT	13746
AGGGA	10122
AGGGC	13239
AGGGG	5730
AGGGT	8488
AGGTA	10186
AGGTC	12895
AGGTG	14166
AGGTT	11800
AGTAA	5163
AGTAC	12159
AGTAG	8058
AGTAT	8817
AGTCA	10209
AGTCC	12029
AGTCG	18499
AGTCT	11844
AGTGA	11357
AGTGC	22383
AGTGG	12165
AGTGT	10956
AGTTA	4274
AGTTC	15952
AGTTG	13554
AGTTT	13840
ATAAA	9182
ATAAC	7205
ATAAG	5856
ATAAT	5961
ATACA	11865
ATACC	13279
ATACG	15110
ATACT	8854
ATAGA	10688
ATAGC	10576
ATAGG	6798
ATAGT	5787
ATATA	7414
ATATC	14039
ATATG	11324
ATATT	10161
ATCAA	14243
ATCAC	13391
ATCAG	14683
ATCAT	16509
ATCCA	19644
ATCCC	11768
ATCCG	18690
ATCCT	14087
ATCGA	27394
ATCGC	25130
ATCGG	15406
ATCGT	18551
ATCTA	7312
ATCTC	13886
ATCTG	15591
ATCTT	11807
ATGAA	20116
ATGAC	13282
ATGAG	14585
ATGAT	16233
ATGCA	26038
ATGCC	18503
ATGCG	25067
ATGCT	21204
ATGGA	21332
ATGGC	14769
ATGGG	9873
ATGGT	12732
ATGTA	9527
ATGTC	11820
ATGTG	12590
ATGTT	12192
ATTAA	3065
ATTAC	5196
ATTAG	3599
ATTAT	5751
ATTCA	14217
ATTCC	15196
ATTCG	20870
ATTCT	13684
ATTGA	10614
ATTGC	14464
ATTGG	9528
ATTGT	9687
ATTTA	5018
ATTTC	15115
ATTTG	12711
ATTTT	14628
CAAAA	18482
CAAAC	18281
CAAAG	18717
CAAAT	12638
CAACA	18594
CAACC	13900
CAACG	25244
CAACT	13681
CAAGA	16178
CAAGC	23850
CAAGG	15494
CAAGT	18691
CAATA	9164
CAATC	11575
CAATG	16022
CAATT	7681
CACAA	15133
CACAC	15686
CACAG	19577
CACAT	12628
CACCA	23330
CACCC	12531
CACCG	23916
CACCT	14106
CACGA	23348
CACGC	23627
CACGG	17054
CACGT	16034
CACTA	6732
CACTC	14375
CACTG	23097
CACTT	12869
CAGAA	21050
CAGAC	17991
CAGAG	23449
CAGAT	15490
CAGCA	37194
CAGCC	17845
CAGCG	45419
CAGCT	23798
CAGGA	19011
CAGGC	19935
CAGGG	15116
CAGGT	18804
CAGTA	11825
CAGTC	16295
CAGTG	23161
CAGTT	16141
CATAA	7303
CATAC	13427
CATAG	10006
CATAT	11199
CATCA	20482
CATCC	19992
CATCG	29097
CATCT	16479
CATGA	19030
CATGC	24727
CATGG	18378
CATGT	13997
CATTA	5699
CATTC	20031
CATTG	16013
CATTT	14780
CCAAA	15987
CCAAC	14413
CCAAG	16269
CCAAT	9678
CCACA	14340
CCACC	14014
CCACG	16451
CCACT	12023
CCAGA	22011
CCAGC	30763
CCAGG	19548
CCAGT	20071
CCATA	10720
CCATC	16438
CCATG	18447
CCATT	13389
CCCAA	9936
CCCAC	8227
CCCAG	19311
CCCAT	10094
CCCCA	9547
CCCCC	4900
CCCCG	12279
CCCCT	5936
CCCGA	16376
CCCGC	17644
CCCGG	12786
CCCGT	13326
CCCTA	4864
CCCTC	10089
CCCTG	15597
CCCTT	7804
CCGAA	18960
CCGAC	15642
CCGAG	21369
CCGAT	15445
CCGCA	24270
CCGCC	19966
CCGCG	21974
CCGCT	25353
CCGGA	15566
CCGGC	16366
CCGGG	13023
CCGGT	15220
CCGTA	11628
CCGTC	17689
CCGTG	16926
CCGTT	16793
CCTAA	3881
CCTAC	7372
CCTAG	6099
CCTAT	6780
CCTCA	13579
CCTCC	15496
CCTCG	22881
CCTCT	15978
CCTGA	14718
CCTGC	24385
CCTGG	19532
CCTGT	14801
CCTTA	4077
CCTTC	14796
CCTTG	15761
CCTTT	12667
CGAAA	26351
CGAAC	24814
CGAAG	23188
CGAAT	20530
CGACA	22117
CGACC	16675
CGACG	32138
CGACT	18875
CGAGA	23913
CGAGC	36469
CGAGG	22624
CGAGT	22843
CGATA	17548
CGATC	23500
CGATG	28848
CGATT	16622
CGCAA	24712
CGCAC	27515
CGCAG	32407
CGCAT	25414
CGCCA	25439
CGCCC	19487
CGCCG	26169
CGCCT	22899
CGCGA	27167
CGCGC	31540
CGCGG	21921
CGCGT	24675
CGCTA	13769
CGCTC	37842
CGCTG	46054
CGCTT	30926
CGGAA	21642
CGGAC	15561
CGGAG	20316
CGGAT	18280
CGGCA	25822
CGGCC	12882
CGGCG	25993
CGGCT	18248
CGGGA	16939
CGGGC	16618
CGGGG	12141
CGGGT	14721
CGGTA	14079
CGGTC	12984
CGGTG	23843
CGGTT	15621
CGTAA	9027
CGTAC	17817
CGTAG	12023
CGTAT	14966
CGTCA	20295
CGTCC	19586
CGTCG	31790
CGTCT	21525
CGTGA	17339
CGTGC	29159
CGTGG	16880
CGTGT	17191
CGTTA	8093
CGTTC	29166
CGTTG	25175
CGTTT	24176
CTAAA	5592
CTAAC	4258
CTAAG	3477
CTAAT	3636
CTACA	9410
CTACC	9571
CTACG	12077
CTACT	8213
CTAGA	8508
CTAGC	8838
CTAGG	6062
CTAGT	6573
CTATA	5826
CTATC	10390
CTATG	10050
CTATT	7668
CTCAA	13617
CTCAC	11861
CTCAG	15250
CTCAT	14756
CTCCA	22372
CTCCC	11930
CTCCG	20378
CTCCT	16551
CTCGA	31053
CTCGC	28412
CTCGG	21590
CTCGT	25013
CTCTA	10950
CTCTC	16939
CTCTG	23822
CTCTT	16995
CTGAA	20110
CTGAC	13854
CTGAG	15224
CTGAT	14793
CTGCA	34235
CTGCC	21234
CTGCG	32314
CTGCT	34235
CTGGA	29006
CTGGC	21423
CTGGG	19165
CTGGT	23360
CTGTA	12792
CTGTC	15279
CTGTG	19405
CTGTT	18860
CTTAA	3170
CTTAC	6077
CTTAG	3397
CTTAT	5669
CTTCA	19511
CTTCC	18340
CTTCG	23455
CTTCT	18821
CTTGA	17001
CTTGC	23805
CTTGG	16445
CTTGT	17856
CTTTA	7697
CTTTC	21712
CTTTG	18944
CTTTT	19952
GAAAA	25888
GAAAC	26744
GAAAG	21456
GAAAT	14904
GAACA	20630
GAACC	16210
GAACG	29435
GAACT	16058
GAAGA	22414
GAAGC	31545
GAAGG	14531
GAAGT	10537
GAATA	13218
GAATC	19741
GAATG	20000
GAATT	10844
GACAA	15743
GACAC	17134
GACAG	15601
GACAT	11656
GACCA	13580
GACCC	10967
GACCG	13185
GACCT	12851
GACGA	25578
GACGC	32886
GACGG	17567
GACGT	17974
GACTA	5820
GACTC	16890
GACTG	16417
GACTT	13762
GAGAA	20671
GAGAC	18899
GAGAG	16582
GAGAT	13718
GAGCA	30588
GAGCC	18183
GAGCG	37792
GAGCT	21624
GAGGA	18345
GAGGC	24178
GAGGG	9941
GAGGT	14553
GAGTA	9628
GAGTC	16661
GAGTG	14305
GAGTT	13645
GATAA	8979
GATAC	16361
GATAG	10654
GATAT	14140
GATCA	16905
GATCC	18499
GATCG	23478
GATCT	13107
GATGA	21798
GATGC	32845
GATGG	16480
GATGT	14302
GATTA	5000
GATTC	19913
GATTG	11483
GATTT	13430
GCAAA	21701
GCAAC	26679
GCAAG	23545
GCAAT	14512
GCACA	22647
GCACC	28953
GCACG	29172
GCACT	22445
GCAGA	24661
GCAGC	48989
GCAGG	24034
GCAGT	22780
GCATA	13889
GCATC	33007
GCATG	24862
GCATT	19129
GCCAA	15955
GCCAC	17150
GCCAG	21509
GCCAT	14792
GCCCA	14178
GCCCC	11315
GCCCG	16555
GCCCT	13396
GCCGA	19035
GCCGC	29395
GCCGG	16132
GCCGT	17872
GCCTA	7025
GCCTC	24754
GCCTG	20007
GCCTT	15529
GCGAA	26431
GCGAC	26620
GCGAG	28271
GCGAT	25089
GCGCA	33779
GCGCC	28161
GCGCG	31442
GCGCT	43752
GCGGA	23320
GCGGC	29572
GCGGG	17558
GCGGT	20924
GCGTA	16707
GCGTC	32279
GCGTG	23947
GCGTT	28743
GCTAA	4943
GCTAC	13335
GCTAG	8783
GCTAT	10630
GCTCA	20798
GCTCC	26838
GCTCG	36476
GCTCT	24700
GCTGA	21852
GCTGC	49769
GCTGG	31171
GCTGT	23121
GCTTA	6350
GCTTC	31956
GCTTG	23902
GCTTT	23436
GGAAA	22094
GGAAC	20382
GGAAG	17912
GGAAT	15027
GGACA	13744
GGACC	10574
GGACG	19783
GGACT	11937
GGAGA	17207
GGAGC	26619
GGAGG	15265
GGAGT	11499
GGATA	12949
GGATC	18434
GGATG	19933
GGATT	12504
GGCAA	18361
GGCAC	20722
GGCAG	21243
GGCAT	18204
GGCCA	11399
GGCCC	9056
GGCCG	12603
GGCCT	12248
GGCGA	24097
GGCGC	28244
GGCGG	19966
GGCGT	21118
GGCTA	7066
GGCTC	18334
GGCTG	17957
GGCTT	13903
GGGAA	14538
GGGAC	9876
GGGAG	11694
GGGAT	11718
GGGCA	15934
GGGCC	8968
GGGCG	19428
GGGCT	10875
GGGGA	8364
GGGGC	11244
GGGGG	4823
GGGGT	7814
GGGTA	9494
GGGTC	10912
GGGTG	12277
GGGTT	9488
GGTAA	7750
GGTAC	15739
GGTAG	9564
GGTAT	13354
GGTCA	10966
GGTCC	10664
GGTCG	16733
GGTCT	11990
GGTGA	15117
GGTGC	28770
GGTGG	13826
GGTGT	15758
GGTTA	5552
GGTTC	16295
GGTTG	14111
GGTTT	14584
GTAAA	9359
GTAAC	8077
GTAAG	5964
GTAAT	5185
GTACA	15336
GTACC	15832
GTACG	17815
GTACT	12206
GTAGA	11580
GTAGC	13354
GTAGG	7169
GTAGT	6893
GTATA	8361
GTATC	16852
GTATG	13098
GTATT	10913
GTCAA	12547
GTCAC	13455
GTCAG	13502
GTCAT	13155
GTCCA	19289
GTCCC	9844
GTCCG	15592
GTCCT	11285
GTCGA	25990
GTCGC	26768
GTCGG	15170
GTCGT	21134
GTCTA	8386
GTCTC	18712
GTCTG	17852
GTCTT	13427
GTGAA	16646
GTGAC	13530
GTGAG	11826
GTGAT	13488
GTGCA	28571
GTGCC	20336
GTGCG	27641
GTGCT	26436
GTGGA	17814
GTGGC	17641
GTGGG	8065
GTGGT	13488
GTGTA	10669
GTGTC	17034
GTGTG	15616
GTGTT	15146
GTTAA	3446
GTTAC	8084
GTTAG	4264
GTTAT	7255
GTTCA	20512
GTTCC	20261
GTTCG	24838
GTTCT	16686
GTTGA	15129
GTTGC	26876
GTTGG	14250
GTTGT	15676
GTTTA	7558
GTTTC	26567
GTTTG	18202
GTTTT	18277
TAAAA	8178
TAAAC	7629
TAAAG	7909
TAAAT	5143
TAACA	5026
TAACC	5650
TAACG	8121
TAACT	4197
TAAGA	4600
TAAGC	6400
TAAGG	4148
TAAGT	3196
TAATA	3476
TAATC	4982
TAATG	5833
TAATT	3745
TACAA	10315
TACAC	10693
TACAG	12701
TACAT	9527
TACCA	12596
TACCC	9352
TACCG	14358
TACCT	10078
TACGA	14449
TACGC	16709
TACGG	11765
TACGT	10946
TACTA	4037
TACTC	9559
TACTG	12006
TACTT	8943
TAGAA	9455
TAGAC	8377
TAGAG	10728
TAGAT	7319
TAGCA	9731
TAGCC	6968
TAGCG	13736
TAGCT	7294
TAGGA	6116
TAGGC	7126
TAGGG	4823
TAGGT	5892
TAGTA	4024
TAGTC	6080
TAGTG	6527
TAGTT	5527
TATAA	4605
TATAC	8279
TATAG	5610
TATAT	7581
TATCA	9971
TATCC	13101
TATCG	17516
TATCT	9609
TATGA	9178
TATGC	13967
TATGG	10558
TATGT	8059
TATTA	3303
TATTC	13082
TATTG	9231
TATTT	10180
TCAAA	15083
TCAAC	15046
TCAAG	16863
TCAAT	10679
TCACA	11626
TCACC	15204
TCACG	17221
TCACT	11465
TCAGA	13931
TCAGC	21592
TCAGG	14329
TCAGT	13215
TCATA	9392
TCATC	22331
TCATG	19029
TCATT	14271
TCCAA	16825
TCCAC	17588
TCCAG	28675
TCCAT	21428
TCCCA	12696
TCCCC	8505
TCCCG	16682
TCCCT	10287
TCCGA	18621
TCCGC	23445
TCCGG	16043
TCCGT	18352
TCCTA	6279
TCCTC	18766
TCCTG	19131
TCCTT	14224
TCGAA	27097
TCGAC	26323
TCGAG	31051
TCGAT	27260
TCGCA	25486
TCGCC	24343
TCGCG	27050
TCGCT	29786
TCGGA	18366
TCGGC	19126
TCGGG	16526
TCGGT	17188
TCGTA	14469
TCGTC	25543
TCGTG	23768
TCGTT	23859
TCTAA	5159
TCTAC	11565
TCTAG	8630
TCTAT	10889
TCTCA	11709
TCTCC	17376
TCTCG	23768
TCTCT	17222
TCTGA	14073
TCTGC	24824
TCTGG	22173
TCTGT	17081
TCTTA	4511
TCTTC	22659
TCTTG	16575
TCTTT	17313
TGAAA	19851
TGAAC	20714
TGAAG	19347
TGAAT	14279
TGACA	11278
TGACC	11355
TGACG	20577
TGACT	10196
TGAGA	11845
TGAGC	20776
TGAGG	13526
TGAGT	9300
TGATA	9906
TGATC	17034
TGATG	20271
TGATT	11511
TGCAA	22464
TGCAC	28736
TGCAG	33908
TGCAT	25958
TGCCA	18515
TGCCC	15899
TGCCG	25627
TGCCT	18348
TGCGA	25484
TGCGC	33579
TGCGG	24360
TGCGT	26428
TGCTA	9766
TGCTC	31115
TGCTG	38009
TGCTT	24292
TGGAA	23235
TGGAC	19337
TGGAG	22415
TGGAT	19891
TGGCA	18413
TGGCC	11286
TGGCG	25578
TGGCT	14391
TGGGA	12404
TGGGC	14099
TGGGG	9549
TGGGT	11152
TGGTA	12654
TGGTC	13562
TGGTG	23177
TGGTT	13630
TGTAA	6647
TGTAC	15478
TGTAG	9350
TGTAT	12095
TGTCA	11186
TGTCC	13727
TGTCG	22028
TGTCT	13020
TGTGA	11680
TGTGC	22669
TGTGG	14136
TGTGT	14567
TGTTA	5133
TGTTC	20878
TGTTG	19094
TGTTT	18006
TTAAA	4725
TTAAC	3451
TTAAG	3048
TTAAT	3256
TTACA	6620
TTACC	7701
TTACG	8863
TTACT	5280
TTAGA	5103
TTAGC	4957
TTAGG	3929
TTAGT	2899
TTATA	4473
TTATC	8911
TTATG	7287
TTATT	7054
TTCAA	17261
TTCAC	16814
TTCAG	19628
TTCAT	20606
TTCCA	23205
TTCCC	14627
TTCCG	21800
TTCCT	16487
TTCGA	27302
TTCGC	26353
TTCGG	19045
TTCGT	22947
TTCTA	9603
TTCTC	20532
TTCTG	20888
TTCTT	18823
TTGAA	17316
TTGAC	12732
TTGAG	13814
TTGAT	14200
TTGCA	22219
TTGCC	18313
TTGCG	24821
TTGCT	21304
TTGGA	16717
TTGGC	15846
TTGGG	10106
TTGGT	13442
TTGTA	10580
TTGTC	15825
TTGTG	15438
TTGTT	16912
TTTAA	4797
TTTAC	9108
TTTAG	5632
TTTAT	9054
TTTCA	20070
TTTCC	22324
TTTCG	26486
TTTCT	20646
TTTGA	15319
TTTGC	21510
TTTGG	15888
TTTGT	15536
TTTTA	8317
TTTTC	26134
TTTTG	18396
TTTTT	21696
