kmer	Euplotes_woodruffi
AAAAA	415974
AAAAC	200273
AAAAG	237541
AAAAT	503057
AAACA	164185
AAACC	88365
AAACG	62558
AAACT	196619
AAAGA	247296
AAAGC	168028
AAAGG	94431
AAAGT	193736
AAATA	437184
AAATC	238888
AAATG	188593
AAATT	405521
AACAA	175777
AACAC	66669
AACAG	99968
AACAT	107363
AACCA	89722
AACCC	45670
AACCG	31307
AACCT	61437
AACGA	88079
AACGC	33239
AACGG	29090
AACGT	35155
AACTA	113629
AACTC	121749
AACTG	108549
AACTT	181370
AAGAA	245473
AAGAC	122516
AAGAG	115248
AAGAT	180407
AAGCA	171204
AAGCC	67308
AAGCG	55158
AAGCT	152994
AAGGA	107348
AAGGC	63316
AAGGG	30860
AAGGT	64936
AAGTA	155512
AAGTC	130958
AAGTG	85362
AAGTT	181346
AATAA	378082
AATAC	142253
AATAG	121148
AATAT	311557
AATCA	219675
AATCC	80808
AATCG	103088
AATCT	164553
AATGA	170191
AATGC	102412
AATGG	68800
AATGT	105721
AATTA	277249
AATTC	159075
AATTG	153117
AATTT	407308
ACAAA	195278
ACAAC	92670
ACAAG	95837
ACAAT	112927
ACACA	56606
ACACC	31847
ACACG	25675
ACACT	63129
ACAGA	86225
ACAGC	83652
ACAGG	41966
ACAGT	71644
ACATA	72523
ACATC	91097
ACATG	49636
ACATT	105636
ACCAA	100784
ACCAC	38690
ACCAG	52980
ACCAT	57694
ACCCA	37804
ACCCC	27029
ACCCG	19545
ACCCT	25318
ACCGA	46934
ACCGC	22505
ACCGG	15110
ACCGT	22545
ACCTA	30993
ACCTC	59616
ACCTG	47285
ACCTT	65990
ACGAA	83103
ACGAC	56999
ACGAG	52897
ACGAT	76742
ACGCA	37699
ACGCC	17096
ACGCG	15233
ACGCT	31124
ACGGA	31453
ACGGC	23481
ACGGG	14507
ACGGT	22624
ACGTA	28631
ACGTC	31115
ACGTG	24006
ACGTT	35649
ACTAA	122633
ACTAC	64208
ACTAG	30545
ACTAT	97729
ACTCA	125299
ACTCC	55648
ACTCG	70277
ACTCT	84708
ACTGA	118188
ACTGC	82026
ACTGG	54192
ACTGT	71701
ACTTA	117413
ACTTC	126134
ACTTG	118220
ACTTT	196821
AGAAA	206492
AGAAC	86580
AGAAG	133139
AGAAT	141836
AGACA	87817
AGACC	53193
AGACG	48098
AGACT	113526
AGAGA	103986
AGAGC	68700
AGAGG	55058
AGAGT	83693
AGATA	125710
AGATC	102639
AGATG	92747
AGATT	165477
AGCAA	171302
AGCAC	58869
AGCAG	110085
AGCAT	98394
AGCCA	68372
AGCCC	25594
AGCCG	33373
AGCCT	60568
AGCGA	73665
AGCGC	25197
AGCGG	28691
AGCGT	31386
AGCTA	80098
AGCTC	90594
AGCTG	109820
AGCTT	155168
AGGAA	103645
AGGAC	42732
AGGAG	63931
AGGAT	74546
AGGCA	58044
AGGCC	26364
AGGCG	26883
AGGCT	60522
AGGGA	31601
AGGGC	18984
AGGGG	17278
AGGGT	25336
AGGTA	62525
AGGTC	44840
AGGTG	35217
AGGTT	62235
AGTAA	147735
AGTAC	73123
AGTAG	47661
AGTAT	122935
AGTCA	117588
AGTCC	52880
AGTCG	75513
AGTCT	115095
AGTGA	98523
AGTGC	51246
AGTGG	40515
AGTGT	64314
AGTTA	108007
AGTTC	110771
AGTTG	112236
AGTTT	200674
ATAAA	374666
ATAAC	95656
ATAAG	112135
ATAAT	247609
ATACA	106802
ATACC	48407
ATACG	44718
ATACT	123771
ATAGA	96700
ATAGC	71340
ATAGG	34760
ATAGT	98356
ATATA	175606
ATATC	146585
ATATG	104844
ATATT	313909
ATCAA	258663
ATCAC	87871
ATCAG	126801
ATCAT	155115
ATCCA	87661
ATCCC	29893
ATCCG	33639
ATCCT	75192
ATCGA	150363
ATCGC	53157
ATCGG	46989
ATCGT	77629
ATCTA	95208
ATCTC	105936
ATCTG	106547
ATCTT	183535
ATGAA	183970
ATGAC	71535
ATGAG	79619
ATGAT	154894
ATGCA	103334
ATGCC	37164
ATGCG	36147
ATGCT	99698
ATGGA	76821
ATGGC	40089
ATGGG	27867
ATGGT	59042
ATGTA	88649
ATGTC	68966
ATGTG	56450
ATGTT	109694
ATTAA	273283
ATTAC	104638
ATTAG	104290
ATTAT	250682
ATTCA	189617
ATTCC	70413
ATTCG	88306
ATTCT	145008
ATTGA	193591
ATTGC	98678
ATTGG	71137
ATTGT	115361
ATTTA	354467
ATTTC	190478
ATTTG	231546
ATTTT	512731
CAAAA	301375
CAAAC	104373
CAAAG	166492
CAAAT	227779
CAACA	114173
CAACC	58425
CAACG	50270
CAACT	111341
CAAGA	138560
CAAGC	100321
CAAGG	54693
CAAGT	116795
CAATA	148917
CAATC	103928
CAATG	68809
CAATT	153201
CACAA	88508
CACAC	34531
CACAG	54920
CACAT	55334
CACCA	50717
CACCC	19117
CACCG	25692
CACCT	34658
CACGA	45681
CACGC	19066
CACGG	16167
CACGT	23944
CACTA	56715
CACTC	52706
CACTG	56831
CACTT	85590
CAGAA	115162
CAGAC	66700
CAGAG	78950
CAGAT	105585
CAGCA	116938
CAGCC	52772
CAGCG	47866
CAGCT	110571
CAGGA	62834
CAGGC	42366
CAGGG	22502
CAGGT	47551
CAGTA	78306
CAGTC	81167
CAGTG	56705
CAGTT	110205
CATAA	102761
CATAC	45172
CATAG	39765
CATAT	105038
CATCA	134420
CATCC	43863
CATCG	78822
CATCT	93699
CATGA	72585
CATGC	44880
CATGG	30215
CATGT	50812
CATTA	101446
CATTC	89034
CATTG	70064
CATTT	192083
CCAAA	136759
CCAAC	49976
CCAAG	63740
CCAAT	69870
CCACA	44846
CCACC	27482
CCACG	19029
CCACT	39441
CCAGA	60262
CCAGC	49016
CCAGG	24804
CCAGT	53539
CCATA	43421
CCATC	59781
CCATG	29996
CCATT	69689
CCCAA	49279
CCCAC	20570
CCCAG	29375
CCCAT	27615
CCCCA	30895
CCCCC	8942
CCCCG	13247
CCCCT	17006
CCCGA	25288
CCCGC	14396
CCCGG	8629
CCCGT	14367
CCCTA	12677
CCCTC	26558
CCCTG	22913
CCCTT	31302
CCGAA	49921
CCGAC	32088
CCGAG	34680
CCGAT	47240
CCGCA	26149
CCGCC	17967
CCGCG	11724
CCGCT	28851
CCGGA	16752
CCGGC	15361
CCGGG	8805
CCGGT	15374
CCGTA	20506
CCGTC	25877
CCGTG	16664
CCGTT	29255
CCTAA	42206
CCTAC	16968
CCTAG	9833
CCTAT	35451
CCTCA	69448
CCTCC	40874
CCTCG	41534
CCTCT	56664
CCTGA	61612
CCTGC	46195
CCTGG	25978
CCTGT	43008
CCTTA	43235
CCTTC	75888
CCTTG	55416
CCTTT	98746
CGAAA	95026
CGAAC	48520
CGAAG	95420
CGAAT	87665
CGACA	59937
CGACC	34201
CGACG	40745
CGACT	75441
CGAGA	68846
CGAGC	49256
CGAGG	41707
CGAGT	70713
CGATA	83265
CGATC	62772
CGATG	79148
CGATT	104450
CGCAA	49534
CGCAC	18150
CGCAG	44010
CGCAT	35718
CGCCA	23293
CGCCC	11248
CGCCG	18767
CGCCT	27588
CGCGA	24025
CGCGC	11549
CGCGG	11852
CGCGT	15148
CGCTA	27654
CGCTC	28046
CGCTG	48704
CGCTT	56558
CGGAA	35643
CGGAC	21152
CGGAG	34261
CGGAT	33961
CGGCA	30921
CGGCC	17712
CGGCG	18880
CGGCT	34167
CGGGA	16751
CGGGC	13256
CGGGG	13691
CGGGT	19896
CGGTA	25260
CGGTC	24993
CGGTG	26533
CGGTT	32117
CGTAA	39249
CGTAC	25211
CGTAG	24278
CGTAT	45297
CGTCA	49034
CGTCC	20036
CGTCG	40862
CGTCT	49919
CGTGA	36128
CGTGC	24651
CGTGG	19842
CGTGT	26162
CGTTA	37196
CGTTC	37199
CGTTG	51532
CGTTT	64159
CTAAA	179460
CTAAC	37414
CTAAG	49899
CTAAT	103747
CTACA	52079
CTACC	29898
CTACG	24106
CTACT	47912
CTAGA	29834
CTAGC	21761
CTAGG	9873
CTAGT	30596
CTATA	76236
CTATC	64280
CTATG	40329
CTATT	122662
CTCAA	156863
CTCAC	56071
CTCAG	90311
CTCAT	80578
CTCCA	82237
CTCCC	20916
CTCCG	34708
CTCCT	65718
CTCGA	101324
CTCGC	41504
CTCGG	34601
CTCGT	54319
CTCTA	55816
CTCTC	63462
CTCTG	80952
CTCTT	120286
CTGAA	141017
CTGAC	65222
CTGAG	90243
CTGAT	127674
CTGCA	104286
CTGCC	40058
CTGCG	44882
CTGCT	112633
CTGGA	68268
CTGGC	40875
CTGGG	30348
CTGGT	55188
CTGTA	68081
CTGTC	61591
CTGTG	55866
CTGTT	103273
CTTAA	125577
CTTAC	65643
CTTAG	50969
CTTAT	114884
CTTCA	175682
CTTCC	62704
CTTCG	97508
CTTCT	137491
CTTGA	158266
CTTGC	96445
CTTGG	65216
CTTGT	98632
CTTTA	177291
CTTTC	131042
CTTTG	172122
CTTTT	248688
GAAAA	209784
GAAAC	74702
GAAAG	125725
GAAAT	185939
GAACA	84693
GAACC	41079
GAACG	36351
GAACT	110009
GAAGA	176354
GAAGC	86547
GAAGG	74365
GAAGT	125765
GAATA	143606
GAATC	97539
GAATG	88237
GAATT	159554
GACAA	101163
GACAC	35082
GACAG	60851
GACAT	68224
GACCA	54444
GACCC	24389
GACCG	24865
GACCT	44935
GACGA	73855
GACGC	26631
GACGG	25915
GACGT	31849
GACTA	64351
GACTC	83150
GACTG	81644
GACTT	133198
GAGAA	115449
GAGAC	67430
GAGAG	61943
GAGAT	105115
GAGCA	79168
GAGCC	37671
GAGCG	28088
GAGCT	90805
GAGGA	79668
GAGGC	40966
GAGGG	26899
GAGGT	61323
GAGTA	77027
GAGTC	83602
GAGTG	53923
GAGTT	124094
GATAA	153300
GATAC	63694
GATAG	63950
GATAT	146912
GATCA	110217
GATCC	46699
GATCG	62300
GATCT	104332
GATGA	131576
GATGC	67130
GATGG	60972
GATGT	93057
GATTA	128651
GATTC	99614
GATTG	105009
GATTT	243690
GCAAA	161040
GCAAC	61305
GCAAG	94601
GCAAT	97722
GCACA	47925
GCACC	24793
GCACG	24005
GCACT	51230
GCAGA	93516
GCAGC	77348
GCAGG	46554
GCAGT	81897
GCATA	60919
GCATC	66681
GCATG	44927
GCATT	103354
GCCAA	62817
GCCAC	22469
GCCAG	38712
GCCAT	39920
GCCCA	24669
GCCCC	12432
GCCCG	13132
GCCCT	19373
GCCGA	42196
GCCGC	20702
GCCGG	15799
GCCGT	23467
GCCTA	25378
GCCTC	41219
GCCTG	42457
GCCTT	65179
GCGAA	57321
GCGAC	34645
GCGAG	41453
GCGAT	53681
GCGCA	25122
GCGCC	14873
GCGCG	11571
GCGCT	25963
GCGGA	27116
GCGGC	21043
GCGGG	14711
GCGGT	22932
GCGTA	22311
GCGTC	26793
GCGTG	19737
GCGTT	34094
GCTAA	86272
GCTAC	30210
GCTAG	21645
GCTAT	71617
GCTCA	81270
GCTCC	36085
GCTCG	49974
GCTCT	70814
GCTGA	116815
GCTGC	78388
GCTGG	51275
GCTGT	85994
GCTTA	92987
GCTTC	87861
GCTTG	101969
GCTTT	174924
GGAAA	86336
GGAAC	39050
GGAAG	61289
GGAAT	70022
GGACA	37781
GGACC	18726
GGACG	20470
GGACT	53952
GGAGA	69660
GGAGC	36073
GGAGG	41691
GGAGT	56159
GGATA	54358
GGATC	46827
GGATG	44823
GGATT	82180
GGCAA	58273
GGCAC	21153
GGCAG	39964
GGCAT	37134
GGCCA	26549
GGCCC	11889
GGCCG	18241
GGCCT	26658
GGCGA	30815
GGCGC	15069
GGCGG	18501
GGCGT	17410
GGCTA	30458
GGCTC	38306
GGCTG	53383
GGCTT	69492
GGGAA	32570
GGGAC	19989
GGGAG	21591
GGGAT	30039
GGGCA	21183
GGGCC	11936
GGGCG	11802
GGGCT	26106
GGGGA	21924
GGGGC	13267
GGGGG	9754
GGGGT	27310
GGGTA	20607
GGGTC	24249
GGGTG	19982
GGGTT	46636
GGTAA	56945
GGTAC	27997
GGTAG	30425
GGTAT	49023
GGTCA	42661
GGTCC	18591
GGTCG	34595
GGTCT	54948
GGTGA	46637
GGTGC	25601
GGTGG	29496
GGTGT	33360
GGTTA	41112
GGTTC	42146
GGTTG	60291
GGTTT	91361
GTAAA	152012
GTAAC	36521
GTAAG	65001
GTAAT	104823
GTACA	54826
GTACC	27800
GTACG	25137
GTACT	74535
GTAGA	42196
GTAGC	30273
GTAGG	16507
GTAGT	66491
GTATA	72151
GTATC	64223
GTATG	45617
GTATT	144057
GTCAA	114971
GTCAC	37947
GTCAG	64862
GTCAT	72372
GTCCA	45970
GTCCC	19837
GTCCG	20826
GTCCT	43339
GTCGA	86328
GTCGC	35123
GTCGG	32326
GTCGT	58376
GTCTA	46146
GTCTC	68823
GTCTG	68100
GTCTT	127144
GTGAA	85639
GTGAC	38140
GTGAG	57180
GTGAT	89934
GTGCA	50562
GTGCC	21254
GTGCG	18421
GTGCT	60354
GTGGA	50768
GTGGC	23358
GTGGG	21454
GTGGT	41047
GTGTA	41397
GTGTC	36005
GTGTG	36062
GTGTT	68816
GTTAA	102010
GTTAC	37502
GTTAG	38098
GTTAT	98270
GTTCA	98089
GTTCC	39131
GTTCG	49313
GTTCT	89957
GTTGA	131937
GTTGC	62584
GTTGG	51117
GTTGT	95978
GTTTA	134596
GTTTC	77182
GTTTG	107908
GTTTT	207136
TAAAA	429766
TAAAC	132439
TAAAG	173676
TAAAT	353411
TAACA	86699
TAACC	40354
TAACG	36349
TAACT	107405
TAAGA	101377
TAAGC	91768
TAAGG	42964
TAAGT	116892
TAATA	223338
TAATC	127824
TAATG	101459
TAATT	278507
TACAA	131254
TACAC	41030
TACAG	67768
TACAT	87967
TACCA	55278
TACCC	20578
TACCG	25227
TACCT	62908
TACGA	62129
TACGC	22212
TACGG	20887
TACGT	28448
TACTA	80492
TACTC	78408
TACTG	79058
TACTT	158424
TAGAA	91941
TAGAC	46006
TAGAG	55279
TAGAT	95496
TAGCA	71291
TAGCC	30185
TAGCG	27807
TAGCT	81327
TAGGA	34994
TAGGC	25167
TAGGG	12949
TAGGT	30978
TAGTA	80618
TAGTC	65387
TAGTG	58426
TAGTT	116083
TATAA	195859
TATAC	72601
TATAG	76293
TATAT	177467
TATCA	164121
TATCC	55057
TATCG	83884
TATCT	128685
TATGA	115593
TATGC	61905
TATGG	43834
TATGT	74179
TATTA	225543
TATTC	145703
TATTG	150563
TATTT	446189
TCAAA	306871
TCAAC	130291
TCAAG	156184
TCAAT	194369
TCACA	83968
TCACC	46089
TCACG	36163
TCACT	98209
TCAGA	126419
TCAGC	118147
TCAGG	61935
TCAGT	119325
TCATA	115904
TCATC	133289
TCATG	73951
TCATT	173990
TCCAA	107377
TCCAC	49090
TCCAG	66554
TCCAT	77695
TCCCA	33370
TCCCC	21645
TCCCG	16789
TCCCT	31749
TCCGA	49483
TCCGC	27109
TCCGG	16760
TCCGT	31913
TCCTA	35397
TCCTC	81207
TCCTG	64135
TCCTT	110835
TCGAA	136247
TCGAC	86633
TCGAG	101468
TCGAT	152014
TCGCA	58442
TCGCC	30992
TCGCG	24047
TCGCT	75046
TCGGA	49694
TCGGC	41773
TCGGG	25560
TCGGT	47947
TCGTA	62570
TCGTC	76082
TCGTG	46381
TCGTT	91103
TCTAA	119438
TCTAC	42706
TCTAG	30040
TCTAT	98718
TCTCA	107911
TCTCC	71052
TCTCG	69957
TCTCT	108343
TCTGA	127529
TCTGC	95268
TCTGG	63236
TCTGT	88080
TCTTA	103453
TCTTC	183607
TCTTG	142946
TCTTT	258669
TGAAA	208225
TGAAC	97973
TGAAG	173178
TGAAT	189347
TGACA	79747
TGACC	42493
TGACG	48899
TGACT	119429
TGAGA	107372
TGAGC	81670
TGAGG	70337
TGAGT	127947
TGATA	164569
TGATC	111286
TGATG	135975
TGATT	224791
TGCAA	135595
TGCAC	49783
TGCAG	105250
TGCAT	104640
TGCCA	45670
TGCCC	20903
TGCCG	31771
TGCCT	59406
TGCGA	58593
TGCGC	25707
TGCGG	26750
TGCGT	38980
TGCTA	71561
TGCTC	81206
TGCTG	120590
TGCTT	176519
TGGAA	84813
TGGAC	47039
TGGAG	83701
TGGAT	89632
TGGCA	46368
TGGCC	27343
TGGCG	24212
TGGCT	70795
TGGGA	33890
TGGGC	25519
TGGGG	31590
TGGGT	38892
TGGTA	55976
TGGTC	56691
TGGTG	53342
TGGTT	93891
TGTAA	114430
TGTAC	55977
TGTAG	53010
TGTAT	108751
TGTCA	80831
TGTCC	38481
TGTCG	61143
TGTCT	90255
TGTGA	85298
TGTGC	49051
TGTGG	46743
TGTGT	58361
TGTTA	89552
TGTTC	86377
TGTTG	117521
TGTTT	170556
TTAAA	383122
TTAAC	101215
TTAAG	125989
TTAAT	274962
TTACA	114263
TTACC	57886
TTACG	39724
TTACT	150137
TTAGA	119949
TTAGC	87182
TTAGG	42947
TTAGT	124980
TTATA	198237
TTATC	156613
TTATG	104688
TTATT	387367
TTCAA	257157
TTCAC	86553
TTCAG	143860
TTCAT	189105
TTCCA	84881
TTCCC	32938
TTCCG	36099
TTCCT	107370
TTCGA	138341
TTCGC	58730
TTCGG	51047
TTCGT	85830
TTCTA	93703
TTCTC	119106
TTCTG	118520
TTCTT	257818
TTGAA	258069
TTGAC	115666
TTGAG	160200
TTGAT	264075
TTGCA	137110
TTGCC	59283
TTGCG	50561
TTGCT	177262
TTGGA	109340
TTGGC	64420
TTGGG	50376
TTGGT	104643
TTGTA	134043
TTGTC	104175
TTGTG	91038
TTGTT	182243
TTTAA	384459
TTTAC	154197
TTTAG	181714
TTTAT	383079
TTTCA	213254
TTTCC	89066
TTTCG	98850
TTTCT	216701
TTTGA	314173
TTTGC	166520
TTTGG	141492
TTTGT	201530
TTTTA	437102
TTTTC	219201
TTTTG	312185
TTTTT	428649
