kmer	Isochrysis_galbana
AAAAA	129483
AAAAC	72484
AAAAG	80523
AAAAT	68506
AAACA	75578
AAACC	57890
AAACG	63228
AAACT	55172
AAAGA	87744
AAAGC	77945
AAAGG	87137
AAAGT	58841
AAATA	56499
AAATC	57252
AAATG	61391
AAATT	54102
AACAA	82287
AACAC	71460
AACAG	58231
AACAT	57365
AACCA	62662
AACCC	71699
AACCG	50287
AACCT	59325
AACGA	84385
AACGC	77614
AACGG	68500
AACGT	46965
AACTA	40552
AACTC	66939
AACTG	43720
AACTT	59547
AAGAA	108435
AAGAC	76835
AAGAG	134542
AAGAT	70510
AAGCA	89224
AAGCC	94159
AAGCG	102882
AAGCT	84492
AAGGA	99482
AAGGC	115178
AAGGG	123776
AAGGT	68502
AAGTA	51026
AAGTC	61455
AAGTG	71541
AAGTT	59869
AATAA	40404
AATAC	44965
AATAG	42816
AATAT	48078
AATCA	54261
AATCC	49981
AATCG	60952
AATCT	56385
AATGA	59793
AATGC	68216
AATGG	75725
AATGT	51724
AATTA	27718
AATTC	49355
AATTG	48679
AATTT	53845
ACAAA	76929
ACAAC	84073
ACAAG	95542
ACAAT	55378
ACACA	92711
ACACC	95394
ACACG	82725
ACACT	61107
ACAGA	59130
ACAGC	88520
ACAGG	71657
ACAGT	41474
ACATA	46298
ACATC	79391
ACATG	78305
ACATT	51941
ACCAA	79113
ACCAC	97264
ACCAG	63214
ACCAT	70167
ACCCA	84700
ACCCC	111898
ACCCG	67572
ACCCT	78036
ACCGA	74334
ACCGC	110818
ACCGG	72181
ACCGT	57274
ACCTA	46034
ACCTC	104522
ACCTG	78567
ACCTT	68736
ACGAA	76959
ACGAC	95849
ACGAG	138124
ACGAT	62994
ACGCA	91398
ACGCC	123199
ACGCG	121064
ACGCT	79542
ACGGA	77265
ACGGC	123937
ACGGG	84129
ACGGT	57136
ACGTA	41892
ACGTC	73957
ACGTG	79086
ACGTT	47380
ACTAA	33625
ACTAC	57550
ACTAG	45491
ACTAT	39684
ACTCA	70703
ACTCC	91276
ACTCG	97422
ACTCT	75970
ACTGA	48422
ACTGC	77611
ACTGG	57400
ACTGT	41015
ACTTA	31217
ACTTC	74380
ACTTG	78644
ACTTT	58816
AGAAA	89691
AGAAC	65441
AGAAG	150972
AGAAT	58439
AGACA	69823
AGACC	66343
AGACG	96282
AGACT	52851
AGAGA	327188
AGAGC	137672
AGAGG	198718
AGAGT	76219
AGATA	48158
AGATC	62238
AGATG	98245
AGATT	55846
AGCAA	96504
AGCAC	108788
AGCAG	123031
AGCAT	76046
AGCCA	108990
AGCCC	120909
AGCCG	122338
AGCCT	93944
AGCGA	124909
AGCGC	171363
AGCGG	131337
AGCGT	80135
AGCTA	54930
AGCTC	133888
AGCTG	115103
AGCTT	84795
AGGAA	92174
AGGAC	76221
AGGAG	191333
AGGAT	67796
AGGCA	110143
AGGCC	122315
AGGCG	169374
AGGCT	93211
AGGGA	144457
AGGGC	142480
AGGGG	191561
AGGGT	77844
AGGTA	50570
AGGTC	68123
AGGTG	121642
AGGTT	57967
AGTAA	33139
AGTAC	50355
AGTAG	71461
AGTAT	41192
AGTCA	48529
AGTCC	60318
AGTCG	84744
AGTCT	52123
AGTGA	68747
AGTGC	94284
AGTGG	102886
AGTGT	61594
AGTTA	25926
AGTTC	50167
AGTTG	79434
AGTTT	54869
ATAAA	41711
ATAAC	29194
ATAAG	35254
ATAAT	34004
ATACA	47872
ATACC	42771
ATACG	41595
ATACT	41832
ATAGA	45322
ATAGC	48446
ATAGG	44367
ATAGT	39738
ATATA	36452
ATATC	48770
ATATG	49749
ATATT	48026
ATCAA	68759
ATCAC	70965
ATCAG	58521
ATCAT	62434
ATCCA	69298
ATCCC	67990
ATCCG	64882
ATCCT	66868
ATCGA	88285
ATCGC	112116
ATCGG	77123
ATCGT	62490
ATCTA	41239
ATCTC	91301
ATCTG	59388
ATCTT	70535
ATGAA	68652
ATGAC	62813
ATGAG	90532
ATGAT	61834
ATGCA	86153
ATGCC	98541
ATGCG	100835
ATGCT	76207
ATGGA	91127
ATGGC	129249
ATGGG	109271
ATGGT	70214
ATGTA	47158
ATGTC	66655
ATGTG	84819
ATGTT	57029
ATTAA	25828
ATTAC	26385
ATTAG	27450
ATTAT	34260
ATTCA	53110
ATTCC	57599
ATTCG	67799
ATTCT	58193
ATTGA	60986
ATTGC	70624
ATTGG	65520
ATTGT	55280
ATTTA	26481
ATTTC	61121
ATTTG	72047
ATTTT	68698
CAAAA	88476
CAAAC	79969
CAAAG	95580
CAAAT	72117
CAACA	97931
CAACC	93683
CAACG	96351
CAACT	78488
CAAGA	108905
CAAGC	135492
CAAGG	126720
CAAGT	79007
CAATA	43938
CAATC	74727
CAATG	85044
CAATT	49014
CACAA	94187
CACAC	129985
CACAG	88950
CACAT	84886
CACCA	120555
CACCC	139452
CACCG	130084
CACCT	120087
CACGA	102051
CACGC	157844
CACGG	101242
CACGT	79183
CACTA	54243
CACTC	121722
CACTG	79580
CACTT	71209
CAGAA	64521
CAGAC	68323
CAGAG	105695
CAGAT	59467
CAGCA	123759
CAGCC	146812
CAGCG	138577
CAGCT	114911
CAGGA	82139
CAGGC	121611
CAGGG	99136
CAGGT	78082
CAGTA	38535
CAGTC	62742
CAGTG	79875
CAGTT	43473
CATAA	33545
CATAC	51596
CATAG	49827
CATAT	49949
CATCA	105222
CATCC	107235
CATCG	138554
CATCT	97173
CATGA	78734
CATGC	128342
CATGG	125875
CATGT	77927
CATTA	29935
CATTC	78701
CATTG	85381
CATTT	61262
CCAAA	95202
CCAAC	100705
CCAAG	118981
CCAAT	65124
CCACA	110067
CCACC	173196
CCACG	120074
CCACT	102404
CCAGA	72265
CCAGC	133661
CCAGG	93779
CCAGT	56997
CCATA	50797
CCATC	146238
CCATG	125538
CCATT	75655
CCCAA	101802
CCCAC	144122
CCCAG	96224
CCCAT	109073
CCCCA	137097
CCCCC	451031
CCCCG	135548
CCCCT	191261
CCCGA	91207
CCCGC	167146
CCCGG	88676
CCCGT	83255
CCCTA	63580
CCCTC	267018
CCCTG	99721
CCCTT	124468
CCGAA	74301
CCGAC	110000
CCGAG	132116
CCGAT	77278
CCGCA	121795
CCGCC	260807
CCGCG	177347
CCGCT	129945
CCGGA	78953
CCGGC	137072
CCGGG	88164
CCGGT	72306
CCGTA	42177
CCGTC	128685
CCGTG	100804
CCGTT	67556
CCTAA	37102
CCTAC	66128
CCTAG	60774
CCTAT	43865
CCTCA	118843
CCTCC	256614
CCTCG	198795
CCTCT	196345
CCTGA	71420
CCTGC	144270
CCTGG	93773
CCTGT	71800
CCTTA	38552
CCTTC	152520
CCTTG	128010
CCTTT	87170
CGAAA	83117
CGAAC	74222
CGAAG	112835
CGAAT	67917
CGACA	101639
CGACC	106965
CGACG	169423
CGACT	84278
CGAGA	151373
CGAGC	196258
CGAGG	199926
CGAGT	97412
CGATA	48851
CGATC	91073
CGATG	138665
CGATT	60734
CGCAA	107181
CGCAC	151474
CGCAG	135497
CGCAT	100863
CGCCA	175007
CGCCC	206415
CGCCG	255463
CGCCT	166859
CGCGA	154058
CGCGC	300941
CGCGG	179288
CGCGT	120602
CGCTA	62556
CGCTC	201262
CGCTG	137641
CGCTT	102060
CGGAA	76458
CGGAC	83400
CGGAG	148973
CGGAT	64947
CGGCA	139742
CGGCC	169443
CGGCG	263154
CGGCT	122750
CGGGA	87121
CGGGC	140252
CGGGG	136194
CGGGT	67802
CGGTA	49330
CGGTC	84898
CGGTG	131511
CGGTT	50503
CGTAA	32068
CGTAC	57174
CGTAG	59101
CGTAT	41601
CGTCA	88738
CGTCC	109993
CGTCG	169075
CGTCT	94940
CGTGA	85114
CGTGC	152251
CGTGG	119828
CGTGT	83223
CGTTA	29573
CGTTC	86076
CGTTG	96649
CGTTT	62499
CTAAA	29969
CTAAC	39858
CTAAG	39749
CTAAT	27120
CTACA	60297
CTACC	68952
CTACG	58612
CTACT	70803
CTAGA	55017
CTAGC	79786
CTAGG	60487
CTAGT	45111
CTATA	28745
CTATC	56223
CTATG	50166
CTATT	42095
CTCAA	99376
CTCAC	121293
CTCAG	93492
CTCAT	90192
CTCCA	132533
CTCCC	236538
CTCCG	144913
CTCCT	186737
CTCGA	146546
CTCGC	225692
CTCGG	132426
CTCGT	136607
CTCTA	64812
CTCTC	426980
CTCTG	105188
CTCTT	133432
CTGAA	59066
CTGAC	66555
CTGAG	93815
CTGAT	58266
CTGCA	114337
CTGCC	159453
CTGCG	135814
CTGCT	122102
CTGGA	74055
CTGGC	123660
CTGGG	95966
CTGGT	62847
CTGTA	36094
CTGTC	76815
CTGTG	89203
CTGTT	58147
CTTAA	25637
CTTAC	39557
CTTAG	39700
CTTAT	34867
CTTCA	102135
CTTCC	142533
CTTCG	110993
CTTCT	149189
CTTGA	94221
CTTGC	140878
CTTGG	119708
CTTGT	95374
CTTTA	33414
CTTTC	101418
CTTTG	95556
CTTTT	80397
GAAAA	84007
GAAAC	67270
GAAAG	102058
GAAAT	61827
GAACA	64823
GAACC	61298
GAACG	87988
GAACT	50996
GAAGA	157292
GAAGC	123275
GAAGG	154192
GAAGT	74595
GAATA	43164
GAATC	65769
GAATG	79587
GAATT	49235
GACAA	81846
GACAC	78590
GACAG	77385
GACAT	66344
GACCA	79081
GACCC	80234
GACCG	85148
GACCT	68271
GACGA	136775
GACGC	124432
GACGG	130339
GACGT	74685
GACTA	35985
GACTC	85859
GACTG	62809
GACTT	61090
GAGAA	141381
GAGAC	99756
GAGAG	433589
GAGAT	92945
GAGCA	139125
GAGCC	142030
GAGCG	202803
GAGCT	134649
GAGGA	201739
GAGGC	202997
GAGGG	270159
GAGGT	106152
GAGTA	61526
GAGTC	85582
GAGTG	121499
GAGTT	67228
GATAA	32786
GATAC	44599
GATAG	56570
GATAT	48858
GATCA	61251
GATCC	66041
GATCG	91345
GATCT	61599
GATGA	106484
GATGC	116076
GATGG	147020
GATGT	79745
GATTA	24154
GATTC	65562
GATTG	74492
GATTT	57292
GCAAA	93575
GCAAC	102586
GCAAG	141294
GCAAT	71464
GCACA	120500
GCACC	134539
GCACG	152205
GCACT	94691
GCAGA	110548
GCAGC	199984
GCAGG	144805
GCAGT	78223
GCATA	49066
GCATC	116295
GCATG	128594
GCATT	68142
GCCAA	119704
GCCAC	157722
GCCAG	123962
GCCAT	129046
GCCCA	137310
GCCCC	178498
GCCCG	140449
GCCCT	142301
GCCGA	147337
GCCGC	279263
GCCGG	136826
GCCGT	122599
GCCTA	54571
GCCTC	201050
GCCTG	121918
GCCTT	114364
GCGAA	100985
GCGAC	138649
GCGAG	227297
GCGAT	111930
GCGCA	176430
GCGCC	226879
GCGCG	302661
GCGCT	170734
GCGGA	136109
GCGGC	285475
GCGGG	167515
GCGGT	112881
GCGTA	55786
GCGTC	124621
GCGTG	158734
GCGTT	77707
GCTAA	36073
GCTAC	67939
GCTAG	79334
GCTAT	48914
GCTCA	126393
GCTCC	157556
GCTCG	195004
GCTCT	135207
GCTGA	101754
GCTGC	199930
GCTGG	132682
GCTGT	89136
GCTTA	34126
GCTTC	122991
GCTTG	135367
GCTTT	77555
GGAAA	83545
GGAAC	69773
GGAAG	142668
GGAAT	58291
GGACA	73784
GGACC	69307
GGACG	110430
GGACT	60254
GGAGA	200128
GGAGC	159032
GGAGG	263024
GGAGT	91193
GGATA	45886
GGATC	65655
GGATG	107766
GGATT	50669
GGCAA	114376
GGCAC	121204
GGCAG	160558
GGCAT	99542
GGCCA	133487
GGCCC	139451
GGCCG	169937
GGCCT	122147
GGCGA	194342
GGCGC	227569
GGCGG	269543
GGCGT	125049
GGCTA	63156
GGCTC	140576
GGCTG	146495
GGCTT	93896
GGGAA	113448
GGGAC	77638
GGGAG	238805
GGGAT	67611
GGGCA	132175
GGGCC	139571
GGGCG	207269
GGGCT	120562
GGGGA	174264
GGGGC	178511
GGGGG	451289
GGGGT	112937
GGGTA	51658
GGGTC	80379
GGGTG	139663
GGGTT	71894
GGTAA	35967
GGTAC	49980
GGTAG	70334
GGTAT	42829
GGTCA	69659
GGTCC	68682
GGTCG	107275
GGTCT	65575
GGTGA	108573
GGTGC	134660
GGTGG	175456
GGTGT	95482
GGTTA	30381
GGTTC	61274
GGTTG	93570
GGTTT	57619
GTAAA	38782
GTAAC	26994
GTAAG	40166
GTAAT	26508
GTACA	49930
GTACC	50116
GTACG	57502
GTACT	50561
GTAGA	67657
GTAGC	69480
GTAGG	66769
GTAGT	57360
GTATA	32934
GTATC	44289
GTATG	51831
GTATT	44510
GTCAA	70327
GTCAC	67197
GTCAG	66009
GTCAT	62437
GTCCA	75817
GTCCC	77848
GTCCG	83237
GTCCT	75475
GTCGA	117953
GTCGC	138649
GTCGG	110813
GTCGT	95004
GTCTA	40030
GTCTC	98448
GTCTG	68259
GTCTT	75867
GTGAA	76787
GTGAC	67951
GTGAG	121724
GTGAT	70798
GTGCA	120386
GTGCC	121229
GTGCG	151717
GTGCT	108334
GTGGA	107175
GTGGC	158369
GTGGG	145085
GTGGT	97367
GTGTA	52873
GTGTC	78551
GTGTG	129837
GTGTT	72083
GTTAA	21704
GTTAC	27159
GTTAG	39116
GTTAT	28692
GTTCA	55270
GTTCC	68771
GTTCG	73713
GTTCT	64270
GTTGA	78972
GTTGC	102822
GTTGG	101616
GTTGT	84355
GTTTA	32350
GTTTC	66490
GTTTG	79056
GTTTT	72497
TAAAA	49031
TAAAC	32145
TAAAG	33511
TAAAT	26794
TAACA	31009
TAACC	31104
TAACG	29896
TAACT	26097
TAAGA	36383
TAAGC	34048
TAAGG	38891
TAAGT	31446
TAATA	32662
TAATC	23830
TAATG	29434
TAATT	27245
TACAA	53595
TACAC	51900
TACAG	36214
TACAT	47338
TACCA	47461
TACCC	50815
TACCG	49088
TACCT	50176
TACGA	50712
TACGC	55315
TACGG	42385
TACGT	41483
TACTA	45573
TACTC	60855
TACTG	38333
TACTT	51208
TAGAA	50200
TAGAC	40384
TAGAG	65970
TAGAT	41564
TAGCA	52260
TAGCC	63185
TAGCG	63486
TAGCT	54667
TAGGA	44157
TAGGC	55258
TAGGG	63279
TAGGT	45569
TAGTA	45059
TAGTC	35936
TAGTG	54594
TAGTT	39828
TATAA	33429
TATAC	32911
TATAG	28662
TATAT	36111
TATCA	39940
TATCC	45783
TATCG	49164
TATCT	47302
TATGA	38816
TATGC	49102
TATGG	51241
TATGT	46271
TATTA	32118
TATTC	43085
TATTG	43855
TATTT	55948
TCAAA	70433
TCAAC	79086
TCAAG	94303
TCAAT	60757
TCACA	74730
TCACC	107048
TCACG	85315
TCACT	68551
TCAGA	56061
TCAGC	101894
TCAGG	70727
TCAGT	47928
TCATA	38753
TCATC	106260
TCATG	78438
TCATT	59537
TCCAA	79390
TCCAC	106636
TCCAG	73307
TCCAT	89937
TCCCA	92114
TCCCC	173511
TCCCG	86714
TCCCT	143181
TCCGA	80821
TCCGC	132661
TCCGG	78808
TCCGT	76091
TCCTA	43672
TCCTC	198004
TCCTG	81054
TCCTT	98683
TCGAA	85849
TCGAC	117813
TCGAG	147431
TCGAT	87123
TCGCA	105388
TCGCC	192858
TCGCG	153823
TCGCT	123301
TCGGA	81457
TCGGC	148609
TCGGG	91562
TCGGT	73914
TCGTA	50089
TCGTC	135480
TCGTG	101797
TCGTT	82155
TCTAA	29892
TCTAC	67045
TCTAG	54799
TCTAT	44765
TCTCA	88409
TCTCC	195269
TCTCG	150050
TCTCT	322884
TCTGA	56110
TCTGC	109896
TCTGG	72676
TCTGT	58311
TCTTA	35867
TCTTC	154956
TCTTG	108159
TCTTT	87241
TGAAA	58814
TGAAC	55670
TGAAG	102883
TGAAT	53112
TGACA	58919
TGACC	70120
TGACG	90091
TGACT	48359
TGAGA	88971
TGAGC	125649
TGAGG	119382
TGAGT	71009
TGATA	39918
TGATC	61272
TGATG	104654
TGATT	54250
TGCAA	90857
TGCAC	120469
TGCAG	114478
TGCAT	85646
TGCCA	112947
TGCCC	131783
TGCCG	138293
TGCCT	108955
TGCGA	105549
TGCGC	176827
TGCGG	121817
TGCGT	91070
TGCTA	51615
TGCTC	138434
TGCTG	124264
TGCTT	89286
TGGAA	72197
TGGAC	76520
TGGAG	134263
TGGAT	69622
TGGCA	113626
TGGCC	133698
TGGCG	176711
TGGCT	107594
TGGGA	91660
TGGGC	138335
TGGGG	137966
TGGGT	85016
TGGTA	47551
TGGTC	77789
TGGTG	121359
TGGTT	62491
TGTAA	31276
TGTAC	50604
TGTAG	60373
TGTAT	47940
TGTCA	59046
TGTCC	73389
TGTCG	101328
TGTCT	69965
TGTGA	74826
TGTGC	120482
TGTGG	109820
TGTGT	93045
TGTTA	30796
TGTTC	64504
TGTTG	98111
TGTTT	75408
TTAAA	31016
TTAAC	22054
TTAAG	25600
TTAAT	25539
TTACA	30950
TTACC	35700
TTACG	32188
TTACT	32771
TTAGA	30120
TTAGC	35887
TTAGG	36644
TTAGT	33207
TTATA	32980
TTATC	32905
TTATG	33685
TTATT	40379
TTCAA	66115
TTCAC	76184
TTCAG	58588
TTCAT	67925
TTCCA	71623
TTCCC	113143
TTCCG	75353
TTCCT	92330
TTCGA	85435
TTCGC	98905
TTCGG	75177
TTCGT	75424
TTCTA	50421
TTCTC	139885
TTCTG	64157
TTCTT	106387
TTGAA	65973
TTGAC	70170
TTGAG	98939
TTGAT	69199
TTGCA	90582
TTGCC	112759
TTGCG	106898
TTGCT	96956
TTGGA	80245
TTGGC	120344
TTGGG	102654
TTGGT	78766
TTGTA	54069
TTGTC	81710
TTGTG	94311
TTGTT	81560
TTTAA	31039
TTTAC	38508
TTTAG	29596
TTTAT	42133
TTTCA	58297
TTTCC	83547
TTTCG	82441
TTTCT	89197
TTTGA	70100
TTTGC	92868
TTTGG	95163
TTTGT	76632
TTTTA	49032
TTTTC	84457
TTTTG	88099
TTTTT	129479
