kmer	Neoporphyra_haitanensis
AAAAA	71493
AAAAC	29354
AAAAG	43684
AAAAT	21359
AAACA	28193
AAACC	22308
AAACG	33626
AAACT	15066
AAAGA	28101
AAAGC	25695
AAAGG	34260
AAAGT	34369
AAATA	9638
AAATC	15255
AAATG	18171
AAATT	15039
AACAA	24916
AACAC	27003
AACAG	28648
AACAT	10519
AACCA	26308
AACCC	38694
AACCG	30315
AACCT	17313
AACGA	26592
AACGC	41787
AACGG	42888
AACGT	21716
AACTA	5609
AACTC	21576
AACTG	16122
AACTT	15663
AAGAA	28527
AAGAC	27335
AAGAG	30208
AAGAT	17720
AAGCA	25752
AAGCC	30086
AAGCG	39199
AAGCT	17382
AAGGA	28351
AAGGC	39386
AAGGG	53513
AAGGT	23996
AAGTA	13190
AAGTC	21236
AAGTG	37838
AAGTT	16044
AATAA	9577
AATAC	9004
AATAG	8156
AATAT	8004
AATCA	11990
AATCC	13309
AATCG	16852
AATCT	12924
AATGA	20114
AATGC	17972
AATGG	28518
AATGT	15093
AATTA	8439
AATTC	11903
AATTG	15751
AATTT	13629
ACAAA	37808
ACAAC	28453
ACAAG	33061
ACAAT	16958
ACACA	35470
ACACC	54238
ACACG	50751
ACACT	18932
ACAGA	23684
ACAGC	58459
ACAGG	37878
ACAGT	22838
ACATA	9895
ACATC	20764
ACATG	20757
ACATT	15111
ACCAA	29581
ACCAC	85993
ACCAG	45559
ACCAT	24467
ACCCA	46488
ACCCC	119728
ACCCG	77992
ACCCT	32433
ACCGA	37732
ACCGC	154223
ACCGG	58593
ACCGT	46676
ACCTA	9000
ACCTC	48261
ACCTG	38153
ACCTT	24153
ACGAA	16952
ACGAC	72308
ACGAG	49986
ACGAT	21098
ACGCA	44282
ACGCC	121930
ACGCG	125067
ACGCT	39532
ACGGA	35871
ACGGC	137666
ACGGG	85197
ACGGT	46413
ACGTA	17407
ACGTC	50766
ACGTG	58368
ACGTT	21400
ACTAA	8143
ACTAC	14460
ACTAG	5835
ACTAT	6736
ACTCA	18310
ACTCC	27021
ACTCG	35684
ACTCT	15519
ACTGA	13143
ACTGC	38708
ACTGG	33898
ACTGT	22361
ACTTA	11291
ACTTC	16165
ACTTG	24185
ACTTT	29950
AGAAA	24777
AGAAC	18249
AGAAG	29773
AGAAT	9468
AGACA	25171
AGACC	27735
AGACG	53096
AGACT	15076
AGAGA	23796
AGAGC	35849
AGAGG	51822
AGAGT	15474
AGATA	8342
AGATC	16700
AGATG	23907
AGATT	13066
AGCAA	29543
AGCAC	50557
AGCAG	68120
AGCAT	18064
AGCCA	43457
AGCCC	50973
AGCCG	89492
AGCCT	21508
AGCGA	36782
AGCGC	93349
AGCGG	119886
AGCGT	38765
AGCTA	8723
AGCTC	36064
AGCTG	50245
AGCTT	17441
AGGAA	27864
AGGAC	35832
AGGAG	53268
AGGAT	18234
AGGCA	32115
AGGCC	54921
AGGCG	93139
AGGCT	21458
AGGGA	39567
AGGGC	66560
AGGGG	111298
AGGGT	31600
AGGTA	13866
AGGTC	31894
AGGTG	54873
AGGTT	16437
AGTAA	6413
AGTAC	18523
AGTAG	16909
AGTAT	7093
AGTCA	16380
AGTCC	23027
AGTCG	35326
AGTCT	14813
AGTGA	19954
AGTGC	33127
AGTGG	59333
AGTGT	17543
AGTTA	7362
AGTTC	13172
AGTTG	22759
AGTTT	15104
ATAAA	11215
ATAAC	7794
ATAAG	7256
ATAAT	4935
ATACA	11667
ATACC	13037
ATACG	12241
ATACT	7115
ATAGA	8270
ATAGC	9571
ATAGG	12423
ATAGT	6683
ATATA	5698
ATATC	7731
ATATG	7647
ATATT	7803
ATCAA	19003
ATCAC	22441
ATCAG	15651
ATCAT	13693
ATCCA	22290
ATCCC	35720
ATCCG	31007
ATCCT	17641
ATCGA	22543
ATCGC	31336
ATCGG	22511
ATCGT	21350
ATCTA	6214
ATCTC	18462
ATCTG	20218
ATCTT	17185
ATGAA	19728
ATGAC	26335
ATGAG	21985
ATGAT	13773
ATGCA	22413
ATGCC	31019
ATGCG	33977
ATGCT	17296
ATGGA	26654
ATGGC	56309
ATGGG	41582
ATGGT	24297
ATGTA	13052
ATGTC	21813
ATGTG	21117
ATGTT	10484
ATTAA	8285
ATTAC	7427
ATTAG	12018
ATTAT	5128
ATTCA	10023
ATTCC	16601
ATTCG	13935
ATTCT	9561
ATTGA	16907
ATTGC	20772
ATTGG	26188
ATTGT	16773
ATTTA	5764
ATTTC	17573
ATTTG	12770
ATTTT	20505
CAAAA	46861
CAAAC	42026
CAAAG	41172
CAAAT	13870
CAACA	36876
CAACC	47291
CAACG	59538
CAACT	22496
CAAGA	36022
CAAGC	44792
CAAGG	49167
CAAGT	25187
CAATA	12262
CAATC	20448
CAATG	32274
CAATT	15360
CACAA	39057
CACAC	61300
CACAG	46142
CACAT	20898
CACCA	93475
CACCC	152301
CACCG	152924
CACCT	55598
CACGA	45505
CACGC	112038
CACGG	88896
CACGT	58036
CACTA	12944
CACTC	36798
CACTG	42699
CACTT	33117
CAGAA	21614
CAGAC	44356
CAGAG	40888
CAGAT	20121
CAGCA	79801
CAGCC	104730
CAGCG	137582
CAGCT	49579
CAGGA	29805
CAGGC	63249
CAGGG	58999
CAGGT	36960
CAGTA	14104
CAGTC	35092
CAGTG	42679
CAGTT	15396
CATAA	7959
CATAC	16064
CATAG	11980
CATAT	7481
CATCA	31592
CATCC	53817
CATCG	45841
CATCT	23771
CATGA	21485
CATGC	35409
CATGG	42640
CATGT	20761
CATTA	11836
CATTC	19498
CATTG	32704
CATTT	18004
CCAAA	43261
CCAAC	56046
CCAAG	46439
CCAAT	26070
CCACA	62012
CCACC	232769
CCACG	114293
CCACT	54576
CCAGA	37646
CCAGC	108902
CCAGG	53604
CCAGT	33560
CCATA	16003
CCATC	60717
CCATG	42908
CCATT	28272
CCCAA	44286
CCCAC	134838
CCCAG	64487
CCCAT	41640
CCCCA	115095
CCCCC	616195
CCCCG	182269
CCCCT	111097
CCCGA	54463
CCCGC	281315
CCCGG	89534
CCCGT	84090
CCCTA	33113
CCCTC	104721
CCCTG	58339
CCCTT	53532
CCGAA	19990
CCGAC	125799
CCGAG	63980
CCGAT	22761
CCGCA	95780
CCGCC	698395
CCGCG	333655
CCGCT	119409
CCGGA	29765
CCGGC	198760
CCGGG	89124
CCGGT	58712
CCGTA	23328
CCGTC	149214
CCGTG	89047
CCGTT	42049
CCTAA	23026
CCTAC	27512
CCTAG	8243
CCTAT	12283
CCTCA	41072
CCTCC	121718
CCTCG	84310
CCTCT	51821
CCTGA	21576
CCTGC	75754
CCTGG	54587
CCTGT	37628
CCTTA	21858
CCTTC	41194
CCTTG	48069
CCTTT	33753
CGAAA	21950
CGAAC	20216
CGAAG	21076
CGAAT	13235
CGACA	62036
CGACC	99185
CGACG	198855
CGACT	34159
CGAGA	33615
CGAGC	82819
CGAGG	84361
CGAGT	35218
CGATA	10949
CGATC	23685
CGATG	45580
CGATT	16768
CGCAA	45397
CGCAC	96528
CGCAG	84103
CGCAT	33679
CGCCA	188137
CGCCC	275243
CGCCG	657841
CGCCT	93505
CGCGA	83676
CGCGC	259834
CGCGG	334020
CGCGT	124866
CGCTA	20601
CGCTC	91358
CGCTG	138164
CGCTT	38944
CGGAA	33104
CGGAC	66626
CGGAG	57547
CGGAT	32566
CGGCA	145558
CGGCC	276274
CGGCG	650818
CGGCT	90013
CGGGA	63750
CGGGC	186389
CGGGG	181227
CGGGT	79026
CGGTA	24145
CGGTC	87973
CGGTG	154107
CGGTT	29662
CGTAA	8850
CGTAC	39956
CGTAG	21607
CGTAT	12224
CGTCA	65838
CGTCC	105040
CGTCG	196438
CGTCT	52202
CGTGA	38846
CGTGC	99919
CGTGG	115043
CGTGT	49972
CGTTA	10469
CGTTC	28938
CGTTG	58936
CGTTT	33495
CTAAA	6035
CTAAC	12378
CTAAG	14214
CTAAT	12747
CTACA	18667
CTACC	33458
CTACG	21566
CTACT	16932
CTAGA	6495
CTAGC	9787
CTAGG	8131
CTAGT	5932
CTATA	4606
CTATC	12204
CTATG	12245
CTATT	8083
CTCAA	26992
CTCAC	35205
CTCAG	27360
CTCAT	21821
CTCCA	46703
CTCCC	116426
CTCCG	57117
CTCCT	52977
CTCGA	39711
CTCGC	81455
CTCGG	64368
CTCGT	50311
CTCTA	14873
CTCTC	41811
CTCTG	40172
CTCTT	30600
CTGAA	13996
CTGAC	37854
CTGAG	27614
CTGAT	15791
CTGCA	46675
CTGCC	125388
CTGCG	83915
CTGCT	67593
CTGGA	35133
CTGGC	90358
CTGGG	64051
CTGGT	45460
CTGTA	19637
CTGTC	50071
CTGTG	45582
CTGTT	27939
CTTAA	17355
CTTAC	8093
CTTAG	14136
CTTAT	7110
CTTCA	21621
CTTCC	52710
CTTCG	21263
CTTCT	28934
CTTGA	28131
CTTGC	45649
CTTGG	46234
CTTGT	32119
CTTTA	8519
CTTTC	27657
CTTTG	40438
CTTTT	40214
GAAAA	36450
GAAAC	19975
GAAAG	28503
GAAAT	17132
GAACA	20759
GAACC	21120
GAACG	29269
GAACT	13542
GAAGA	32418
GAAGC	35239
GAAGG	40937
GAAGT	17161
GAATA	8576
GAATC	10715
GAATG	19353
GAATT	10913
GACAA	36767
GACAC	51874
GACAG	49358
GACAT	22434
GACCA	47503
GACCC	56911
GACCG	89280
GACCT	32390
GACGA	73176
GACGC	149259
GACGG	150518
GACGT	50723
GACTA	9840
GACTC	23222
GACTG	35077
GACTT	20366
GAGAA	25082
GAGAC	38388
GAGAG	41051
GAGAT	18273
GAGCA	48075
GAGCC	53898
GAGCG	91969
GAGCT	36457
GAGGA	64959
GAGGC	82249
GAGGG	104859
GAGGT	47382
GAGTA	14878
GAGTC	23572
GAGTG	36650
GAGTT	21377
GATAA	9304
GATAC	12050
GATAG	12203
GATAT	7763
GATCA	18716
GATCC	26209
GATCG	23972
GATCT	16984
GATGA	32420
GATGC	41885
GATGG	60957
GATGT	20782
GATTA	8478
GATTC	10687
GATTG	20190
GATTT	15406
GCAAA	38594
GCAAC	53423
GCAAG	46944
GCAAT	20748
GCACA	47474
GCACC	113350
GCACG	100758
GCACT	32244
GCAGA	44722
GCAGC	164893
GCAGG	76138
GCAGT	37877
GCATA	9696
GCATC	41627
GCATG	35089
GCATT	18741
GCCAA	69693
GCCAC	179537
GCCAG	89294
GCCAT	55304
GCCCA	83539
GCCCC	166696
GCCCG	186284
GCCCT	66518
GCCGA	114583
GCCGC	715822
GCCGG	199215
GCCGT	137526
GCCTA	17336
GCCTC	82041
GCCTG	63170
GCCTT	39354
GCGAA	23803
GCGAC	136449
GCGAG	81507
GCGAT	31066
GCGCA	88013
GCGCC	272912
GCGCG	260124
GCGCT	92676
GCGGA	97354
GCGGC	711376
GCGGG	281884
GCGGT	153852
GCGTA	26861
GCGTC	147177
GCGTG	111671
GCGTT	42028
GCTAA	9276
GCTAC	29908
GCTAG	9842
GCTAT	9404
GCTCA	34155
GCTCC	76807
GCTCG	82037
GCTCT	36282
GCTGA	39339
GCTGC	165133
GCTGG	109675
GCTGT	59681
GCTTA	6758
GCTTC	34949
GCTTG	44521
GCTTT	25624
GGAAA	34053
GGAAC	29239
GGAAG	53127
GGAAT	16954
GGACA	44244
GGACC	53365
GGACG	106450
GGACT	23049
GGAGA	47539
GGAGC	77358
GGAGG	121787
GGAGT	27300
GGATA	13671
GGATC	26814
GGATG	55084
GGATT	13161
GGCAA	60005
GGCAC	97210
GGCAG	124712
GGCAT	31188
GGCCA	110050
GGCCC	97095
GGCCG	275673
GGCCT	55078
GGCGA	120921
GGCGC	271505
GGCGG	693406
GGCGT	121383
GGCTA	16779
GGCTC	54222
GGCTG	105732
GGCTT	30258
GGGAA	42477
GGGAC	70783
GGGAG	116693
GGGAT	35535
GGGCA	82615
GGGCC	96493
GGGCG	276255
GGGCT	50567
GGGGA	121946
GGGGC	166007
GGGGG	610241
GGGGT	118303
GGGTA	29287
GGGTC	56982
GGGTG	151876
GGGTT	37280
GGTAA	10809
GGTAC	28808
GGTAG	32717
GGTAT	13088
GGTCA	45648
GGTCC	53152
GGTCG	98753
GGTCT	27262
GGTGA	53855
GGTGC	113401
GGTGG	233146
GGTGT	54064
GGTTA	20514
GGTTC	20466
GGTTG	46215
GGTTT	21291
GTAAA	10252
GTAAC	8196
GTAAG	8434
GTAAT	7336
GTACA	27557
GTACC	29031
GTACG	40525
GTACT	17840
GTAGA	18992
GTAGC	29740
GTAGG	27307
GTAGT	14203
GTATA	6872
GTATC	12281
GTATG	16237
GTATT	8649
GTCAA	36460
GTCAC	56488
GTCAG	37543
GTCAT	26123
GTCCA	54452
GTCCC	70094
GTCCG	64564
GTCCT	35672
GTCGA	60079
GTCGC	137642
GTCGG	124774
GTCGT	70256
GTCTA	10582
GTCTC	37957
GTCTG	43928
GTCTT	26483
GTGAA	21193
GTGAC	55521
GTGAG	35799
GTGAT	21943
GTGCA	49335
GTGCC	96947
GTGCG	97752
GTGCT	50156
GTGGA	64022
GTGGC	180488
GTGGG	137445
GTGGT	85891
GTGTA	18675
GTGTC	50427
GTGTG	60333
GTGTT	26184
GTTAA	16428
GTTAC	8351
GTTAG	11412
GTTAT	7424
GTTCA	17053
GTTCC	28142
GTTCG	19811
GTTCT	18084
GTTGA	27900
GTTGC	53136
GTTGG	54223
GTTGT	28287
GTTTA	7774
GTTTC	20100
GTTTG	41426
GTTTT	28366
TAAAA	11088
TAAAC	7840
TAAAG	9065
TAAAT	5741
TAACA	5259
TAACC	21911
TAACG	10553
TAACT	7866
TAAGA	7248
TAAGC	6693
TAAGG	20883
TAAGT	11591
TAATA	4264
TAATC	8657
TAATG	11898
TAATT	8410
TACAA	15540
TACAC	19215
TACAG	18711
TACAT	12677
TACCA	18317
TACCC	28734
TACCG	24705
TACCT	14267
TACGA	15072
TACGC	27727
TACGG	22841
TACGT	17467
TACTA	6782
TACTC	14938
TACTG	14212
TACTT	12445
TAGAA	7044
TAGAC	10996
TAGAG	14796
TAGAT	5902
TAGCA	12657
TAGCC	16715
TAGCG	20034
TAGCT	9055
TAGGA	12085
TAGGC	16750
TAGGG	31659
TAGGT	8732
TAGTA	6766
TAGTC	9645
TAGTG	12789
TAGTT	5578
TATAA	4360
TATAC	6942
TATAG	4608
TATAT	5631
TATCA	8490
TATCC	13322
TATCG	11075
TATCT	8402
TATGA	7802
TATGC	9440
TATGG	16729
TATGT	9830
TATTA	4105
TATTC	8032
TATTG	11996
TATTT	9572
TCAAA	24266
TCAAC	28279
TCAAG	28722
TCAAT	16569
TCACA	22441
TCACC	53943
TCACG	38673
TCACT	19803
TCAGA	20928
TCAGC	39441
TCAGG	21393
TCAGT	12996
TCATA	7891
TCATC	31913
TCATG	21540
TCATT	19918
TCCAA	28257
TCCAC	63280
TCCAG	34373
TCCAT	26490
TCCCA	40132
TCCCC	122027
TCCCG	62857
TCCCT	39654
TCCGA	25751
TCCGC	95879
TCCGG	29019
TCCGT	35345
TCCTA	11614
TCCTC	63900
TCCTG	29883
TCCTT	27836
TCGAA	15733
TCGAC	59678
TCGAG	40540
TCGAT	22057
TCGCA	31633
TCGCC	121494
TCGCG	83555
TCGCT	37450
TCGGA	26854
TCGGC	114856
TCGGG	54187
TCGGT	36911
TCGTA	15041
TCGTC	72367
TCGTG	44692
TCGTT	26362
TCTAA	4931
TCTAC	18741
TCTAG	6426
TCTAT	8715
TCTCA	17840
TCTCC	47678
TCTCG	33812
TCTCT	23833
TCTGA	21197
TCTGC	43975
TCTGG	36841
TCTGT	23558
TCTTA	6786
TCTTC	32221
TCTTG	35358
TCTTT	27500
TGAAA	21280
TGAAC	16985
TGAAG	21778
TGAAT	9897
TGACA	28982
TGACC	45800
TGACG	65276
TGACT	16220
TGAGA	17843
TGAGC	34371
TGAGG	41480
TGAGT	18485
TGATA	8358
TGATC	18681
TGATG	31473
TGATT	11767
TGCAA	24764
TGCAC	49532
TGCAG	46693
TGCAT	22223
TGCCA	52181
TGCCC	79727
TGCCG	144141
TGCCT	31809
TGCGA	31447
TGCGC	89036
TGCGG	97152
TGCGT	42731
TGCTA	12326
TGCTC	47636
TGCTG	79686
TGCTT	25209
TGGAA	29928
TGGAC	53866
TGGAG	46476
TGGAT	22395
TGGCA	52827
TGGCC	110206
TGGCG	187003
TGGCT	44951
TGGGA	40225
TGGGC	86975
TGGGG	113739
TGGGT	46494
TGGTA	18123
TGGTC	47967
TGGTG	93610
TGGTT	25108
TGTAA	8144
TGTAC	27666
TGTAG	19009
TGTAT	11634
TGTCA	28747
TGTCC	43563
TGTCG	62236
TGTCT	24669
TGTGA	21798
TGTGC	47742
TGTGG	60321
TGTGT	34040
TGTTA	5268
TGTTC	20513
TGTTG	35637
TGTTT	27777
TTAAA	6231
TTAAC	17221
TTAAG	16513
TTAAT	8211
TTACA	8252
TTACC	10498
TTACG	8775
TTACT	6490
TTAGA	4981
TTAGC	9363
TTAGG	21366
TTAGT	7960
TTATA	4365
TTATC	9073
TTATG	7671
TTATT	9170
TTCAA	15381
TTCAC	20727
TTCAG	14204
TTCAT	19624
TTCCA	28954
TTCCC	42430
TTCCG	33305
TTCCT	26942
TTCGA	15675
TTCGC	23699
TTCGG	21155
TTCGT	16543
TTCTA	7145
TTCTC	24935
TTCTG	21252
TTCTT	27599
TTGAA	15023
TTGAC	36569
TTGAG	26781
TTGAT	18772
TTGCA	24793
TTGCC	54500
TTGCG	44722
TTGCT	29812
TTGGA	26857
TTGGC	67832
TTGGG	44358
TTGGT	29159
TTGTA	15087
TTGTC	36904
TTGTG	36868
TTGTT	24588
TTTAA	6108
TTTAC	10144
TTTAG	6101
TTTAT	10617
TTTCA	21239
TTTCC	34178
TTTCG	22063
TTTCT	24349
TTTGA	24210
TTTGC	34270
TTTGG	41561
TTTGT	36271
TTTTA	10913
TTTTC	36495
TTTTG	41678
TTTTT	70434
