kmer	Neopyropia_yezoensis
AAAAA	90803
AAAAC	58359
AAAAG	67420
AAAAT	33073
AAACA	56583
AAACC	57425
AAACG	66055
AAACT	42420
AAAGA	61339
AAAGC	69922
AAAGG	74361
AAAGT	46908
AAATA	23764
AAATC	31701
AAATG	39305
AAATT	24238
AACAA	66325
AACAC	70357
AACAG	77459
AACAT	43631
AACCA	68052
AACCC	94540
AACCG	84034
AACCT	51949
AACGA	63453
AACGC	97374
AACGG	92633
AACGT	65185
AACTA	30275
AACTC	61605
AACTG	57671
AACTT	58776
AAGAA	89708
AAGAC	77251
AAGAG	90511
AAGAT	46624
AAGCA	76720
AAGCC	92239
AAGCG	98429
AAGCT	65620
AAGGA	94710
AAGGC	102719
AAGGG	127661
AAGGT	72970
AAGTA	44910
AAGTC	72356
AAGTG	69235
AAGTT	58980
AATAA	18293
AATAC	32287
AATAG	26606
AATAT	25294
AATCA	36389
AATCC	44764
AATCG	36994
AATCT	31692
AATGA	42306
AATGC	53257
AATGG	64339
AATGT	37907
AATTA	11460
AATTC	26521
AATTG	27684
AATTT	24807
ACAAA	65839
ACAAC	83714
ACAAG	92967
ACAAT	47284
ACACA	82547
ACACC	127492
ACACG	113770
ACACT	59731
ACAGA	69808
ACAGC	128760
ACAGG	107150
ACAGT	67007
ACATA	34697
ACATC	68132
ACATG	73494
ACATT	38121
ACCAA	92961
ACCAC	177672
ACCAG	121711
ACCAT	76734
ACCCA	116685
ACCCC	229635
ACCCG	170903
ACCCT	104414
ACCGA	95976
ACCGC	245011
ACCGG	159508
ACCGT	103095
ACCTA	29833
ACCTC	116456
ACCTG	115561
ACCTT	72909
ACGAA	61135
ACGAC	140123
ACGAG	116172
ACGAT	61471
ACGCA	99674
ACGCC	207785
ACGCG	166319
ACGCT	90179
ACGGA	95739
ACGGC	225899
ACGGG	178566
ACGGT	102722
ACGTA	52766
ACGTC	117185
ACGTG	127838
ACGTT	65341
ACTAA	18986
ACTAC	55877
ACTAG	24202
ACTAT	28375
ACTCA	61029
ACTCC	103147
ACTCG	96843
ACTCT	53633
ACTGA	47875
ACTGC	104344
ACTGG	107585
ACTGT	67294
ACTTA	22380
ACTTC	74792
ACTTG	99308
ACTTT	46526
AGAAA	63178
AGAAC	64293
AGAAG	104534
AGAAT	36265
AGACA	66767
AGACC	78924
AGACG	117532
AGACT	43763
AGAGA	73501
AGAGC	95356
AGAGG	136197
AGAGT	53821
AGATA	27888
AGATC	40893
AGATG	75355
AGATT	31756
AGCAA	80892
AGCAC	121030
AGCAG	151161
AGCAT	57111
AGCCA	118118
AGCCC	126033
AGCCG	177853
AGCCT	66959
AGCGA	88669
AGCGC	162936
AGCGG	209510
AGCGT	90920
AGCTA	34043
AGCTC	98863
AGCTG	117556
AGCTT	65124
AGGAA	83115
AGGAC	108921
AGGAG	150689
AGGAT	61929
AGGCA	106803
AGGCC	127370
AGGCG	190462
AGGCT	67258
AGGGA	119109
AGGGC	143392
AGGGG	237219
AGGGT	104386
AGGTA	60852
AGGTC	91911
AGGTG	130911
AGGTT	52056
AGTAA	27388
AGTAC	75160
AGTAG	50686
AGTAT	31891
AGTCA	59582
AGTCC	81902
AGTCG	101965
AGTCT	43629
AGTGA	57075
AGTGC	88623
AGTGG	129898
AGTGT	59134
AGTTA	23589
AGTTC	55798
AGTTG	86641
AGTTT	41995
ATAAA	23754
ATAAC	25303
ATAAG	24950
ATAAT	15993
ATACA	35330
ATACC	49871
ATACG	45340
ATACT	31971
ATAGA	25745
ATAGC	35422
ATAGG	30330
ATAGT	28299
ATATA	18098
ATATC	35606
ATATG	33163
ATATT	25324
ATCAA	53757
ATCAC	54192
ATCAG	52034
ATCAT	43781
ATCCA	66664
ATCCC	102338
ATCCG	78500
ATCCT	61754
ATCGA	59602
ATCGC	71357
ATCGG	69644
ATCGT	62070
ATCTA	19193
ATCTC	58096
ATCTG	51936
ATCTT	46905
ATGAA	47293
ATGAC	78421
ATGAG	71463
ATGAT	44509
ATGCA	66525
ATGCC	94542
ATGCG	77803
ATGCT	56911
ATGGA	79789
ATGGC	123509
ATGGG	104586
ATGGT	76437
ATGTA	38333
ATGTC	66742
ATGTG	65021
ATGTT	44212
ATTAA	11842
ATTAC	17244
ATTAG	13497
ATTAT	16004
ATTCA	30269
ATTCC	45938
ATTCG	37105
ATTCT	36529
ATTGA	46608
ATTGC	56580
ATTGG	62188
ATTGT	46764
ATTTA	15906
ATTTC	30810
ATTTG	39326
ATTTT	33480
CAAAA	66741
CAAAC	82900
CAAAG	87912
CAAAT	38883
CAACA	103037
CAACC	132094
CAACG	138847
CAACT	86365
CAAGA	111225
CAAGC	119990
CAAGG	147341
CAAGT	101072
CAATA	37603
CAATC	61217
CAATG	85515
CAATT	27904
CACAA	96162
CACAC	139983
CACAG	119996
CACAT	65056
CACCA	207093
CACCC	290495
CACCG	275961
CACCT	129888
CACGA	106686
CACGC	174062
CACGG	180268
CACGT	127820
CACTA	39557
CACTC	108869
CACTG	117393
CACTT	68514
CAGAA	70944
CAGAC	104622
CAGAG	110225
CAGAT	51628
CAGCA	173213
CAGCC	212949
CAGCG	243425
CAGCT	117818
CAGGA	103634
CAGGC	154902
CAGGG	161650
CAGGT	115590
CAGTA	59706
CAGTC	92219
CAGTG	117526
CAGTT	57265
CATAA	25611
CATAC	54502
CATAG	36914
CATAT	33061
CATCA	91362
CATCC	140870
CATCG	117250
CATCT	75572
CATGA	70414
CATGC	95445
CATGG	124983
CATGT	73576
CATTA	19155
CATTC	53129
CATTG	85436
CATTT	39396
CCAAA	77475
CCAAC	149737
CCAAG	156686
CCAAT	61429
CCACA	151466
CCACC	419814
CCACG	207868
CCACT	129676
CCAGA	101121
CCAGC	218512
CCAGG	162018
CCAGT	107012
CCATA	47185
CCATC	148543
CCATG	125522
CCATT	63374
CCCAA	127562
CCCAC	255501
CCCAG	162741
CCCAT	103762
CCCCA	241392
CCCCC	876724
CCCCG	343482
CCCCT	234939
CCCGA	147569
CCCGC	400161
CCCGG	216527
CCCGT	178003
CCCTA	55003
CCCTC	258090
CCCTG	161674
CCCTT	127100
CCGAA	72513
CCGAC	226600
CCGAG	155787
CCGAT	70050
CCGCA	190843
CCGCC	788564
CCGCG	359964
CCGCT	207727
CCGGA	120714
CCGGC	310213
CCGGG	215909
CCGGT	159881
CCGTA	72630
CCGTC	257620
CCGTG	180170
CCGTT	92281
CCTAA	23676
CCTAC	74214
CCTAG	29466
CCTAT	29648
CCTCA	131416
CCTCC	290771
CCTCG	183919
CCTCT	134374
CCTGA	80101
CCTGC	185140
CCTGG	161849
CCTGT	106417
CCTTA	39246
CCTTC	135753
CCTTG	146796
CCTTT	74752
CGAAA	50290
CGAAC	63731
CGAAG	94072
CGAAT	37865
CGACA	128269
CGACC	189784
CGACG	297258
CGACT	101297
CGAGA	86440
CGAGC	148859
CGAGG	183783
CGAGT	96843
CGATA	46255
CGATC	61900
CGATG	116560
CGATT	37385
CGCAA	103114
CGCAC	174955
CGCAG	179238
CGCAT	78684
CGCCA	300755
CGCCC	404303
CGCCG	678004
CGCCT	189501
CGCGA	129203
CGCGC	297451
CGCGG	361436
CGCGT	165195
CGCTA	47154
CGCTC	161345
CGCTG	242168
CGCTT	97928
CGGAA	84352
CGGAC	145393
CGGAG	150894
CGGAT	78787
CGGCA	243386
CGGCC	377367
CGGCG	678109
CGGCT	178374
CGGGA	159872
CGGGC	269805
CGGGG	344626
CGGGT	170490
CGGTA	82115
CGGTC	160393
CGGTG	275139
CGGTT	83953
CGTAA	38069
CGTAC	93224
CGTAG	64447
CGTAT	45032
CGTCA	145226
CGTCC	201941
CGTCG	297921
CGTCT	116587
CGTGA	91846
CGTGC	175595
CGTGG	208169
CGTGT	113603
CGTTA	31633
CGTTC	81109
CGTTG	138295
CGTTT	65747
CTAAA	16160
CTAAC	23024
CTAAG	26601
CTAAT	13462
CTACA	51424
CTACC	97506
CTACG	64144
CTACT	50145
CTAGA	19261
CTAGC	34668
CTAGG	29705
CTAGT	24041
CTATA	15316
CTATC	40709
CTATG	35999
CTATT	26699
CTCAA	93678
CTCAC	101802
CTCAG	79504
CTCAT	71343
CTCCA	140920
CTCCC	262169
CTCCG	151070
CTCCT	149594
CTCGA	93649
CTCGC	149740
CTCGG	155942
CTCGT	115642
CTCTA	33769
CTCTC	122156
CTCTG	110533
CTCTT	90375
CTGAA	51700
CTGAC	97561
CTGAG	78468
CTGAT	51364
CTGCA	118611
CTGCC	254197
CTGCG	178338
CTGCT	152242
CTGGA	108656
CTGGC	195396
CTGGG	162177
CTGGT	122437
CTGTA	49647
CTGTC	124154
CTGTG	120517
CTGTT	77099
CTTAA	18519
CTTAC	40079
CTTAG	26677
CTTAT	24672
CTTCA	89300
CTTCC	148714
CTTCG	93446
CTTCT	104273
CTTGA	102693
CTTGC	126949
CTTGG	156079
CTTGT	92800
CTTTA	24372
CTTTC	72184
CTTTG	87613
CTTTT	67517
GAAAA	67998
GAAAC	52970
GAAAG	72778
GAAAT	31283
GAACA	75169
GAACC	75117
GAACG	81925
GAACT	55718
GAAGA	110195
GAAGC	115944
GAAGG	136882
GAAGT	75083
GAATA	29052
GAATC	40969
GAATG	53880
GAATT	27047
GACAA	88170
GACAC	119622
GACAG	124555
GACAT	66999
GACCA	130017
GACCC	146755
GACCG	161888
GACCT	92319
GACGA	161409
GACGC	225045
GACGG	257861
GACGT	116978
GACTA	32736
GACTC	89210
GACTG	92351
GACTT	71138
GAGAA	84509
GAGAC	90274
GAGAG	123458
GAGAT	58069
GAGCA	122812
GAGCC	129714
GAGCG	162474
GAGCT	98339
GAGGA	177554
GAGGC	190282
GAGGG	259317
GAGGT	117185
GAGTA	55401
GAGTC	89366
GAGTG	108713
GAGTT	61827
GATAA	31303
GATAC	50641
GATAG	40724
GATAT	35831
GATCA	47210
GATCC	68991
GATCG	61821
GATCT	41141
GATGA	98962
GATGC	110165
GATGG	148041
GATGT	68393
GATTA	15750
GATTC	41277
GATTG	61511
GATTT	31682
GCAAA	76016
GCAAC	128769
GCAAG	127474
GCAAT	56889
GCACA	120812
GCACC	223637
GCACG	175462
GCACT	88201
GCAGA	113356
GCAGC	300716
GCAGG	186244
GCAGT	104354
GCATA	37719
GCATC	109848
GCATG	95463
GCATT	53775
GCCAA	151754
GCCAC	324861
GCCAG	196042
GCCAT	124932
GCCCA	176478
GCCCC	327854
GCCCG	269990
GCCCT	144708
GCCGA	201468
GCCGC	739114
GCCGG	309858
GCCGT	225274
GCCTA	43879
GCCTC	189522
GCCTG	152906
GCCTT	101900
GCGAA	65509
GCGAC	218604
GCGAG	150433
GCGAT	71221
GCGCA	163239
GCGCC	370619
GCGCG	298627
GCGCT	162553
GCGGA	163375
GCGGC	740058
GCGGG	402708
GCGGT	242959
GCGTA	67703
GCGTC	224931
GCGTG	174734
GCGTT	96136
GCTAA	21839
GCTAC	81423
GCTAG	34772
GCTAT	35611
GCTCA	88258
GCTCC	180975
GCTCG	147678
GCTCT	95516
GCTGA	98055
GCTGC	300431
GCTGG	218561
GCTGT	128225
GCTTA	27206
GCTTC	115453
GCTTG	120093
GCTTT	69314
GGAAA	72648
GGAAC	97857
GGAAG	150011
GGAAT	46116
GGACA	128120
GGACC	139042
GGACG	202174
GGACT	81656
GGAGA	130238
GGAGC	181040
GGAGG	293357
GGAGT	103726
GGATA	55330
GGATC	69118
GGATG	141743
GGATT	44883
GGCAA	130986
GGCAC	193015
GGCAG	256420
GGCAT	94110
GGCCA	237308
GGCCC	205368
GGCCG	377979
GGCCT	125702
GGCGA	205468
GGCGC	371301
GGCGG	789078
GGCGT	208718
GGCTA	54767
GGCTC	129659
GGCTG	212381
GGCTT	92236
GGGAA	127285
GGGAC	163737
GGGAG	264990
GGGAT	102802
GGGCA	183081
GGGCC	205411
GGGCG	405927
GGGCT	125109
GGGGA	264514
GGGGC	330536
GGGGG	878596
GGGGT	229853
GGGTA	90738
GGGTC	145901
GGGTG	290766
GGGTT	93863
GGTAA	47366
GGTAC	101873
GGTAG	98895
GGTAT	49687
GGTCA	121716
GGTCC	137960
GGTCG	188456
GGTCT	78604
GGTGA	132856
GGTGC	223036
GGTGG	420780
GGTGT	127231
GGTTA	33260
GGTTC	75012
GGTTG	132103
GGTTT	58315
GTAAA	38208
GTAAC	42714
GTAAG	40292
GTAAT	17225
GTACA	69644
GTACC	101573
GTACG	92951
GTACT	75184
GTAGA	52436
GTAGC	81236
GTAGG	74499
GTAGT	56283
GTATA	25106
GTATC	50637
GTATG	53881
GTATT	32184
GTCAA	100521
GTCAC	125411
GTCAG	97743
GTCAT	78427
GTCCA	132027
GTCCC	162698
GTCCG	146364
GTCCT	108629
GTCGA	131256
GTCGC	217789
GTCGG	226589
GTCGT	141395
GTCTA	34261
GTCTC	90070
GTCTG	103037
GTCTT	77624
GTGAA	65994
GTGAC	125814
GTGAG	102333
GTGAT	53787
GTGCA	119506
GTGCC	193245
GTGCG	175066
GTGCT	120456
GTGGA	151829
GTGGC	325274
GTGGG	256513
GTGGT	177130
GTGTA	53454
GTGTC	119076
GTGTG	140107
GTGTT	69173
GTTAA	21500
GTTAC	41952
GTTAG	22772
GTTAT	24954
GTTCA	62580
GTTCC	96945
GTTCG	63401
GTTCT	64267
GTTGA	98134
GTTGC	127995
GTTGG	150315
GTTGT	83229
GTTTA	28082
GTTTC	53664
GTTTG	82384
GTTTT	58234
TAAAA	24114
TAAAC	28257
TAAAG	24414
TAAAT	15770
TAACA	22981
TAACC	33938
TAACG	31817
TAACT	23819
TAAGA	21334
TAAGC	27148
TAAGG	39480
TAAGT	22420
TAATA	12061
TAATC	15951
TAATG	19111
TAATT	11281
TACAA	39150
TACAC	53577
TACAG	50713
TACAT	38759
TACCA	63913
TACCC	89851
TACCG	81708
TACCT	60602
TACGA	47351
TACGC	67482
TACGG	72169
TACGT	53148
TACTA	24871
TACTC	54966
TACTG	59684
TACTT	44578
TAGAA	23113
TAGAC	34842
TAGAG	34681
TAGAT	19571
TAGCA	37442
TAGCC	54063
TAGCG	47707
TAGCT	33808
TAGGA	28758
TAGGC	43991
TAGGG	55482
TAGGT	29984
TAGTA	25107
TAGTC	33140
TAGTG	39255
TAGTT	29954
TATAA	14793
TATAC	25079
TATAG	15553
TATAT	18006
TATCA	28803
TATCC	54631
TATCG	46610
TATCT	27725
TATGA	30002
TATGC	36911
TATGG	46956
TATGT	34436
TATTA	12222
TATTC	28913
TATTG	37510
TATTT	23640
TCAAA	57105
TCAAC	98123
TCAAG	102503
TCAAT	46637
TCACA	66372
TCACC	132497
TCACG	91743
TCACT	56727
TCAGA	53138
TCAGC	99415
TCAGG	80366
TCAGT	48343
TCATA	30488
TCATC	98533
TCATG	69940
TCATT	41846
TCCAA	73054
TCCAC	150791
TCCAG	108173
TCCAT	79193
TCCCA	115005
TCCCC	262305
TCCCG	157883
TCCCT	117809
TCCGA	79937
TCCGC	162810
TCCGG	120825
TCCGT	96332
TCCTA	28288
TCCTC	176410
TCCTG	103363
TCCTT	94641
TCGAA	46797
TCGAC	131279
TCGAG	93530
TCGAT	59358
TCGCA	82237
TCGCC	205597
TCGCG	128373
TCGCT	88137
TCGGA	79596
TCGGC	201069
TCGGG	147611
TCGGT	96041
TCGTA	47672
TCGTC	161937
TCGTG	106472
TCGTT	63026
TCTAA	14746
TCTAC	51709
TCTAG	19238
TCTAT	25088
TCTCA	65625
TCTCC	128860
TCTCG	86533
TCTCT	73313
TCTGA	53059
TCTGC	113471
TCTGG	100671
TCTGT	69479
TCTTA	21111
TCTTC	109738
TCTTG	112319
TCTTT	61093
TGAAA	38913
TGAAC	62045
TGAAG	89484
TGAAT	30700
TGACA	76192
TGACC	123228
TGACG	144330
TGACT	58718
TGAGA	66130
TGAGC	88084
TGAGG	131005
TGAGT	60916
TGATA	29024
TGATC	47252
TGATG	91902
TGATT	36201
TGCAA	74156
TGCAC	119107
TGCAG	117849
TGCAT	66902
TGCCA	141410
TGCCC	183338
TGCCG	241879
TGCCT	106045
TGCGA	82425
TGCGC	163350
TGCGG	189073
TGCGT	98665
TGCTA	37681
TGCTC	122561
TGCTG	173167
TGCTT	76779
TGGAA	71879
TGGAC	132932
TGGAG	141783
TGGAT	67555
TGGCA	141266
TGGCC	236206
TGGCG	300076
TGGCT	118304
TGGGA	115321
TGGGC	175791
TGGGG	243057
TGGGT	116537
TGGTA	64118
TGGTC	128527
TGGTG	207083
TGGTT	68814
TGTAA	25618
TGTAC	69097
TGTAG	50427
TGTAT	35194
TGTCA	75578
TGTCC	127921
TGTCG	128683
TGTCT	66173
TGTGA	66151
TGTGC	121016
TGTGG	151899
TGTGT	81845
TGTTA	22694
TGTTC	75275
TGTTG	102632
TGTTT	56306
TTAAA	14432
TTAAC	21513
TTAAG	18540
TTAAT	11724
TTACA	25805
TTACC	47126
TTACG	37717
TTACT	26799
TTAGA	14766
TTAGC	21692
TTAGG	23685
TTAGT	18833
TTATA	14910
TTATC	30819
TTATG	25263
TTATT	18078
TTCAA	56416
TTCAC	65933
TTCAG	51982
TTCAT	47259
TTCCA	71599
TTCCC	125806
TTCCG	83969
TTCCT	82723
TTCGA	46455
TTCGC	65459
TTCGG	72145
TTCGT	59997
TTCTA	23558
TTCTC	84008
TTCTG	71174
TTCTT	89354
TTGAA	56155
TTGAC	100672
TTGAG	93865
TTGAT	54716
TTGCA	73373
TTGCC	130687
TTGCG	102305
TTGCT	80578
TTGGA	73872
TTGGC	151673
TTGGG	127439
TTGGT	92540
TTGTA	38900
TTGTC	88389
TTGTG	95267
TTGTT	66422
TTTAA	14348
TTTAC	38170
TTTAG	16033
TTTAT	23441
TTTCA	39439
TTTCC	72503
TTTCG	50105
TTTCT	63024
TTTGA	57967
TTTGC	75416
TTTGG	76940
TTTGT	66187
TTTTA	23629
TTTTC	68416
TTTTG	67187
TTTTT	92038
