kmer	Neospora_caninum_Liverpool
AAAAA	124349
AAAAC	98371
AAAAG	105979
AAAAT	46891
AAACA	88676
AAACC	60391
AAACG	100182
AAACT	48516
AAAGA	111130
AAAGC	74299
AAAGG	87044
AAAGT	46157
AAATA	34632
AAATC	47120
AAATG	53882
AAATT	29023
AACAA	57548
AACAC	62515
AACAG	77473
AACAT	34890
AACCA	41324
AACCC	40897
AACCG	52042
AACCT	37676
AACGA	66220
AACGC	82120
AACGG	67991
AACGT	43459
AACTA	17104
AACTC	50798
AACTG	56739
AACTT	35880
AAGAA	120217
AAGAC	84002
AAGAG	115577
AAGAT	41465
AAGCA	73012
AAGCC	51812
AAGCG	82656
AAGCT	45452
AAGGA	86560
AAGGC	85863
AAGGG	60763
AAGGT	39052
AAGTA	23662
AAGTC	44455
AAGTG	51189
AAGTT	35837
AATAA	17420
AATAC	24660
AATAG	17647
AATAT	26278
AATCA	29034
AATCC	35991
AATCG	40372
AATCT	34283
AATGA	32379
AATGC	47403
AATGG	33565
AATGT	34214
AATTA	10699
AATTC	33944
AATTG	23342
AATTT	29045
ACAAA	77770
ACAAC	51544
ACAAG	59188
ACAAT	25462
ACACA	100597
ACACC	60777
ACACG	77548
ACACT	48722
ACAGA	103118
ACAGC	82068
ACAGG	73536
ACAGT	47604
ACATA	46687
ACATC	46654
ACATG	54212
ACATT	34070
ACCAA	36175
ACCAC	43541
ACCAG	50844
ACCAT	25641
ACCCA	33464
ACCCC	37307
ACCCG	42702
ACCCT	34869
ACCGA	48548
ACCGC	58123
ACCGG	45995
ACCGT	41578
ACCTA	19867
ACCTC	50939
ACCTG	50437
ACCTT	38376
ACGAA	80698
ACGAC	59750
ACGAG	82161
ACGAT	32870
ACGCA	82537
ACGCC	75522
ACGCG	100323
ACGCT	55340
ACGGA	72174
ACGGC	75189
ACGGG	58937
ACGGT	41525
ACGTA	31421
ACGTC	53044
ACGTG	60123
ACGTT	43541
ACTAA	11505
ACTAC	22385
ACTAG	14776
ACTAT	13243
ACTCA	35137
ACTCC	50080
ACTCG	57470
ACTCT	50594
ACTGA	41667
ACTGC	66720
ACTGG	50966
ACTGT	47914
ACTTA	12642
ACTTC	53743
ACTTG	42564
ACTTT	46138
AGAAA	138504
AGAAC	74584
AGAAG	139060
AGAAT	40642
AGACA	104396
AGACC	47908
AGACG	111172
AGACT	48271
AGAGA	182014
AGAGC	84362
AGAGG	115499
AGAGT	50767
AGATA	43325
AGATC	42503
AGATG	61192
AGATT	34973
AGCAA	64737
AGCAC	55948
AGCAG	89006
AGCAT	40861
AGCCA	45808
AGCCC	40209
AGCCG	68726
AGCCT	53649
AGCGA	88739
AGCGC	78491
AGCGG	73925
AGCGT	55141
AGCTA	21326
AGCTC	53946
AGCTG	73531
AGCTT	45850
AGGAA	112544
AGGAC	59079
AGGAG	100342
AGGAT	36690
AGGCA	84904
AGGCC	60064
AGGCG	113408
AGGCT	54040
AGGGA	81177
AGGGC	50334
AGGGG	58446
AGGGT	35104
AGGTA	29048
AGGTC	37491
AGGTG	55696
AGGTT	37824
AGTAA	17521
AGTAC	22633
AGTAG	22677
AGTAT	18617
AGTCA	35162
AGTCC	41285
AGTCG	60113
AGTCT	47919
AGTGA	43372
AGTGC	50502
AGTGG	47178
AGTGT	47831
AGTTA	15578
AGTTC	50622
AGTTG	45080
AGTTT	48725
ATAAA	28417
ATAAC	15900
ATAAG	14967
ATAAT	12373
ATACA	58671
ATACC	21703
ATACG	31253
ATACT	19138
ATAGA	35115
ATAGC	17395
ATAGG	19086
ATAGT	13230
ATATA	177810
ATATC	32516
ATATG	47296
ATATT	26333
ATCAA	29817
ATCAC	28804
ATCAG	31340
ATCAT	21719
ATCCA	42233
ATCCC	35044
ATCCG	40759
ATCCT	36895
ATCGA	46815
ATCGC	46083
ATCGG	35417
ATCGT	33039
ATCTA	29241
ATCTC	55077
ATCTG	54177
ATCTT	41308
ATGAA	45320
ATGAC	29352
ATGAG	35190
ATGAT	22021
ATGCA	84157
ATGCC	44001
ATGCG	61771
ATGCT	40934
ATGGA	46571
ATGGC	37694
ATGGG	30424
ATGGT	25454
ATGTA	47657
ATGTC	39988
ATGTG	58679
ATGTT	34717
ATTAA	9839
ATTAC	12356
ATTAG	9346
ATTAT	12264
ATTCA	36218
ATTCC	40720
ATTCG	42938
ATTCT	40633
ATTGA	23998
ATTGC	31009
ATTGG	21204
ATTGT	24840
ATTTA	21319
ATTTC	53700
ATTTG	42867
ATTTT	47747
CAAAA	81975
CAAAC	67064
CAAAG	71305
CAAAT	42893
CAACA	55582
CAACC	41669
CAACG	57884
CAACT	45307
CAAGA	69442
CAAGC	54859
CAAGG	56708
CAAGT	42515
CAATA	16767
CAATC	30518
CAATG	30366
CAATT	23360
CACAA	61188
CACAC	91451
CACAG	86068
CACAT	58591
CACCA	52178
CACCC	48455
CACCG	62171
CACCT	55485
CACGA	65974
CACGC	86639
CACGG	64570
CACGT	60184
CACTA	18146
CACTC	58305
CACTG	62502
CACTT	51417
CAGAA	95475
CAGAC	75537
CAGAG	109735
CAGAT	54428
CAGCA	82573
CAGCC	74411
CAGCG	97114
CAGCT	73573
CAGGA	78663
CAGGC	84862
CAGGG	59361
CAGGT	50543
CAGTA	24561
CAGTC	62402
CAGTG	62041
CAGTT	56574
CATAA	18057
CATAC	36952
CATAG	19861
CATAT	47646
CATCA	36872
CATCC	50302
CATCG	52901
CATCT	60940
CATGA	35708
CATGC	83477
CATGG	39428
CATGT	53863
CATTA	12847
CATTC	50389
CATTG	30303
CATTT	54389
CCAAA	51647
CCAAC	40549
CCAAG	49544
CCAAT	21077
CCACA	66470
CCACC	52019
CCACG	70669
CCACT	47730
CCAGA	68366
CCAGC	72665
CCAGG	62945
CCAGT	50449
CCATA	21064
CCATC	45968
CCATG	39998
CCATT	33288
CCCAA	35861
CCCAC	49796
CCCAG	56207
CCCAT	30555
CCCCA	47679
CCCCC	69187
CCCCG	68757
CCCCT	58519
CCCGA	52992
CCCGC	77344
CCCGG	47773
CCCGT	59143
CCCTA	18970
CCCTC	85864
CCCTG	59500
CCCTT	60783
CCGAA	60678
CCGAC	62207
CCGAG	77381
CCGAT	35272
CCGCA	71522
CCGCC	92769
CCGCG	96031
CCGCT	73839
CCGGA	57002
CCGGC	68883
CCGGG	47851
CCGGT	45636
CCGTA	28344
CCGTC	87205
CCGTG	64476
CCGTT	67419
CCTAA	15349
CCTAC	29127
CCTAG	19919
CCTAT	18934
CCTCA	57255
CCTCC	95587
CCTCG	109834
CCTCT	114752
CCTGA	48675
CCTGC	88587
CCTGG	62718
CCTGT	73420
CCTTA	16088
CCTTC	111528
CCTTG	56492
CCTTT	86163
CGAAA	95831
CGAAC	64511
CGAAG	102884
CGAAT	43139
CGACA	80289
CGACC	48815
CGACG	103252
CGACT	60269
CGAGA	120731
CGAGC	77646
CGAGG	109295
CGAGT	57198
CGATA	25733
CGATC	42718
CGATG	52905
CGATT	39952
CGCAA	62558
CGCAC	74566
CGCAG	106996
CGCAT	61626
CGCCA	73403
CGCCC	78012
CGCCG	120490
CGCCT	113615
CGCGA	100612
CGCGC	120455
CGCGG	95953
CGCGT	100281
CGCTA	22846
CGCTC	93343
CGCTG	97287
CGCTT	82448
CGGAA	82308
CGGAC	51705
CGGAG	94536
CGGAT	40444
CGGCA	77305
CGGCC	70380
CGGCG	121060
CGGCT	68835
CGGGA	69329
CGGGC	56365
CGGGG	68585
CGGGT	42624
CGGTA	26042
CGGTC	53980
CGGTG	61971
CGGTT	51827
CGTAA	20974
CGTAC	36713
CGTAG	34302
CGTAT	31063
CGTCA	53904
CGTCC	77867
CGTCG	104001
CGTCT	110251
CGTGA	51536
CGTGC	78169
CGTGG	70665
CGTGT	78289
CGTTA	18733
CGTTC	82920
CGTTG	57544
CGTTT	100433
CTAAA	21743
CTAAC	15593
CTAAG	12587
CTAAT	9357
CTACA	37848
CTACC	28706
CTACG	33973
CTACT	22754
CTAGA	24157
CTAGC	22717
CTAGG	19699
CTAGT	14707
CTATA	18459
CTATC	27599
CTATG	19612
CTATT	17612
CTCAA	44758
CTCAC	53960
CTCAG	60048
CTCAT	35435
CTCCA	82497
CTCCC	88992
CTCCG	93611
CTCCT	99666
CTCGA	83678
CTCGC	121621
CTCGG	77758
CTCGT	83046
CTCTA	32418
CTCTC	173759
CTCTG	109925
CTCTT	114731
CTGAA	63577
CTGAC	48001
CTGAG	60079
CTGAT	31841
CTGCA	93906
CTGCC	88766
CTGCG	107662
CTGCT	88594
CTGGA	76939
CTGGC	70029
CTGGG	56398
CTGGT	50959
CTGTA	41617
CTGTC	102235
CTGTG	86374
CTGTT	76990
CTTAA	12489
CTTAC	23672
CTTAG	12808
CTTAT	14920
CTTCA	71628
CTTCC	120653
CTTCG	101738
CTTCT	137209
CTTGA	44451
CTTGC	70509
CTTGG	49871
CTTGT	59366
CTTTA	22423
CTTTC	118711
CTTTG	71363
CTTTT	105949
GAAAA	139918
GAAAC	108105
GAAAG	119110
GAAAT	53688
GAACA	70826
GAACC	55633
GAACG	82725
GAACT	50906
GAAGA	163522
GAAGC	106185
GAAGG	112367
GAAGT	53973
GAATA	25882
GAATC	50223
GAATG	50495
GAATT	33865
GACAA	67414
GACAC	83859
GACAG	100827
GACAT	39991
GACCA	38810
GACCC	36806
GACCG	53944
GACCT	37403
GACGA	96508
GACGC	108763
GACGG	87061
GACGT	53260
GACTA	16650
GACTC	60412
GACTG	63302
GACTT	44408
GAGAA	149664
GAGAC	125584
GAGAG	174775
GAGAT	55554
GAGCA	73441
GAGCC	61496
GAGCG	93377
GAGCT	54103
GAGGA	123143
GAGGC	118061
GAGGG	85847
GAGGT	50643
GAGTA	23512
GAGTC	60660
GAGTG	57576
GAGTT	50616
GATAA	20638
GATAC	32897
GATAG	28815
GATAT	32612
GATCA	27327
GATCC	41643
GATCG	42648
GATCT	42466
GATGA	45435
GATGC	63867
GATGG	45924
GATGT	46711
GATTA	11628
GATTC	50384
GATTG	30435
GATTT	47174
GCAAA	85175
GCAAC	64474
GCAAG	70621
GCAAT	30614
GCACA	82192
GCACC	54023
GCACG	77704
GCACT	50625
GCAGA	112091
GCAGC	111732
GCAGG	88459
GCAGT	66652
GCATA	36307
GCATC	63481
GCATG	82871
GCATT	47928
GCCAA	46219
GCCAC	64129
GCCAG	70455
GCCAT	37572
GCCCA	44028
GCCCC	59159
GCCCG	56997
GCCCT	50181
GCCGA	81106
GCCGC	112096
GCCGG	69048
GCCGT	74949
GCCTA	23828
GCCTC	117928
GCCTG	84807
GCCTT	85437
GCGAA	101220
GCGAC	95626
GCGAG	121697
GCGAT	46054
GCGCA	89212
GCGCC	104949
GCGCG	120313
GCGCT	78235
GCGGA	86890
GCGGC	111971
GCGGG	77629
GCGGT	58223
GCGTA	36203
GCGTC	109169
GCGTG	87593
GCGTT	81423
GCTAA	15398
GCTAC	30855
GCTAG	22184
GCTAT	17287
GCTCA	43438
GCTCC	76776
GCTCG	77699
GCTCT	83802
GCTGA	61301
GCTGC	112020
GCTGG	72840
GCTGT	82763
GCTTA	17778
GCTTC	105806
GCTTG	55546
GCTTT	74526
GGAAA	124591
GGAAC	71989
GGAAG	120910
GGAAT	40402
GGACA	64490
GGACC	38616
GGACG	77403
GGACT	40908
GGAGA	144114
GGAGC	76541
GGAGG	95948
GGAGT	49605
GGATA	27259
GGATC	41289
GGATG	50182
GGATT	35488
GGCAA	65996
GGCAC	60074
GGCAG	88509
GGCAT	44014
GGCCA	49858
GGCCC	44544
GGCCG	70039
GGCCT	60368
GGCGA	112367
GGCGC	105184
GGCGG	93098
GGCGT	75925
GGCTA	20550
GGCTC	61102
GGCTG	75397
GGCTT	52099
GGGAA	94089
GGGAC	57220
GGGAG	89212
GGGAT	35084
GGGCA	46963
GGGCC	44377
GGGCG	78227
GGGCT	40329
GGGGA	78071
GGGGC	59182
GGGGG	69006
GGGGT	37658
GGGTA	22487
GGGTC	36955
GGGTG	48189
GGGTT	41190
GGTAA	22499
GGTAC	27904
GGTAG	28605
GGTAT	22063
GGTCA	31833
GGTCC	38918
GGTCG	48960
GGTCT	47583
GGTGA	51808
GGTGC	53895
GGTGG	52100
GGTGT	60431
GGTTA	14037
GGTTC	56020
GGTTG	42142
GGTTT	60196
GTAAA	28482
GTAAC	20690
GTAAG	23496
GTAAT	12445
GTACA	46844
GTACC	28291
GTACG	36317
GTACT	22656
GTAGA	40853
GTAGC	31209
GTAGG	28635
GTAGT	22275
GTATA	35844
GTATC	32622
GTATG	36735
GTATT	24953
GTCAA	39669
GTCAC	46993
GTCAG	47935
GTCAT	29567
GTCCA	54045
GTCCC	57961
GTCCG	51615
GTCCT	59188
GTCGA	75232
GTCGC	95721
GTCGG	61703
GTCGT	60629
GTCTA	26819
GTCTC	125758
GTCTG	74541
GTCTT	83543
GTGAA	64531
GTGAC	46719
GTGAG	54188
GTGAT	29062
GTGCA	73952
GTGCC	60726
GTGCG	73946
GTGCT	56007
GTGGA	78504
GTGGC	64578
GTGGG	49902
GTGGT	43662
GTGTA	49561
GTGTC	83527
GTGTG	91330
GTGTT	62796
GTTAA	14252
GTTAC	20209
GTTAG	15535
GTTAT	15652
GTTCA	48498
GTTCC	71065
GTTCG	65020
GTTCT	74714
GTTGA	43696
GTTGC	65116
GTTGG	40545
GTTGT	51139
GTTTA	24326
GTTTC	108344
GTTTG	67330
GTTTT	98797
TAAAA	29347
TAAAC	24224
TAAAG	22236
TAAAT	21185
TAACA	17341
TAACC	14243
TAACG	19000
TAACT	15793
TAAGA	17169
TAAGC	17591
TAAGG	16119
TAAGT	12498
TAATA	8726
TAATC	11820
TAATG	12818
TAATT	10782
TACAA	27814
TACAC	49819
TACAG	41958
TACAT	48151
TACCA	23889
TACCC	22185
TACCG	26089
TACCT	29055
TACGA	26777
TACGC	36200
TACGG	28204
TACGT	31226
TACTA	10009
TACTC	23766
TACTG	24724
TACTT	23381
TAGAA	27434
TAGAC	26624
TAGAG	32555
TAGAT	30547
TAGCA	21526
TAGCC	20674
TAGCG	23152
TAGCT	21525
TAGGA	20290
TAGGC	23630
TAGGG	19090
TAGGT	19821
TAGTA	9712
TAGTC	16962
TAGTG	18077
TAGTT	16977
TATAA	15542
TATAC	36257
TATAG	18503
TATAT	177420
TATCA	18447
TATCC	26996
TATCG	25436
TATCT	42114
TATGA	18361
TATGC	36116
TATGG	21228
TATGT	46253
TATTA	8632
TATTC	25793
TATTG	16971
TATTT	35026
TCAAA	48652
TCAAC	43875
TCAAG	44171
TCAAT	23858
TCACA	48039
TCACC	51470
TCACG	51447
TCACT	43293
TCAGA	51599
TCAGC	61205
TCAGG	48488
TCAGT	40874
TCATA	18460
TCATC	44910
TCATG	35394
TCATT	32642
TCCAA	44563
TCCAC	79422
TCCAG	76919
TCCAT	46550
TCCCA	47250
TCCCC	78480
TCCCG	68794
TCCCT	81546
TCCGA	52893
TCCGC	86593
TCCGG	56557
TCCGT	71774
TCCTA	20664
TCCTC	122693
TCCTG	78657
TCCTT	85674
TCGAA	63767
TCGAC	75041
TCGAG	83628
TCGAT	47112
TCGCA	62476
TCGCC	112279
TCGCG	100633
TCGCT	88510
TCGGA	52923
TCGGC	81534
TCGGG	52481
TCGGT	48436
TCGTA	27084
TCGTC	96605
TCGTG	66465
TCGTT	67248
TCTAA	17028
TCTAC	40913
TCTAG	24400
TCTAT	33817
TCTCA	58369
TCTCC	142329
TCTCG	121102
TCTCT	181686
TCTGA	51856
TCTGC	111599
TCTGG	67802
TCTGT	103118
TCTTA	17380
TCTTC	160151
TCTTG	69594
TCTTT	111620
TGAAA	61897
TGAAC	49008
TGAAG	73192
TGAAT	36283
TGACA	42915
TGACC	31626
TGACG	53766
TGACT	35323
TGAGA	58716
TGAGC	43868
TGAGG	56953
TGAGT	34794
TGATA	18647
TGATC	27574
TGATG	37660
TGATT	29207
TGCAA	57590
TGCAC	73957
TGCAG	94425
TGCAT	84086
TGCCA	49304
TGCCC	47600
TGCCG	77945
TGCCT	84367
TGCGA	62881
TGCGC	88580
TGCGG	71738
TGCGT	83041
TGCTA	21002
TGCTC	73324
TGCTG	82711
TGCTT	73259
TGGAA	68952
TGGAC	53414
TGGAG	82120
TGGAT	41998
TGGCA	49421
TGGCC	49987
TGGCG	73879
TGGCT	45943
TGGGA	47026
TGGGC	44016
TGGGG	47896
TGGGT	33434
TGGTA	23495
TGGTC	38869
TGGTG	52378
TGGTT	41556
TGTAA	24118
TGTAC	46857
TGTAG	37386
TGTAT	58411
TGTCA	43264
TGTCC	64740
TGTCG	80211
TGTCT	104909
TGTGA	47784
TGTGC	82066
TGTGG	66701
TGTGT	100663
TGTTA	17301
TGTTC	69735
TGTTG	55731
TGTTT	89444
TTAAA	18350
TTAAC	14194
TTAAG	12326
TTAAT	9970
TTACA	24379
TTACC	22518
TTACG	20864
TTACT	17332
TTAGA	17034
TTAGC	15556
TTAGG	15412
TTAGT	11516
TTATA	15606
TTATC	20257
TTATG	18315
TTATT	17524
TTCAA	46313
TTCAC	64491
TTCAG	62842
TTCAT	44685
TTCCA	68678
TTCCC	94072
TTCCG	81834
TTCCT	111938
TTCGA	63823
TTCGC	100471
TTCGG	60496
TTCGT	80689
TTCTA	27679
TTCTC	148893
TTCTG	95731
TTCTT	119163
TTGAA	46951
TTGAC	39558
TTGAG	44874
TTGAT	30164
TTGCA	58043
TTGCC	65722
TTGCG	62863
TTGCT	64761
TTGGA	44470
TTGGC	46928
TTGGG	35648
TTGGT	36221
TTGTA	27939
TTGTC	67374
TTGTG	60831
TTGTT	57709
TTTAA	18260
TTTAC	28856
TTTAG	21829
TTTAT	28867
TTTCA	61986
TTTCC	124087
TTTCG	95783
TTTCT	138907
TTTGA	49402
TTTGC	84755
TTTGG	51644
TTTGT	78508
TTTTA	29744
TTTTC	140007
TTTTG	82750
TTTTT	125654
