kmer	Nitzschia_sp._pyKryTriq1
AAAAA	77601
AAAAC	49609
AAAAG	74690
AAAAT	68860
AAACA	54984
AAACC	34140
AAACG	41044
AAACT	39538
AAAGA	75907
AAAGC	49083
AAAGG	50529
AAAGT	52738
AAATA	48657
AAATC	55898
AAATG	54953
AAATT	49733
AACAA	94749
AACAC	35722
AACAG	41115
AACAT	44409
AACCA	43826
AACCC	24860
AACCG	23514
AACCT	24219
AACGA	56751
AACGC	29661
AACGG	28535
AACGT	27164
AACTA	25287
AACTC	35456
AACTG	31741
AACTT	40053
AAGAA	110114
AAGAC	50252
AAGAG	56098
AAGAT	58520
AAGCA	54399
AAGCC	37440
AAGCG	33770
AAGCT	39574
AAGGA	62186
AAGGC	42187
AAGGG	31712
AAGGT	33690
AAGTA	44228
AAGTC	44639
AAGTG	38436
AAGTT	40081
AATAA	47711
AATAC	42380
AATAG	32082
AATAT	47286
AATCA	54908
AATCC	44026
AATCG	46718
AATCT	41568
AATGA	61875
AATGC	41988
AATGG	50308
AATGT	40799
AATTA	22520
AATTC	49714
AATTG	45259
AATTT	49920
ACAAA	64263
ACAAC	67979
ACAAG	64774
ACAAT	54630
ACACA	34714
ACACC	30816
ACACG	27592
ACACT	28592
ACAGA	35866
ACAGC	39906
ACAGG	26872
ACAGT	45183
ACATA	25988
ACATC	43167
ACATG	38854
ACATT	41207
ACCAA	56078
ACCAC	52242
ACCAG	46962
ACCAT	47741
ACCCA	32821
ACCCC	23100
ACCCG	22147
ACCCT	20568
ACCGA	38041
ACCGC	27823
ACCGG	39807
ACCGT	28701
ACCTA	14226
ACCTC	28596
ACCTG	27803
ACCTT	33945
ACGAA	60807
ACGAC	65173
ACGAG	52676
ACGAT	52034
ACGCA	30157
ACGCC	28329
ACGCG	21716
ACGCT	24404
ACGGA	34507
ACGGC	30918
ACGGG	22828
ACGGT	28876
ACGTA	26801
ACGTC	31487
ACGTG	25628
ACGTT	27384
ACTAA	17818
ACTAC	62927
ACTAG	32689
ACTAT	31330
ACTCA	30846
ACTCC	35034
ACTCG	41498
ACTCT	40024
ACTGA	32260
ACTGC	39847
ACTGG	41638
ACTGT	45243
ACTTA	14191
ACTTC	47373
ACTTG	53093
ACTTT	52245
AGAAA	72122
AGAAC	44967
AGAAG	79632
AGAAT	55764
AGACA	38849
AGACC	26841
AGACG	40965
AGACT	36354
AGAGA	57403
AGAGC	39146
AGAGG	40424
AGAGT	40509
AGATA	30638
AGATC	40319
AGATG	46634
AGATT	41498
AGCAA	65818
AGCAC	37317
AGCAG	65138
AGCAT	43793
AGCCA	40904
AGCCC	23024
AGCCG	28154
AGCCT	27127
AGCGA	41060
AGCGC	25717
AGCGG	26491
AGCGT	24130
AGCTA	28495
AGCTC	37809
AGCTG	36351
AGCTT	39686
AGGAA	57047
AGGAC	34902
AGGAG	55157
AGGAT	44364
AGGCA	34535
AGGCC	24836
AGGCG	29247
AGGCT	26770
AGGGA	31556
AGGGC	22583
AGGGG	21489
AGGGT	20612
AGGTA	27835
AGGTC	25740
AGGTG	28050
AGGTT	24076
AGTAA	27938
AGTAC	65104
AGTAG	72909
AGTAT	39704
AGTCA	36871
AGTCC	29381
AGTCG	43793
AGTCT	36315
AGTGA	33895
AGTGC	32084
AGTGG	40523
AGTGT	28576
AGTTA	13746
AGTTC	36708
AGTTG	42459
AGTTT	39146
ATAAA	32398
ATAAC	20089
ATAAG	18631
ATAAT	44323
ATACA	34611
ATACC	32049
ATACG	26116
ATACT	39370
ATAGA	27825
ATAGC	22731
ATAGG	16654
ATAGT	31157
ATATA	23141
ATATC	39417
ATATG	28403
ATATT	47156
ATCAA	67130
ATCAC	39592
ATCAG	35483
ATCAT	91826
ATCCA	63230
ATCCC	34479
ATCCG	33633
ATCCT	44546
ATCGA	64021
ATCGC	39834
ATCGG	38909
ATCGT	52076
ATCTA	24901
ATCTC	42789
ATCTG	32059
ATCTT	59228
ATGAA	62983
ATGAC	47592
ATGAG	39795
ATGAT	91813
ATGCA	43266
ATGCC	39096
ATGCG	30613
ATGCT	43846
ATGGA	61058
ATGGC	46454
ATGGG	35697
ATGGT	48549
ATGTA	32464
ATGTC	39472
ATGTG	32563
ATGTT	44440
ATTAA	15354
ATTAC	26018
ATTAG	17141
ATTAT	44449
ATTCA	50053
ATTCC	48907
ATTCG	48113
ATTCT	56295
ATTGA	53756
ATTGC	46034
ATTGG	49027
ATTGT	54773
ATTTA	23594
ATTTC	59937
ATTTG	56155
ATTTT	69104
CAAAA	82062
CAAAC	52062
CAAAG	64481
CAAAT	56625
CAACA	88456
CAACC	39037
CAACG	47637
CAACT	41934
CAAGA	80269
CAAGC	50488
CAAGG	55954
CAAGT	52599
CAATA	46011
CAATC	55719
CAATG	56400
CAATT	45095
CACAA	51762
CACAC	29300
CACAG	29590
CACAT	32689
CACCA	66750
CACCC	28371
CACCG	33895
CACCT	27775
CACGA	39801
CACGC	24841
CACGG	26009
CACGT	25591
CACTA	25312
CACTC	34375
CACTG	36399
CACTT	38125
CAGAA	47652
CAGAC	30179
CAGAG	34161
CAGAT	32508
CAGCA	80856
CAGCC	33605
CAGCG	33649
CAGCT	36418
CAGGA	37663
CAGGC	24723
CAGGG	22105
CAGGT	27615
CAGTA	52163
CAGTC	38053
CAGTG	36426
CAGTT	31714
CATAA	23451
CATAC	32519
CATAG	21867
CATAT	28049
CATCA	90637
CATCC	53586
CATCG	62132
CATCT	46416
CATGA	52627
CATGC	40445
CATGG	52486
CATGT	38605
CATTA	26180
CATTC	57204
CATTG	56288
CATTT	54740
CCAAA	68191
CCAAC	52728
CCAAG	62280
CCAAT	48259
CCACA	41990
CCACC	56267
CCACG	33545
CCACT	39986
CCAGA	38606
CCAGC	46746
CCAGG	30799
CCAGT	41075
CCATA	27178
CCATC	60397
CCATG	52853
CCATT	50438
CCCAA	45283
CCCAC	30915
CCCAG	28182
CCCAT	35431
CCCCA	31183
CCCCC	27125
CCCCG	22114
CCCCT	21333
CCCGA	32202
CCCGC	24666
CCCGG	17331
CCCGT	22713
CCCTA	11833
CCCTC	30152
CCCTG	21643
CCCTT	32214
CCGAA	44699
CCGAC	38996
CCGAG	34742
CCGAT	39172
CCGCA	29614
CCGCC	42316
CCGCG	22804
CCGCT	26934
CCGGA	24461
CCGGC	25128
CCGGG	17148
CCGGT	39966
CCGTA	24223
CCGTC	38289
CCGTG	25683
CCGTT	28839
CCTAA	8748
CCTAC	24912
CCTAG	10319
CCTAT	16484
CCTCA	29455
CCTCC	51263
CCTCG	43282
CCTCT	40584
CCTGA	22525
CCTGC	31562
CCTGG	31101
CCTGT	27140
CCTTA	11566
CCTTC	51919
CCTTG	57151
CCTTT	50763
CGAAA	62925
CGAAC	39706
CGAAG	60108
CGAAT	48430
CGACA	51421
CGACC	39303
CGACG	64492
CGACT	44104
CGAGA	49649
CGAGC	38873
CGAGG	43369
CGAGT	41901
CGATA	34832
CGATC	50903
CGATG	62452
CGATT	46598
CGCAA	38880
CGCAC	26662
CGCAG	28313
CGCAT	30947
CGCCA	45292
CGCCC	27438
CGCCG	37968
CGCCT	29719
CGCGA	29315
CGCGC	23885
CGCGG	23235
CGCGT	21665
CGCTA	18853
CGCTC	31765
CGCTG	33948
CGCTT	33696
CGGAA	42704
CGGAC	26563
CGGAG	31208
CGGAT	33981
CGGCA	41131
CGGCC	29365
CGGCG	38229
CGGCT	28195
CGGGA	29012
CGGGC	22669
CGGGG	22667
CGGGT	22102
CGGTA	48423
CGGTC	29216
CGGTG	34138
CGGTT	23552
CGTAA	18101
CGTAC	39904
CGTAG	27606
CGTAT	26231
CGTCA	46698
CGTCC	40689
CGTCG	64264
CGTCT	40817
CGTGA	27093
CGTGC	27659
CGTGG	33781
CGTGT	27596
CGTTA	13789
CGTTC	40006
CGTTG	48057
CGTTT	40894
CTAAA	18364
CTAAC	11803
CTAAG	9065
CTAAT	17130
CTACA	34225
CTACC	36910
CTACG	27722
CTACT	72533
CTAGA	24828
CTAGC	23872
CTAGG	10363
CTAGT	32504
CTATA	14697
CTATC	29659
CTATG	22173
CTATT	32245
CTCAA	43161
CTCAC	26329
CTCAG	21342
CTCAT	39680
CTCCA	53070
CTCCC	34101
CTCCG	30976
CTCCT	54447
CTCGA	50794
CTCGC	35504
CTCGG	34438
CTCGT	53108
CTCTA	34831
CTCTC	51693
CTCTG	33964
CTCTT	56677
CTGAA	35098
CTGAC	28914
CTGAG	21058
CTGAT	35488
CTGCA	39946
CTGCC	39497
CTGCG	28430
CTGCT	65269
CTGGA	47487
CTGGC	34463
CTGGG	28131
CTGGT	47800
CTGTA	39690
CTGTC	37143
CTGTG	29890
CTGTT	41657
CTTAA	8403
CTTAC	18102
CTTAG	9014
CTTAT	18954
CTTCA	53900
CTTCC	62041
CTTCG	59942
CTTCT	80286
CTTGA	58645
CTTGC	54144
CTTGG	63925
CTTGT	64943
CTTTA	22990
CTTTC	66081
CTTTG	64532
CTTTT	74258
GAAAA	77044
GAAAC	52475
GAAAG	65859
GAAAT	60369
GAACA	52083
GAACC	32455
GAACG	40080
GAACT	36923
GAAGA	101481
GAAGC	54391
GAAGG	51856
GAAGT	48028
GAATA	41389
GAATC	54886
GAATG	57603
GAATT	49867
GACAA	58803
GACAC	33055
GACAG	37253
GACAT	39696
GACCA	42882
GACCC	25316
GACCG	28959
GACCT	25042
GACGA	90469
GACGC	32487
GACGG	38480
GACGT	31488
GACTA	27633
GACTC	36160
GACTG	38084
GACTT	44755
GAGAA	62190
GAGAC	38528
GAGAG	52005
GAGAT	42815
GAGCA	45652
GAGCC	31135
GAGCG	31435
GAGCT	37849
GAGGA	70224
GAGGC	34994
GAGGG	30461
GAGGT	29304
GAGTA	42492
GAGTC	36176
GAGTG	34925
GAGTT	35118
GATAA	28457
GATAC	38135
GATAG	29648
GATAT	39778
GATCA	48403
GATCC	47607
GATCG	50984
GATCT	40837
GATGA	96737
GATGC	51886
GATGG	61481
GATGT	43601
GATTA	20627
GATTC	55254
GATTG	55790
GATTT	55553
GCAAA	55621
GCAAC	48691
GCAAG	54169
GCAAT	46001
GCACA	32041
GCACC	34394
GCACG	27812
GCACT	31897
GCAGA	39216
GCAGC	62307
GCAGG	31922
GCAGT	39987
GCATA	22277
GCATC	52540
GCATG	39880
GCATT	41897
GCCAA	54375
GCCAC	39115
GCCAG	34211
GCCAT	46638
GCCCA	31487
GCCCC	22370
GCCCG	22728
GCCCT	22595
GCCGA	41766
GCCGC	38681
GCCGG	25129
GCCGT	31346
GCCTA	13634
GCCTC	35035
GCCTG	25117
GCCTT	42869
GCGAA	39389
GCGAC	38046
GCGAG	35523
GCGAT	39952
GCGCA	25429
GCGCC	26843
GCGCG	24155
GCGCT	25849
GCGGA	30329
GCGGC	38526
GCGGG	24930
GCGGT	28085
GCGTA	17390
GCGTC	32316
GCGTG	25007
GCGTT	29512
GCTAA	13558
GCTAC	35343
GCTAG	23726
GCTAT	23141
GCTCA	30336
GCTCC	37396
GCTCG	38991
GCTCT	39429
GCTGA	34928
GCTGC	62489
GCTGG	46836
GCTGT	40656
GCTTA	11196
GCTTC	54625
GCTTG	50608
GCTTT	48828
GGAAA	60149
GGAAC	42591
GGAAG	61999
GGAAT	49081
GGACA	35259
GGACC	26301
GGACG	40395
GGACT	29490
GGAGA	48613
GGAGC	37927
GGAGG	51563
GGAGT	35463
GGATA	30500
GGATC	47805
GGATG	53887
GGATT	44236
GGCAA	47934
GGCAC	30406
GGCAG	39724
GGCAT	38563
GGCCA	35500
GGCCC	20316
GGCCG	29417
GGCCT	24981
GGCGA	42860
GGCGC	27211
GGCGG	42288
GGCGT	28612
GGCTA	17211
GGCTC	30923
GGCTG	33472
GGCTT	37280
GGGAA	39552
GGGAC	26471
GGGAG	34240
GGGAT	34193
GGGCA	28483
GGGCC	20504
GGGCG	27757
GGGCT	22846
GGGGA	29733
GGGGC	22523
GGGGG	26957
GGGGT	23757
GGGTA	19972
GGGTC	26005
GGGTG	29435
GGGTT	25017
GGTAA	20891
GGTAC	55923
GGTAG	37544
GGTAT	32175
GGTCA	29231
GGTCC	28180
GGTCG	40104
GGTCT	27386
GGTGA	35506
GGTGC	35187
GGTGG	57220
GGTGT	31417
GGTTA	10751
GGTTC	32913
GGTTG	39184
GGTTT	34377
GTAAA	28112
GTAAC	16716
GTAAG	18079
GTAAT	26237
GTACA	50968
GTACC	55462
GTACG	40393
GTACT	64964
GTAGA	48104
GTAGC	35092
GTAGG	26219
GTAGT	63368
GTATA	19162
GTATC	38279
GTATG	32546
GTATT	42505
GTCAA	50387
GTCAC	29855
GTCAG	28732
GTCAT	47380
GTCCA	43735
GTCCC	26997
GTCCG	27125
GTCCT	35639
GTCGA	57144
GTCGC	37860
GTCGG	39745
GTCGT	64645
GTCTA	24353
GTCTC	38596
GTCTG	30200
GTCTT	50150
GTGAA	35406
GTGAC	29816
GTGAG	26603
GTGAT	39812
GTGCA	32138
GTGCC	30643
GTGCG	26828
GTGCT	37711
GTGGA	49866
GTGGC	39614
GTGGG	32092
GTGGT	52113
GTGTA	23720
GTGTC	32905
GTGTG	29588
GTGTT	35504
GTTAA	9956
GTTAC	16844
GTTAG	11681
GTTAT	20045
GTTCA	34149
GTTCC	42529
GTTCG	39777
GTTCT	45382
GTTGA	47786
GTTGC	48834
GTTGG	53811
GTTGT	67714
GTTTA	15383
GTTTC	52754
GTTTG	51853
GTTTT	49473
TAAAA	34053
TAAAC	15558
TAAAG	23226
TAAAT	23386
TAACA	20472
TAACC	10787
TAACG	13351
TAACT	14141
TAAGA	17326
TAAGC	11221
TAAGG	11436
TAAGT	14020
TAATA	33401
TAATC	20717
TAATG	26014
TAATT	22719
TACAA	46332
TACAC	23637
TACAG	39869
TACAT	32422
TACCA	49565
TACCC	20085
TACCG	48003
TACCT	27535
TACGA	43667
TACGC	17617
TACGG	24105
TACGT	27057
TACTA	66532
TACTC	41411
TACTG	52763
TACTT	43969
TAGAA	32529
TAGAC	24051
TAGAG	35218
TAGAT	25246
TAGCA	31159
TAGCC	17029
TAGCG	18545
TAGCT	28500
TAGGA	21397
TAGGC	13484
TAGGG	11962
TAGGT	15092
TAGTA	66772
TAGTC	27492
TAGTG	25291
TAGTT	25146
TATAA	15823
TATAC	19112
TATAG	14770
TATAT	23004
TATCA	40084
TATCC	30669
TATCG	35006
TATCT	30156
TATGA	30944
TATGC	22502
TATGG	27483
TATGT	25934
TATTA	33635
TATTC	41196
TATTG	46254
TATTT	48577
TCAAA	67155
TCAAC	47666
TCAAG	58087
TCAAT	54335
TCACA	34596
TCACC	35314
TCACG	27293
TCACT	33737
TCAGA	30812
TCAGC	35570
TCAGG	22513
TCAGT	32111
TCATA	30443
TCATC	96666
TCATG	52575
TCATT	60870
TCCAA	75721
TCCAC	49515
TCCAG	47871
TCCAT	61055
TCCCA	44315
TCCCC	29156
TCCCG	29923
TCCCT	31346
TCCGA	45601
TCCGC	30498
TCCGG	24436
TCCGT	34274
TCCTA	20770
TCCTC	70801
TCCTG	37765
TCCTT	62371
TCGAA	66274
TCGAC	57105
TCGAG	50851
TCGAT	63627
TCGCA	39602
TCGCC	42929
TCGCG	29425
TCGCT	41075
TCGGA	45158
TCGGC	42348
TCGGG	31544
TCGGT	38402
TCGTA	43428
TCGTC	90376
TCGTG	39811
TCGTT	57010
TCTAA	16238
TCTAC	48208
TCTAG	24833
TCTAT	27819
TCTCA	39875
TCTCC	48902
TCTCG	50073
TCTCT	57125
TCTGA	30845
TCTGC	39244
TCTGG	38306
TCTGT	35341
TCTTA	17520
TCTTC	102253
TCTTG	80804
TCTTT	76026
TGAAA	60550
TGAAC	34278
TGAAG	54018
TGAAT	50469
TGACA	43278
TGACC	29754
TGACG	47071
TGACT	36684
TGAGA	39875
TGAGC	30125
TGAGG	29627
TGAGT	30838
TGATA	40048
TGATC	48803
TGATG	90732
TGATT	54892
TGCAA	51850
TGCAC	31759
TGCAG	40257
TGCAT	43291
TGCCA	52642
TGCCC	28400
TGCCG	41384
TGCCT	34828
TGCGA	39675
TGCGC	25463
TGCGG	29857
TGCGT	29819
TGCTA	31210
TGCTC	45654
TGCTG	81138
TGCTT	54595
TGGAA	74517
TGGAC	43509
TGGAG	52962
TGGAT	63890
TGGCA	52478
TGGCC	35509
TGGCG	45738
TGGCT	41075
TGGGA	44155
TGGGC	31815
TGGGG	31860
TGGGT	33960
TGGTA	50304
TGGTC	43940
TGGTG	67707
TGGTT	44580
TGTAA	22216
TGTAC	50858
TGTAG	34724
TGTAT	34382
TGTCA	43554
TGTCC	35246
TGTCG	51234
TGTCT	38782
TGTGA	35143
TGTGC	32389
TGTGG	42162
TGTGT	34128
TGTTA	20240
TGTTC	52209
TGTTG	88445
TGTTT	55046
TTAAA	17349
TTAAC	10143
TTAAG	8228
TTAAT	15161
TTACA	22458
TTACC	20767
TTACG	18215
TTACT	27808
TTAGA	16287
TTAGC	13538
TTAGG	8699
TTAGT	17672
TTATA	15710
TTATC	28560
TTATG	23740
TTATT	47756
TTCAA	66567
TTCAC	35164
TTCAG	35449
TTCAT	61669
TTCCA	74127
TTCCC	39163
TTCCG	43075
TTCCT	57075
TTCGA	65898
TTCGC	39833
TTCGG	44360
TTCGT	60796
TTCTA	33013
TTCTC	62896
TTCTG	47513
TTCTT	110548
TTGAA	65828
TTGAC	50465
TTGAG	43010
TTGAT	67362
TTGCA	51807
TTGCC	48018
TTGCG	38943
TTGCT	65770
TTGGA	76466
TTGGC	54268
TTGGG	45875
TTGGT	58068
TTGTA	46306
TTGTC	59296
TTGTG	51781
TTGTT	94338
TTTAA	17168
TTTAC	28284
TTTAG	18360
TTTAT	32319
TTTCA	60747
TTTCC	59963
TTTCG	63055
TTTCT	72007
TTTGA	66479
TTTGC	55525
TTTGG	67915
TTTGT	64291
TTTTA	34164
TTTTC	77000
TTTTG	81671
TTTTT	76596
