kmer	Peronospora_effusa
AAAAA	56751
AAAAC	35280
AAAAG	46575
AAAAT	41661
AAACA	37202
AAACC	20824
AAACG	29072
AAACT	29155
AAAGA	42112
AAAGC	38471
AAAGG	26450
AAAGT	37251
AAATA	29639
AAATC	27084
AAATG	39892
AAATT	36690
AACAA	40291
AACAC	26449
AACAG	25907
AACAT	29294
AACCA	22950
AACCC	12199
AACCG	14651
AACCT	17517
AACGA	30068
AACGC	22984
AACGG	18334
AACGT	26718
AACTA	16595
AACTC	21982
AACTG	22663
AACTT	30485
AAGAA	50023
AAGAC	34252
AAGAG	33695
AAGAT	34132
AAGCA	39448
AAGCC	21848
AAGCG	28904
AAGCT	38832
AAGGA	29593
AAGGC	22455
AAGGG	14198
AAGGT	25140
AAGTA	30023
AAGTC	29421
AAGTG	34718
AAGTT	30439
AATAA	27825
AATAC	25527
AATAG	20237
AATAT	29517
AATCA	28336
AATCC	18409
AATCG	24038
AATCT	25646
AATGA	36583
AATGC	32609
AATGG	31029
AATGT	32975
AATTA	23534
AATTC	25368
AATTG	36232
AATTT	36647
ACAAA	42372
ACAAC	30703
ACAAG	38918
ACAAT	35485
ACACA	28622
ACACC	22354
ACACG	26935
ACACT	24979
ACAGA	24431
ACAGC	32315
ACAGG	18881
ACAGT	23079
ACATA	19654
ACATC	29254
ACATG	30713
ACATT	33411
ACCAA	31969
ACCAC	27863
ACCAG	23996
ACCAT	26012
ACCCA	18995
ACCCC	9887
ACCCG	13052
ACCCT	12460
ACCGA	20093
ACCGC	16656
ACCGG	11937
ACCGT	19399
ACCTA	10985
ACCTC	20743
ACCTG	19778
ACCTT	25094
ACGAA	32484
ACGAC	34922
ACGAG	31282
ACGAT	30152
ACGCA	27846
ACGCC	18954
ACGCG	20121
ACGCT	26561
ACGGA	22327
ACGGC	19964
ACGGG	13562
ACGGT	19279
ACGTA	23322
ACGTC	31382
ACGTG	30111
ACGTT	26768
ACTAA	16970
ACTAC	21939
ACTAG	14447
ACTAT	18580
ACTCA	22359
ACTCC	15692
ACTCG	25866
ACTCT	19503
ACTGA	23766
ACTGC	29020
ACTGG	23005
ACTGT	22758
ACTTA	17833
ACTTC	29443
ACTTG	40140
ACTTT	37292
AGAAA	39438
AGAAC	23228
AGAAG	40989
AGAAT	26526
AGACA	28394
AGACC	18606
AGACG	30226
AGACT	22227
AGAGA	28042
AGAGC	26456
AGAGG	18819
AGAGT	19837
AGATA	21567
AGATC	24554
AGATG	32495
AGATT	25672
AGCAA	44200
AGCAC	33246
AGCAG	39750
AGCAT	31169
AGCCA	28712
AGCCC	12211
AGCCG	17789
AGCCT	17722
AGCGA	28167
AGCGC	24460
AGCGG	17444
AGCGT	26220
AGCTA	21616
AGCTC	33454
AGCTG	37839
AGCTT	38660
AGGAA	27754
AGGAC	19592
AGGAG	24048
AGGAT	20125
AGGCA	21379
AGGCC	12408
AGGCG	16152
AGGCT	17709
AGGGA	12550
AGGGC	10584
AGGGG	8096
AGGGT	12382
AGGTA	17794
AGGTC	17833
AGGTG	23721
AGGTT	17736
AGTAA	22036
AGTAC	24795
AGTAG	21608
AGTAT	23670
AGTCA	25305
AGTCC	17504
AGTCG	25269
AGTCT	21927
AGTGA	27762
AGTGC	26510
AGTGG	25110
AGTGT	24834
AGTTA	14402
AGTTC	20274
AGTTG	27656
AGTTT	29252
ATAAA	29583
ATAAC	16790
ATAAG	18108
ATAAT	25757
ATACA	27084
ATACC	18109
ATACG	20484
ATACT	23525
ATAGA	18154
ATAGC	19347
ATAGG	10311
ATAGT	18483
ATATA	22567
ATATC	24495
ATATG	22113
ATATT	29503
ATCAA	37611
ATCAC	28354
ATCAG	25561
ATCAT	33935
ATCCA	31145
ATCCC	12953
ATCCG	18497
ATCCT	20337
ATCGA	32525
ATCGC	24033
ATCGG	18473
ATCGT	30366
ATCTA	17502
ATCTC	26882
ATCTG	25254
ATCTT	33956
ATGAA	37490
ATGAC	31555
ATGAG	26409
ATGAT	33669
ATGCA	35173
ATGCC	21744
ATGCG	21589
ATGCT	31444
ATGGA	33920
ATGGC	28006
ATGGG	17533
ATGGT	26138
ATGTA	26950
ATGTC	29007
ATGTG	28006
ATGTT	28658
ATTAA	23514
ATTAC	22205
ATTAG	15612
ATTAT	26039
ATTCA	29081
ATTCC	21118
ATTCG	23011
ATTCT	26711
ATTGA	35766
ATTGC	34832
ATTGG	28444
ATTGT	35523
ATTTA	25531
ATTTC	30054
ATTTG	36308
ATTTT	41831
CAAAA	47202
CAAAC	32133
CAAAG	38451
CAAAT	36107
CAACA	39064
CAACC	19738
CAACG	28726
CAACT	27486
CAAGA	42966
CAAGC	35404
CAAGG	24761
CAAGT	39691
CAATA	30632
CAATC	28461
CAATG	38597
CAATT	36227
CACAA	35174
CACAC	25892
CACAG	23426
CACAT	27729
CACCA	35780
CACCC	15685
CACCG	20396
CACCT	23735
CACGA	32553
CACGC	24119
CACGG	18551
CACGT	29681
CACTA	20027
CACTC	22497
CACTG	27482
CACTT	35004
CAGAA	27519
CAGAC	23470
CAGAG	20936
CAGAT	25074
CAGCA	50464
CAGCC	22957
CAGCG	28563
CAGCT	37150
CAGGA	23619
CAGGC	16176
CAGGG	10690
CAGGT	20189
CAGTA	24656
CAGTC	23691
CAGTG	27671
CAGTT	22438
CATAA	19823
CATAC	20899
CATAG	14893
CATAT	22065
CATCA	41410
CATCC	25643
CATCG	31542
CATCT	31944
CATGA	31770
CATGC	25847
CATGG	26573
CATGT	30683
CATTA	25423
CATTC	29460
CATTG	38588
CATTT	40067
CCAAA	31235
CCAAC	23414
CCAAG	30452
CCAAT	28123
CCACA	27591
CCACC	24662
CCACG	24022
CCACT	25124
CCAGA	21116
CCAGC	29477
CCAGG	14873
CCAGT	22770
CCATA	17869
CCATC	29534
CCATG	26793
CCATT	31132
CCCAA	18154
CCCAC	15683
CCCAG	13535
CCCAT	17451
CCCCA	12144
CCCCC	7068
CCCCG	7469
CCCCT	7907
CCCGA	12679
CCCGC	9100
CCCGG	6836
CCCGT	13531
CCCTA	6711
CCCTC	11874
CCCTG	10780
CCCTT	13807
CCGAA	17281
CCGAC	19241
CCGAG	17691
CCGAT	18517
CCGCA	16665
CCGCC	13852
CCGCG	12271
CCGCT	17435
CCGGA	11945
CCGGC	10911
CCGGG	6773
CCGGT	11981
CCGTA	14783
CCGTC	23226
CCGTG	18880
CCGTT	18476
CCTAA	9633
CCTAC	12119
CCTAG	7591
CCTAT	10489
CCTCA	19735
CCTCC	19356
CCTCG	20115
CCTCT	18860
CCTGA	16864
CCTGC	20122
CCTGG	14912
CCTGT	18338
CCTTA	13177
CCTTC	26875
CCTTG	24328
CCTTT	26354
CGAAA	29744
CGAAC	19207
CGAAG	29612
CGAAT	23194
CGACA	33411
CGACC	20216
CGACG	33416
CGACT	25436
CGAGA	28256
CGAGC	27943
CGAGG	20275
CGAGT	25606
CGATA	22853
CGATC	26565
CGATG	31504
CGATT	24386
CGCAA	27558
CGCAC	21326
CGCAG	22751
CGCAT	21540
CGCCA	25361
CGCCC	10356
CGCCG	16682
CGCCT	16146
CGCGA	20232
CGCGC	17511
CGCGG	12211
CGCGT	20178
CGCTA	16929
CGCTC	22048
CGCTG	28854
CGCTT	29252
CGGAA	18992
CGGAC	16985
CGGAG	16114
CGGAT	18542
CGGCA	22209
CGGCC	12502
CGGCG	16689
CGGCT	17928
CGGGA	11297
CGGGC	10006
CGGGG	7483
CGGGT	13157
CGGTA	16631
CGGTC	16754
CGGTG	20039
CGGTT	14615
CGTAA	20583
CGTAC	23631
CGTAG	18137
CGTAT	20221
CGTCA	35455
CGTCC	22810
CGTCG	33334
CGTCT	30345
CGTGA	27245
CGTGC	27215
CGTGG	24471
CGTGT	26894
CGTTA	16740
CGTTC	23594
CGTTG	28515
CGTTT	29579
CTAAA	20622
CTAAC	11122
CTAAG	12661
CTAAT	16098
CTACA	25529
CTACC	16336
CTACG	18637
CTACT	21551
CTAGA	14890
CTAGC	15634
CTAGG	7644
CTAGT	14426
CTATA	13855
CTATC	17502
CTATG	15222
CTATT	20537
CTCAA	30217
CTCAC	21489
CTCAG	18837
CTCAT	25850
CTCCA	30501
CTCCC	11401
CTCCG	16034
CTCCT	23904
CTCGA	30680
CTCGC	22431
CTCGG	17836
CTCGT	31237
CTCTA	16214
CTCTC	22008
CTCTG	20549
CTCTT	33475
CTGAA	27261
CTGAC	22651
CTGAG	18843
CTGAT	25915
CTGCA	40155
CTGCC	21196
CTGCG	22827
CTGCT	39734
CTGGA	30068
CTGGC	21091
CTGGG	13480
CTGGT	24519
CTGTA	23527
CTGTC	25396
CTGTG	23303
CTGTT	25915
CTTAA	19366
CTTAC	18372
CTTAG	12816
CTTAT	17985
CTTCA	42092
CTTCC	28691
CTTCG	29700
CTTCT	40463
CTTGA	38734
CTTGC	34821
CTTGG	30441
CTTGT	38675
CTTTA	27090
CTTTC	32147
CTTTG	38331
CTTTT	46527
GAAAA	43722
GAAAC	27839
GAAAG	32063
GAAAT	29991
GAACA	26274
GAACC	16201
GAACG	23481
GAACT	20448
GAAGA	48237
GAAGC	36719
GAAGG	27041
GAAGT	29789
GAATA	21789
GAATC	23121
GAATG	29573
GAATT	25264
GACAA	38190
GACAC	27618
GACAG	25571
GACAT	28874
GACCA	26367
GACCC	13990
GACCG	16459
GACCT	17824
GACGA	39834
GACGC	27695
GACGG	23126
GACGT	31568
GACTA	16086
GACTC	20700
GACTG	23859
GACTT	29607
GAGAA	31998
GAGAC	24868
GAGAG	22173
GAGAT	27735
GAGCA	32435
GAGCC	17253
GAGCG	22105
GAGCT	34079
GAGGA	26755
GAGGC	18714
GAGGG	12046
GAGGT	20919
GAGTA	18185
GAGTC	20991
GAGTG	22064
GAGTT	22188
GATAA	22686
GATAC	24859
GATAG	17220
GATAT	24413
GATCA	28787
GATCC	20778
GATCG	26672
GATCT	24390
GATGA	39370
GATGC	32796
GATGG	29814
GATGT	29039
GATTA	17540
GATTC	23037
GATTG	28789
GATTT	27681
GCAAA	41293
GCAAC	31898
GCAAG	34915
GCAAT	34673
GCACA	29396
GCACC	23857
GCACG	26920
GCACT	26889
GCAGA	30037
GCAGC	44551
GCAGG	20437
GCAGT	29093
GCATA	18662
GCATC	32746
GCATG	25767
GCATT	32209
GCCAA	30997
GCCAC	27426
GCCAG	20920
GCCAT	27881
GCCCA	16036
GCCCC	8393
GCCCG	10188
GCCCT	10368
GCCGA	19949
GCCGC	18184
GCCGG	10880
GCCGT	20049
GCCTA	10252
GCCTC	18628
GCCTG	16419
GCCTT	22302
GCGAA	22155
GCGAC	25134
GCGAG	22296
GCGAT	24051
GCGCA	23675
GCGCC	15706
GCGCG	17472
GCGCT	24584
GCGGA	16291
GCGGC	18184
GCGGG	9204
GCGGT	16561
GCGTA	18403
GCGTC	27419
GCGTG	24332
GCGTT	23020
GCTAA	18251
GCTAC	25590
GCTAG	15756
GCTAT	19576
GCTCA	29321
GCTCC	21842
GCTCG	28119
GCTCT	26099
GCTGA	32535
GCTGC	44844
GCTGG	30150
GCTGT	32647
GCTTA	18538
GCTTC	37047
GCTTG	35477
GCTTT	38257
GGAAA	28250
GGAAC	18719
GGAAG	28800
GGAAT	21136
GGACA	23480
GGACC	14565
GGACG	22732
GGACT	17448
GGAGA	25211
GGAGC	21935
GGAGG	19392
GGAGT	15659
GGATA	18015
GGATC	20576
GGATG	25638
GGATT	18425
GGCAA	27670
GGCAC	20693
GGCAG	21238
GGCAT	21495
GGCCA	20025
GGCCC	8027
GGCCG	12393
GGCCT	12486
GGCGA	20417
GGCGC	15750
GGCGG	13996
GGCGT	18618
GGCTA	14395
GGCTC	17469
GGCTG	22965
GGCTT	22166
GGGAA	14555
GGGAC	12175
GGGAG	11451
GGGAT	12849
GGGCA	14451
GGGCC	8191
GGGCG	10277
GGGCT	12153
GGGGA	9254
GGGGC	8410
GGGGG	7133
GGGGT	10018
GGGTA	12561
GGGTC	13875
GGGTG	15952
GGGTT	12099
GGTAA	17301
GGTAC	19808
GGTAG	16254
GGTAT	18446
GGTCA	21437
GGTCC	14661
GGTCG	20384
GGTCT	18785
GGTGA	24639
GGTGC	23789
GGTGG	24803
GGTGT	22460
GGTTA	10399
GGTTC	15948
GGTTG	19894
GGTTT	21315
GTAAA	28922
GTAAC	16866
GTAAG	18323
GTAAT	22038
GTACA	28552
GTACC	19540
GTACG	23903
GTACT	24517
GTAGA	22631
GTAGC	25549
GTAGG	12006
GTAGT	21626
GTATA	17771
GTATC	25162
GTATG	21022
GTATT	25411
GTCAA	35607
GTCAC	27645
GTCAG	22588
GTCAT	31516
GTCCA	29394
GTCCC	12139
GTCCG	16869
GTCCT	19453
GTCGA	33218
GTCGC	25264
GTCGG	19401
GTCGT	34685
GTCTA	16611
GTCTC	25139
GTCTG	23500
GTCTT	34360
GTGAA	29246
GTGAC	27377
GTGAG	21252
GTGAT	28421
GTGCA	31611
GTGCC	20353
GTGCG	21234
GTGCT	33524
GTGGA	30785
GTGGC	27562
GTGGG	15617
GTGGT	28251
GTGTA	22871
GTGTC	27812
GTGTG	25454
GTGTT	26528
GTTAA	16439
GTTAC	16720
GTTAG	11068
GTTAT	16569
GTTCA	24935
GTTCC	18946
GTTCG	18977
GTTCT	23065
GTTGA	29035
GTTGC	31733
GTTGG	23314
GTTGT	30662
GTTTA	21465
GTTTC	27869
GTTTG	32467
GTTTT	35426
TAAAA	32588
TAAAC	20995
TAAAG	27194
TAAAT	25555
TAACA	19400
TAACC	10541
TAACG	16820
TAACT	14629
TAAGA	18775
TAAGC	18441
TAAGG	13126
TAAGT	17869
TAATA	21030
TAATC	17755
TAATG	25130
TAATT	23593
TACAA	33839
TACAC	22924
TACAG	23793
TACAT	27123
TACCA	24735
TACCC	12518
TACCG	16577
TACCT	17521
TACGA	26384
TACGC	18686
TACGG	15121
TACGT	23621
TACTA	19222
TACTC	18235
TACTG	24545
TACTT	29609
TAGAA	20649
TAGAC	16861
TAGAG	16346
TAGAT	17352
TAGCA	26022
TAGCC	14375
TAGCG	16711
TAGCT	21510
TAGGA	11562
TAGGC	10288
TAGGG	6673
TAGGT	10837
TAGTA	19243
TAGTC	15910
TAGTG	19759
TAGTT	16525
TATAA	19909
TATAC	17911
TATAG	13936
TATAT	22688
TATCA	26914
TATCC	18105
TATCG	23151
TATCT	21611
TATGA	21401
TATGC	18697
TATGG	18173
TATGT	19907
TATTA	20873
TATTC	22059
TATTG	30952
TATTT	29343
TCAAA	38982
TCAAC	28994
TCAAG	38544
TCAAT	35637
TCACA	26615
TCACC	24724
TCACG	27029
TCACT	28028
TCAGA	21419
TCAGC	32783
TCAGG	16490
TCAGT	23511
TCATA	21500
TCATC	39009
TCATG	31602
TCATT	36791
TCCAA	32104
TCCAC	30419
TCCAG	29786
TCCAT	33996
TCCCA	17658
TCCCC	9229
TCCCG	11445
TCCCT	12435
TCCGA	20020
TCCGC	16279
TCCGG	11958
TCCGT	22386
TCCTA	11879
TCCTC	26825
TCCTG	23263
TCCTT	29537
TCGAA	29846
TCGAC	33186
TCGAG	30815
TCGAT	32592
TCGCA	24995
TCGCC	20037
TCGCG	20268
TCGCT	28508
TCGGA	20073
TCGGC	20263
TCGGG	12401
TCGGT	20226
TCGTA	26061
TCGTC	39921
TCGTG	32487
TCGTT	30167
TCTAA	15639
TCTAC	22411
TCTAG	14799
TCTAT	18471
TCTCA	24989
TCTCC	24943
TCTCG	28083
TCTCT	27789
TCTGA	21499
TCTGC	29917
TCTGG	21089
TCTGT	24401
TCTTA	18999
TCTTC	47573
TCTTG	42726
TCTTT	42195
TGAAA	36201
TGAAC	25246
TGAAG	42414
TGAAT	28898
TGACA	34965
TGACC	21247
TGACG	35846
TGACT	25140
TGAGA	25264
TGAGC	29534
TGAGG	19944
TGAGT	22325
TGATA	26747
TGATC	28916
TGATG	41385
TGATT	28578
TGCAA	43349
TGCAC	31803
TGCAG	40380
TGCAT	35192
TGCCA	33122
TGCCC	14392
TGCCG	22197
TGCCT	21261
TGCGA	24820
TGCGC	23711
TGCGG	16597
TGCGT	28142
TGCTA	26219
TGCTC	32395
TGCTG	50527
TGCTT	39249
TGGAA	35611
TGGAC	29477
TGGAG	30593
TGGAT	31141
TGGCA	33060
TGGCC	19837
TGGCG	25653
TGGCT	29213
TGGGA	17929
TGGGC	16066
TGGGG	12107
TGGGT	18926
TGGTA	24833
TGGTC	26806
TGGTG	35977
TGGTT	23115
TGTAA	26223
TGTAC	28279
TGTAG	25811
TGTAT	27018
TGTCA	35147
TGTCC	22874
TGTCG	33579
TGTCT	28552
TGTGA	26650
TGTGC	29224
TGTGG	27823
TGTGT	28475
TGTTA	19265
TGTTC	26116
TGTTG	38682
TGTTT	37089
TTAAA	27210
TTAAC	16603
TTAAG	19114
TTAAT	23614
TTACA	26516
TTACC	17365
TTACG	20786
TTACT	22038
TTAGA	15533
TTAGC	18086
TTAGG	9398
TTAGT	16907
TTATA	20244
TTATC	22613
TTATG	19828
TTATT	27775
TTCAA	38724
TTCAC	28911
TTCAG	27216
TTCAT	37592
TTCCA	35273
TTCCC	14280
TTCCG	19237
TTCCT	27806
TTCGA	30023
TTCGC	22079
TTCGG	17263
TTCGT	32360
TTCTA	20986
TTCTC	31777
TTCTG	27598
TTCTT	49711
TTGAA	38774
TTGAC	35611
TTGAG	30548
TTGAT	37628
TTGCA	43787
TTGCC	27679
TTGCG	27611
TTGCT	43686
TTGGA	32047
TTGGC	31108
TTGGG	18396
TTGGT	31831
TTGTA	33976
TTGTC	37937
TTGTG	35411
TTGTT	40038
TTTAA	27214
TTTAC	29400
TTTAG	20430
TTTAT	29879
TTTCA	36318
TTTCC	27846
TTTCG	30046
TTTCT	39824
TTTGA	39017
TTTGC	41374
TTTGG	31191
TTTGT	42509
TTTTA	32840
TTTTC	43968
TTTTG	46971
TTTTT	56638
