kmer	Phytophthora_capsici
AAAAA	79234
AAAAC	69897
AAAAG	66358
AAAAT	68229
AAACA	65458
AAACC	50697
AAACG	61432
AAACT	60542
AAAGA	62063
AAAGC	68560
AAAGG	45996
AAAGT	59519
AAATA	51707
AAATC	56731
AAATG	70356
AAATT	57495
AACAA	75611
AACAC	63644
AACAG	64603
AACAT	52939
AACCA	58757
AACCC	37887
AACCG	42287
AACCT	44048
AACGA	70583
AACGC	61103
AACGG	51169
AACGT	61302
AACTA	35358
AACTC	60712
AACTG	63167
AACTT	67381
AAGAA	100967
AAGAC	68556
AAGAG	66553
AAGAT	65203
AAGCA	73808
AAGCC	54503
AAGCG	67351
AAGCT	79667
AAGGA	66715
AAGGC	55908
AAGGG	34748
AAGGT	50716
AAGTA	52724
AAGTC	58586
AAGTG	73074
AAGTT	67554
AATAA	41483
AATAC	48831
AATAG	33104
AATAT	45615
AATCA	48061
AATCC	43765
AATCG	47214
AATCT	47347
AATGA	59880
AATGC	56547
AATGG	58943
AATGT	52654
AATTA	34832
AATTC	55011
AATTG	61802
AATTT	57190
ACAAA	69477
ACAAC	73258
ACAAG	75761
ACAAT	55824
ACACA	60695
ACACC	54610
ACACG	61398
ACACT	56093
ACAGA	56038
ACAGC	80953
ACAGG	45799
ACAGT	57830
ACATA	29644
ACATC	58732
ACATG	60591
ACATT	52384
ACCAA	71072
ACCAC	68179
ACCAG	69239
ACCAT	47913
ACCCA	44028
ACCCC	29992
ACCCG	36758
ACCCT	29641
ACCGA	51776
ACCGC	47710
ACCGG	38058
ACCGT	46667
ACCTA	22283
ACCTC	52276
ACCTG	50380
ACCTT	50395
ACGAA	76371
ACGAC	79031
ACGAG	75651
ACGAT	60790
ACGCA	59944
ACGCC	55950
ACGCG	54862
ACGCT	63606
ACGGA	60473
ACGGC	56611
ACGGG	36854
ACGGT	46615
ACGTA	47664
ACGTC	71981
ACGTG	67891
ACGTT	61395
ACTAA	29161
ACTAC	55357
ACTAG	25226
ACTAT	31304
ACTCA	50700
ACTCC	49426
ACTCG	66154
ACTCT	43627
ACTGA	52721
ACTGC	75033
ACTGG	69888
ACTGT	57770
ACTTA	30565
ACTTC	80742
ACTTG	81266
ACTTT	59415
AGAAA	70740
AGAAC	66106
AGAAG	102278
AGAAT	50559
AGACA	52129
AGACC	44159
AGACG	68066
AGACT	48528
AGAGA	56977
AGAGC	67613
AGAGG	46685
AGAGT	43522
AGATA	38995
AGATC	64740
AGATG	63351
AGATT	47488
AGCAA	82633
AGCAC	72792
AGCAG	98666
AGCAT	56429
AGCCA	70401
AGCCC	36332
AGCCG	47517
AGCCT	45815
AGCGA	72593
AGCGC	65336
AGCGG	50871
AGCGT	64142
AGCTA	41585
AGCTC	86823
AGCTG	88463
AGCTT	79309
AGGAA	68502
AGGAC	48655
AGGAG	67544
AGGAT	45649
AGGCA	45982
AGGCC	37283
AGGCG	48323
AGGCT	46180
AGGGA	33925
AGGGC	30947
AGGGG	25049
AGGGT	29261
AGGTA	35174
AGGTC	40897
AGGTG	55337
AGGTT	44038
AGTAA	37552
AGTAC	58849
AGTAG	46602
AGTAT	43184
AGTCA	48622
AGTCC	43315
AGTCG	60020
AGTCT	48250
AGTGA	63526
AGTGC	59494
AGTGG	64795
AGTGT	55808
AGTTA	31524
AGTTC	64193
AGTTG	70428
AGTTT	59785
ATAAA	42238
ATAAC	30483
ATAAG	23778
ATAAT	35154
ATACA	47852
ATACC	35196
ATACG	36453
ATACT	42944
ATAGA	27221
ATAGC	33868
ATAGG	18434
ATAGT	31256
ATATA	25868
ATATC	44215
ATATG	31330
ATATT	45061
ATCAA	70034
ATCAC	57621
ATCAG	50112
ATCAT	55043
ATCCA	69324
ATCCC	36164
ATCCG	47530
ATCCT	44861
ATCGA	67158
ATCGC	56843
ATCGG	43564
ATCGT	60235
ATCTA	30911
ATCTC	62632
ATCTG	55931
ATCTT	65038
ATGAA	71012
ATGAC	55163
ATGAG	48896
ATGAT	54766
ATGCA	59138
ATGCC	43263
ATGCG	42686
ATGCT	56667
ATGGA	66697
ATGGC	61583
ATGGG	36563
ATGGT	48001
ATGTA	49508
ATGTC	50102
ATGTG	50113
ATGTT	52853
ATTAA	35265
ATTAC	32324
ATTAG	23695
ATTAT	35509
ATTCA	53555
ATTCC	47981
ATTCG	49893
ATTCT	50265
ATTGA	61038
ATTGC	58224
ATTGG	53739
ATTGT	55416
ATTTA	40673
ATTTC	65377
ATTTG	61844
ATTTT	68531
CAAAA	77231
CAAAC	67528
CAAAG	66628
CAAAT	61871
CAACA	89682
CAACC	56419
CAACG	78234
CAACT	70298
CAAGA	88760
CAAGC	77686
CAAGG	61769
CAAGT	80974
CAATA	48126
CAATC	51603
CAATG	65963
CAATT	62051
CACAA	69913
CACAC	61365
CACAG	62890
CACAT	49795
CACCA	87400
CACCC	39518
CACCG	60009
CACCT	55013
CACGA	73274
CACGC	59214
CACGG	49994
CACGT	67918
CACTA	40023
CACTC	56625
CACTG	73589
CACTT	72807
CAGAA	68835
CAGAC	56774
CAGAG	57963
CAGAT	55990
CAGCA	117592
CAGCC	63710
CAGCG	83821
CAGCT	88392
CAGGA	63338
CAGGC	44140
CAGGG	33162
CAGGT	50692
CAGTA	58737
CAGTC	59771
CAGTG	73679
CAGTT	63101
CATAA	27759
CATAC	38220
CATAG	26220
CATAT	30987
CATCA	75809
CATCC	58306
CATCG	72328
CATCT	63134
CATGA	58714
CATGC	49653
CATGG	55340
CATGT	60233
CATTA	34544
CATTC	56556
CATTG	66046
CATTT	70654
CCAAA	65095
CCAAC	69427
CCAAG	78787
CCAAT	53214
CCACA	69325
CCACC	69984
CCACG	66922
CCACT	64797
CCAGA	62989
CCAGC	86190
CCAGG	48006
CCAGT	69451
CCATA	31499
CCATC	66422
CCATG	55247
CCATT	58367
CCCAA	47901
CCCAC	46051
CCCAG	47294
CCCAT	36381
CCCCA	40836
CCCCC	27070
CCCCG	26709
CCCCT	24469
CCCGA	37667
CCCGC	30543
CCCGG	23870
CCCGT	36941
CCCTA	16640
CCCTC	34506
CCCTG	33120
CCCTT	33978
CCGAA	51794
CCGAC	53201
CCGAG	51982
CCGAT	44292
CCGCA	47158
CCGCC	47753
CCGCG	37686
CCGCT	50360
CCGGA	40761
CCGGC	34466
CCGGG	23328
CCGGT	38423
CCGTA	37236
CCGTC	61939
CCGTG	50298
CCGTT	50753
CCTAA	19556
CCTAC	31098
CCTAG	16364
CCTAT	18590
CCTCA	50150
CCTCC	62488
CCTCG	57936
CCTCT	45818
CCTGA	42251
CCTGC	54945
CCTGG	47904
CCTGT	45908
CCTTA	23959
CCTTC	74502
CCTTG	61211
CCTTT	45829
CGAAA	64288
CGAAC	62881
CGAAG	89939
CGAAT	49988
CGACA	71960
CGACC	52194
CGACG	90204
CGACT	60314
CGAGA	73502
CGAGC	73273
CGAGG	58447
CGAGT	65469
CGATA	43660
CGATC	64610
CGATG	73320
CGATT	47660
CGCAA	56195
CGCAC	51746
CGCAG	66211
CGCAT	43073
CGCCA	72752
CGCCC	36583
CGCCG	56582
CGCCT	47676
CGCGA	54308
CGCGC	49786
CGCGG	37747
CGCGT	54833
CGCTA	37787
CGCTC	63682
CGCTG	83328
CGCTT	66610
CGGAA	54697
CGGAC	49146
CGGAG	57164
CGGAT	47400
CGGCA	56276
CGGCC	40560
CGGCG	56783
CGGCT	47361
CGGGA	35780
CGGGC	29028
CGGGG	26391
CGGGT	37062
CGGTA	41071
CGGTC	41156
CGGTG	59787
CGGTT	42544
CGTAA	35690
CGTAC	60399
CGTAG	47374
CGTAT	36222
CGTCA	74835
CGTCC	65878
CGTCG	91333
CGTCT	68049
CGTGA	60902
CGTGC	61628
CGTGG	67238
CGTGT	61601
CGTTA	32392
CGTTC	71643
CGTTG	77816
CGTTT	60492
CTAAA	34955
CTAAC	28418
CTAAG	24756
CTAAT	23281
CTACA	57017
CTACC	40465
CTACG	47513
CTACT	47773
CTAGA	25518
CTAGC	30094
CTAGG	16563
CTAGT	25351
CTATA	17802
CTATC	33963
CTATG	26150
CTATT	33217
CTCAA	69477
CTCAC	50733
CTCAG	50547
CTCAT	49475
CTCCA	94713
CTCCC	38835
CTCCG	57202
CTCCT	66813
CTCGA	81789
CTCGC	60708
CTCGG	52265
CTCGT	75244
CTCTA	33397
CTCTC	56819
CTCTG	57299
CTCTT	65807
CTGAA	68572
CTGAC	48404
CTGAG	50109
CTGAT	49725
CTGCA	94495
CTGCC	55851
CTGCG	65943
CTGCT	98190
CTGGA	91806
CTGGC	59125
CTGGG	47330
CTGGT	68835
CTGTA	54426
CTGTC	58356
CTGTG	62951
CTGTT	64157
CTTAA	30675
CTTAC	33817
CTTAG	24735
CTTAT	24215
CTTCA	106066
CTTCC	78550
CTTCG	89680
CTTCT	101209
CTTGA	83889
CTTGC	69797
CTTGG	79072
CTTGT	75280
CTTTA	40068
CTTTC	62733
CTTTG	66905
CTTTT	65535
GAAAA	76352
GAAAC	62508
GAAAG	62889
GAAAT	65797
GAACA	67335
GAACC	47773
GAACG	71955
GAACT	64468
GAAGA	122160
GAAGC	99121
GAAGG	76120
GAAGT	81044
GAATA	38409
GAATC	51830
GAATG	56898
GAATT	55381
GACAA	70354
GACAC	59259
GACAG	58474
GACAT	49275
GACCA	58546
GACCC	35239
GACCG	40993
GACCT	41199
GACGA	95315
GACGC	71133
GACGG	61906
GACGT	71869
GACTA	31076
GACTC	51702
GACTG	59667
GACTT	58948
GAGAA	82481
GAGAC	57949
GAGAG	57126
GAGAT	62924
GAGCA	75422
GAGCC	50105
GAGCG	64034
GAGCT	86727
GAGGA	75522
GAGGC	55351
GAGGG	34884
GAGGT	51948
GAGTA	40652
GAGTC	50936
GAGTG	56524
GAGTT	60617
GATAA	40409
GATAC	49445
GATAG	33679
GATAT	43943
GATCA	64497
GATCC	55533
GATCG	63966
GATCT	64340
GATGA	78857
GATGC	65855
GATGG	66334
GATGT	59805
GATTA	26555
GATTC	51780
GATTG	52142
GATTT	57359
GCAAA	70048
GCAAC	74800
GCAAG	70587
GCAAT	57783
GCACA	60580
GCACC	56696
GCACG	60919
GCACT	59719
GCAGA	74117
GCAGC	111217
GCAGG	55575
GCAGT	74984
GCATA	29441
GCATC	65387
GCATG	49719
GCATT	56788
GCCAA	74090
GCCAC	72951
GCCAG	59107
GCCAT	61370
GCCCA	46601
GCCCC	28949
GCCCG	29336
GCCCT	30601
GCCGA	55596
GCCGC	54078
GCCGG	34588
GCCGT	56621
GCCTA	22362
GCCTC	54825
GCCTG	44068
GCCTT	55596
GCGAA	63607
GCGAC	61587
GCGAG	61024
GCGAT	57374
GCGCA	55698
GCGCC	48840
GCGCG	49615
GCGCT	65198
GCGGA	50813
GCGGC	54280
GCGGG	30548
GCGGT	47366
GCGTA	43035
GCGTC	71108
GCGTG	59874
GCGTT	60821
GCTAA	34765
GCTAC	56147
GCTAG	30130
GCTAT	34010
GCTCA	67559
GCTCC	67822
GCTCG	72991
GCTCT	67588
GCTGA	75466
GCTGC	111097
GCTGG	86323
GCTGT	80647
GCTTA	29850
GCTTC	98886
GCTTG	77725
GCTTT	68329
GGAAA	62987
GGAAC	56345
GGAAG	79664
GGAAT	48310
GGACA	54657
GGACC	34337
GGACG	66519
GGACT	44306
GGAGA	78091
GGAGC	68757
GGAGG	62808
GGAGT	49439
GGATA	40484
GGATC	55503
GGATG	58624
GGATT	43795
GGCAA	60044
GGCAC	47287
GGCAG	56225
GGCAT	43251
GGCCA	55808
GGCCC	26110
GGCCG	40471
GGCCT	37447
GGCGA	61936
GGCGC	48769
GGCGG	47454
GGCGT	56082
GGCTA	32284
GGCTC	50222
GGCTG	64104
GGCTT	54654
GGGAA	43883
GGGAC	30877
GGGAG	38765
GGGAT	35659
GGGCA	36285
GGGCC	26249
GGGCG	36450
GGGCT	36750
GGGGA	33323
GGGGC	29105
GGGGG	27802
GGGGT	30272
GGGTA	28257
GGGTC	35200
GGGTG	40004
GGGTT	37358
GGTAA	35407
GGTAC	44607
GGTAG	40502
GGTAT	35492
GGTCA	45388
GGTCC	33982
GGTCG	51760
GGTCT	44673
GGTGA	60579
GGTGC	56707
GGTGG	70331
GGTGT	54407
GGTTA	28163
GGTTC	47382
GGTTG	56479
GGTTT	50560
GTAAA	48643
GTAAC	32033
GTAAG	33631
GTAAT	32091
GTACA	68287
GTACC	44533
GTACG	60472
GTACT	58800
GTAGA	49938
GTAGC	55933
GTAGG	31538
GTAGT	53818
GTATA	25989
GTATC	49569
GTATG	38331
GTATT	48690
GTCAA	67634
GTCAC	56825
GTCAG	47667
GTCAT	55038
GTCCA	70055
GTCCC	30332
GTCCG	48127
GTCCT	48436
GTCGA	80787
GTCGC	61481
GTCGG	53926
GTCGT	79225
GTCTA	29325
GTCTC	58126
GTCTG	56467
GTCTT	69191
GTGAA	72355
GTGAC	56748
GTGAG	50345
GTGAT	58555
GTGCA	65806
GTGCC	48069
GTGCG	52199
GTGCT	73012
GTGGA	84327
GTGGC	72704
GTGGG	46705
GTGGT	68081
GTGTA	48722
GTGTC	58289
GTGTG	61771
GTGTT	64067
GTTAA	35199
GTTAC	32239
GTTAG	28295
GTTAT	30952
GTTCA	66216
GTTCC	56611
GTTCG	62586
GTTCT	65469
GTTGA	76685
GTTGC	74816
GTTGG	69238
GTTGT	73136
GTTTA	37917
GTTTC	61516
GTTTG	66619
GTTTT	70080
TAAAA	50889
TAAAC	38185
TAAAG	40269
TAAAT	40399
TAACA	34327
TAACC	28084
TAACG	32558
TAACT	31298
TAAGA	28286
TAAGC	29951
TAAGG	24203
TAAGT	30423
TAATA	30795
TAATC	26207
TAATG	34810
TAATT	33910
TACAA	58442
TACAC	48532
TACAG	54662
TACAT	49352
TACCA	51691
TACCC	27756
TACCG	40929
TACCT	35076
TACGA	52672
TACGC	42918
TACGG	37499
TACGT	47831
TACTA	34592
TACTC	40867
TACTG	58979
TACTT	52840
TAGAA	37400
TAGAC	29597
TAGAG	33160
TAGAT	30465
TAGCA	43691
TAGCC	31718
TAGCG	37726
TAGCT	41407
TAGGA	24767
TAGGC	22370
TAGGG	16376
TAGGT	22097
TAGTA	34071
TAGTC	30910
TAGTG	40340
TAGTT	34655
TATAA	22006
TATAC	25956
TATAG	17768
TATAT	25929
TATCA	44432
TATCC	40259
TATCG	44288
TATCT	39682
TATGA	32382
TATGC	29691
TATGG	32230
TATGT	29892
TATTA	30868
TATTC	38346
TATTG	48433
TATTT	51220
TCAAA	68625
TCAAC	77160
TCAAG	84070
TCAAT	60934
TCACA	53351
TCACC	60644
TCACG	61143
TCACT	62442
TCAGA	46421
TCAGC	75152
TCAGG	41953
TCAGT	53028
TCATA	32607
TCATC	79033
TCATG	58372
TCATT	60267
TCCAA	73455
TCCAC	83860
TCCAG	91002
TCCAT	65873
TCCCA	46156
TCCCC	33064
TCCCG	36212
TCCCT	33546
TCCGA	56221
TCCGC	50623
TCCGG	40459
TCCGT	59996
TCCTA	24319
TCCTC	74783
TCCTG	63430
TCCTT	65523
TCGAA	75313
TCGAC	80856
TCGAG	82030
TCGAT	66797
TCGCA	54424
TCGCC	61053
TCGCG	54509
TCGCT	72236
TCGGA	56349
TCGGC	55621
TCGGG	37530
TCGGT	52167
TCGTA	51755
TCGTC	95070
TCGTG	73305
TCGTT	69374
TCTAA	27922
TCTAC	50161
TCTAG	25813
TCTAT	27230
TCTCA	51829
TCTCC	77809
TCTCG	72913
TCTCT	56287
TCTGA	46369
TCTGC	73386
TCTGG	62969
TCTGT	55563
TCTTA	29068
TCTTC	121353
TCTTG	87840
TCTTT	61682
TGAAA	69535
TGAAC	66203
TGAAG	106575
TGAAT	53646
TGACA	58605
TGACC	45276
TGACG	75443
TGACT	48261
TGAGA	51905
TGAGC	66631
TGAGG	49775
TGAGT	50321
TGATA	44343
TGATC	63490
TGATG	75555
TGATT	48886
TGCAA	74345
TGCAC	66085
TGCAG	94822
TGCAT	58600
TGCCA	68555
TGCCC	36468
TGCCG	56318
TGCCT	45926
TGCGA	54758
TGCGC	55446
TGCGG	46952
TGCGT	59786
TGCTA	43391
TGCTC	75226
TGCTG	117640
TGCTT	74203
TGGAA	80227
TGGAC	71138
TGGAG	95628
TGGAT	69714
TGGCA	68255
TGGCC	55752
TGGCG	72670
TGGCT	70981
TGGGA	46174
TGGGC	46654
TGGGG	41272
TGGGT	44243
TGGTA	51516
TGGTC	58552
TGGTG	86876
TGGTT	58638
TGTAA	37742
TGTAC	68243
TGTAG	56751
TGTAT	47674
TGTCA	58318
TGTCC	53767
TGTCG	72294
TGTCT	52147
TGTGA	52991
TGTGC	61257
TGTGG	69462
TGTGT	61036
TGTTA	34610
TGTTC	67642
TGTTG	89135
TGTTT	65295
TTAAA	43905
TTAAC	35326
TTAAG	30703
TTAAT	35188
TTACA	37842
TTACC	35251
TTACG	36476
TTACT	37773
TTAGA	27944
TTAGC	34636
TTAGG	19074
TTAGT	29541
TTATA	22009
TTATC	40895
TTATG	28381
TTATT	41898
TTCAA	83648
TTCAC	72392
TTCAG	68243
TTCAT	70732
TTCCA	80095
TTCCC	43648
TTCCG	54451
TTCCT	67951
TTCGA	75274
TTCGC	63197
TTCGG	51922
TTCGT	74819
TTCTA	37487
TTCTC	81264
TTCTG	68609
TTCTT	99910
TTGAA	84009
TTGAC	67263
TTGAG	69292
TTGAT	69234
TTGCA	74428
TTGCC	60078
TTGCG	56111
TTGCT	82619
TTGGA	73876
TTGGC	74255
TTGGG	47750
TTGGT	70671
TTGTA	57748
TTGTC	69763
TTGTG	69915
TTGTT	75630
TTTAA	43974
TTTAC	48958
TTTAG	34469
TTTAT	42507
TTTCA	69189
TTTCC	62995
TTTCG	63052
TTTCT	70327
TTTGA	68183
TTTGC	70411
TTTGG	64485
TTTGT	69219
TTTTA	51250
TTTTC	75941
TTTTG	76938
TTTTT	80281
