kmer	Phytophthora_plurivora
AAAAA	57753
AAAAC	47926
AAAAG	44741
AAAAT	46952
AAACA	42959
AAACC	34177
AAACG	42784
AAACT	41825
AAAGA	40642
AAAGC	49497
AAAGG	30448
AAAGT	40911
AAATA	33728
AAATC	37934
AAATG	47471
AAATT	38486
AACAA	50798
AACAC	42719
AACAG	45200
AACAT	35127
AACCA	40124
AACCC	25008
AACCG	29417
AACCT	30098
AACGA	49713
AACGC	47085
AACGG	36302
AACGT	43794
AACTA	22182
AACTC	43174
AACTG	45524
AACTT	48052
AAGAA	70944
AAGAC	48604
AAGAG	47427
AAGAT	43934
AAGCA	54631
AAGCC	39946
AAGCG	51496
AAGCT	58976
AAGGA	47324
AAGGC	41280
AAGGG	23187
AAGGT	33641
AAGTA	36181
AAGTC	41930
AAGTG	51461
AAGTT	47442
AATAA	25588
AATAC	31121
AATAG	21554
AATAT	29076
AATCA	30965
AATCC	29418
AATCG	32298
AATCT	31026
AATGA	39247
AATGC	39654
AATGG	40207
AATGT	34279
AATTA	21825
AATTC	37502
AATTG	41963
AATTT	38332
ACAAA	45535
ACAAC	51233
ACAAG	52471
ACAAT	35533
ACACA	39233
ACACC	36416
ACACG	45734
ACACT	36731
ACAGA	37108
ACAGC	61871
ACAGG	32938
ACAGT	38902
ACATA	16590
ACATC	40715
ACATG	43502
ACATT	34184
ACCAA	46942
ACCAC	47930
ACCAG	51474
ACCAT	32728
ACCCA	29865
ACCCC	21422
ACCCG	27645
ACCCT	18016
ACCGA	36985
ACCGC	36402
ACCGG	28222
ACCGT	31545
ACCTA	13300
ACCTC	37316
ACCTG	37200
ACCTT	33605
ACGAA	54381
ACGAC	59599
ACGAG	58221
ACGAT	42834
ACGCA	45942
ACGCC	45996
ACGCG	44878
ACGCT	48054
ACGGA	44774
ACGGC	45514
ACGGG	28069
ACGGT	31565
ACGTA	33258
ACGTC	54315
ACGTG	51791
ACGTT	44286
ACTAA	18370
ACTAC	36745
ACTAG	15549
ACTAT	19157
ACTCA	33916
ACTCC	35270
ACTCG	50852
ACTCT	29775
ACTGA	36096
ACTGC	59031
ACTGG	50966
ACTGT	39050
ACTTA	18876
ACTTC	58298
ACTTG	59577
ACTTT	41299
AGAAA	48158
AGAAC	47891
AGAAG	75532
AGAAT	33126
AGACA	34951
AGACC	32538
AGACG	51402
AGACT	34174
AGAGA	39730
AGAGC	51855
AGAGG	32885
AGAGT	29189
AGATA	26211
AGATC	46983
AGATG	43907
AGATT	31717
AGCAA	60878
AGCAC	57502
AGCAG	79971
AGCAT	39700
AGCCA	51270
AGCCC	27627
AGCCG	36649
AGCCT	33334
AGCGA	56119
AGCGC	56179
AGCGG	40265
AGCGT	48253
AGCTA	27818
AGCTC	69770
AGCTG	70436
AGCTT	58768
AGGAA	49931
AGGAC	36766
AGGAG	52657
AGGAT	31561
AGGCA	33585
AGGCC	28529
AGGCG	38261
AGGCT	33448
AGGGA	23408
AGGGC	22563
AGGGG	17598
AGGGT	18923
AGGTA	22867
AGGTC	29659
AGGTG	39670
AGGTT	30171
AGTAA	24791
AGTAC	42093
AGTAG	31219
AGTAT	27314
AGTCA	32462
AGTCC	33504
AGTCG	45803
AGTCT	33895
AGTGA	43653
AGTGC	46046
AGTGG	46892
AGTGT	36938
AGTTA	19229
AGTTC	47853
AGTTG	50261
AGTTT	41518
ATAAA	27109
ATAAC	19404
ATAAG	14759
ATAAT	21904
ATACA	30031
ATACC	22727
ATACG	24521
ATACT	27169
ATAGA	17312
ATAGC	22999
ATAGG	11558
ATAGT	19083
ATATA	15104
ATATC	29901
ATATG	18608
ATATT	29051
ATCAA	47156
ATCAC	38676
ATCAG	33659
ATCAT	36081
ATCCA	49381
ATCCC	25323
ATCCG	34870
ATCCT	31201
ATCGA	48441
ATCGC	42037
ATCGG	31154
ATCGT	42132
ATCTA	20099
ATCTC	44909
ATCTG	39859
ATCTT	43538
ATGAA	49451
ATGAC	37932
ATGAG	34259
ATGAT	36157
ATGCA	41725
ATGCC	31648
ATGCG	31520
ATGCT	40078
ATGGA	46522
ATGGC	45005
ATGGG	25402
ATGGT	32500
ATGTA	33991
ATGTC	33455
ATGTG	32756
ATGTT	35101
ATTAA	20482
ATTAC	19455
ATTAG	14546
ATTAT	21524
ATTCA	36270
ATTCC	33867
ATTCG	35429
ATTCT	33419
ATTGA	40472
ATTGC	40967
ATTGG	35603
ATTGT	35758
ATTTA	25096
ATTTC	44561
ATTTG	40489
ATTTT	47609
CAAAA	52522
CAAAC	46364
CAAAG	46824
CAAAT	40573
CAACA	62208
CAACC	39467
CAACG	58996
CAACT	50111
CAAGA	64373
CAAGC	59151
CAAGG	44616
CAAGT	58687
CAATA	30966
CAATC	33478
CAATG	45629
CAATT	42156
CACAA	48900
CACAC	42023
CACAG	45531
CACAT	32780
CACCA	62668
CACCC	27714
CACCG	44100
CACCT	39264
CACGA	56463
CACGC	48259
CACGG	39442
CACGT	52275
CACTA	26069
CACTC	40333
CACTG	54501
CACTT	51043
CAGAA	49523
CAGAC	41972
CAGAG	42214
CAGAT	40206
CAGCA	94826
CAGCC	48934
CAGCG	70010
CAGCT	70496
CAGGA	48963
CAGGC	34732
CAGGG	23753
CAGGT	37917
CAGTA	40760
CAGTC	44629
CAGTG	54782
CAGTT	45805
CATAA	17067
CATAC	23379
CATAG	16380
CATAT	18588
CATCA	51945
CATCC	41957
CATCG	54690
CATCT	43951
CATGA	42968
CATGC	37072
CATGG	41557
CATGT	43463
CATTA	20802
CATTC	39745
CATTG	45999
CATTT	47362
CCAAA	44220
CCAAC	49120
CCAAG	58879
CCAAT	35456
CCACA	49121
CCACC	52239
CCACG	54345
CCACT	46651
CCAGA	46874
CCAGC	71061
CCAGG	37379
CCAGT	51238
CCATA	20060
CCATC	47458
CCATG	41471
CCATT	40491
CCCAA	32946
CCCAC	34833
CCCAG	35785
CCCAT	25482
CCCCA	31142
CCCCC	31538
CCCCG	20802
CCCCT	17491
CCCGA	28247
CCCGC	24094
CCCGG	17759
CCCGT	28016
CCCTA	9871
CCCTC	24846
CCCTG	23268
CCCTT	23250
CCGAA	37956
CCGAC	40951
CCGAG	41389
CCGAT	31509
CCGCA	38263
CCGCC	39592
CCGCG	32192
CCGCT	39573
CCGGA	30792
CCGGC	27824
CCGGG	17964
CCGGT	27977
CCGTA	26214
CCGTC	46799
CCGTG	39357
CCGTT	36397
CCTAA	12002
CCTAC	20129
CCTAG	10615
CCTAT	11373
CCTCA	35464
CCTCC	48487
CCTCG	46106
CCTCT	32379
CCTGA	28706
CCTGC	45651
CCTGG	36528
CCTGT	32503
CCTTA	14478
CCTTC	55480
CCTTG	45246
CCTTT	30379
CGAAA	44758
CGAAC	46926
CGAAG	67624
CGAAT	35149
CGACA	53110
CGACC	39309
CGACG	72551
CGACT	45476
CGAGA	55554
CGAGC	59779
CGAGG	46294
CGAGT	51483
CGATA	30949
CGATC	46423
CGATG	55531
CGATT	32381
CGCAA	42717
CGCAC	41739
CGCAG	55434
CGCAT	31924
CGCCA	59390
CGCCC	29658
CGCCG	48874
CGCCT	38313
CGCGA	43090
CGCGC	44366
CGCGG	31776
CGCGT	45125
CGCTA	27324
CGCTC	51573
CGCTG	69514
CGCTT	51231
CGGAA	40442
CGGAC	37759
CGGAG	45475
CGGAT	35144
CGGCA	46081
CGGCC	33739
CGGCG	49023
CGGCT	36739
CGGGA	27105
CGGGC	23194
CGGGG	20977
CGGGT	28074
CGGTA	28324
CGGTC	31227
CGGTG	43957
CGGTT	29723
CGTAA	23980
CGTAC	45267
CGTAG	34410
CGTAT	24332
CGTCA	55136
CGTCC	51420
CGTCG	73078
CGTCT	51370
CGTGA	46074
CGTGC	50666
CGTGG	54028
CGTGT	45307
CGTTA	22023
CGTTC	53134
CGTTG	59966
CGTTT	42390
CTAAA	22966
CTAAC	18362
CTAAG	15184
CTAAT	14502
CTACA	38652
CTACC	27255
CTACG	34192
CTACT	31524
CTAGA	16602
CTAGC	20616
CTAGG	10700
CTAGT	15774
CTATA	10695
CTATC	22673
CTATG	16435
CTATT	21505
CTCAA	50313
CTCAC	35548
CTCAG	35371
CTCAT	34270
CTCCA	72667
CTCCC	27792
CTCCG	45257
CTCCT	52031
CTCGA	63382
CTCGC	49480
CTCGG	41185
CTCGT	58459
CTCTA	22306
CTCTC	41976
CTCTG	42451
CTCTT	47672
CTGAA	49323
CTGAC	34005
CTGAG	35127
CTGAT	33372
CTGCA	78426
CTGCC	44534
CTGCG	55249
CTGCT	80337
CTGGA	71084
CTGGC	47577
CTGGG	35677
CTGGT	51324
CTGTA	37912
CTGTC	42110
CTGTG	45476
CTGTT	45228
CTTAA	17559
CTTAC	23313
CTTAG	15384
CTTAT	14466
CTTCA	76072
CTTCC	59028
CTTCG	67415
CTTCT	75182
CTTGA	61484
CTTGC	53756
CTTGG	59383
CTTGT	53585
CTTTA	25884
CTTTC	43777
CTTTG	47094
CTTTT	45444
GAAAA	53848
GAAAC	42855
GAAAG	43758
GAAAT	45037
GAACA	48159
GAACC	33506
GAACG	53151
GAACT	47635
GAAGA	88771
GAAGC	76438
GAAGG	55943
GAAGT	58483
GAATA	25272
GAATC	36215
GAATG	39387
GAATT	37125
GACAA	48677
GACAC	41865
GACAG	42374
GACAT	33334
GACCA	42686
GACCC	25792
GACCG	31212
GACCT	29187
GACGA	71823
GACGC	58366
GACGG	47585
GACGT	54337
GACTA	20648
GACTC	38458
GACTG	44215
GACTT	42637
GAGAA	59759
GAGAC	43443
GAGAG	42072
GAGAT	44615
GAGCA	58173
GAGCC	38412
GAGCG	51906
GAGCT	69254
GAGGA	58451
GAGGC	42498
GAGGG	25330
GAGGT	37522
GAGTA	27673
GAGTC	38496
GAGTG	40818
GAGTT	43294
GATAA	27596
GATAC	34787
GATAG	22585
GATAT	29995
GATCA	43706
GATCC	40568
GATCG	46143
GATCT	47134
GATGA	55341
GATGC	49733
GATGG	47734
GATGT	40900
GATTA	16170
GATTC	36289
GATTG	33739
GATTT	38571
GCAAA	50388
GCAAC	56247
GCAAG	54316
GCAAT	40849
GCACA	45847
GCACC	44593
GCACG	50447
GCACT	45555
GCAGA	58673
GCAGC	95401
GCAGG	45902
GCAGT	59320
GCATA	18250
GCATC	49709
GCATG	37128
GCATT	39843
GCCAA	55927
GCCAC	57155
GCCAG	47921
GCCAT	45083
GCCCA	36130
GCCCC	23583
GCCCG	23097
GCCCT	22340
GCCGA	44181
GCCGC	47988
GCCGG	27819
GCCGT	45340
GCCTA	14974
GCCTC	42477
GCCTG	34352
GCCTT	41289
GCGAA	47767
GCGAC	49251
GCGAG	49799
GCGAT	42423
GCGCA	46272
GCGCC	42032
GCGCG	44316
GCGCT	56005
GCGGA	40741
GCGGC	48148
GCGGG	24648
GCGGT	36695
GCGTA	31292
GCGTC	58728
GCGTG	48029
GCGTT	47220
GCTAA	23356
GCTAC	40036
GCTAG	20880
GCTAT	23456
GCTCA	50976
GCTCC	54602
GCTCG	59678
GCTCT	52217
GCTGA	55508
GCTGC	95543
GCTGG	71036
GCTGT	61762
GCTTA	19962
GCTTC	76170
GCTTG	59439
GCTTT	49709
GGAAA	45128
GGAAC	40313
GGAAG	59147
GGAAT	33789
GGACA	39174
GGACC	25641
GGACG	52442
GGACT	33557
GGAGA	59569
GGAGC	55139
GGAGG	48981
GGAGT	35321
GGATA	28732
GGATC	40540
GGATG	42006
GGATT	29981
GGCAA	46019
GGCAC	36183
GGCAG	45023
GGCAT	31531
GGCCA	44428
GGCCC	19939
GGCCG	33747
GGCCT	28298
GGCGA	48827
GGCGC	42023
GGCGG	40152
GGCGT	45809
GGCTA	21849
GGCTC	38258
GGCTG	48959
GGCTT	40121
GGGAA	31430
GGGAC	22292
GGGAG	28118
GGGAT	25402
GGGCA	27884
GGGCC	19866
GGGCG	29982
GGGCT	28038
GGGGA	24750
GGGGC	23719
GGGGG	31641
GGGGT	21490
GGGTA	18330
GGGTC	25729
GGGTG	28420
GGGTT	25895
GGTAA	22804
GGTAC	30104
GGTAG	27233
GGTAT	22610
GGTCA	32133
GGTCC	25443
GGTCG	39528
GGTCT	32477
GGTGA	41458
GGTGC	44276
GGTGG	52609
GGTGT	36783
GGTTA	17332
GGTTC	34265
GGTTG	39764
GGTTT	34518
GTAAA	32060
GTAAC	20367
GTAAG	23005
GTAAT	19388
GTACA	47777
GTACC	30228
GTACG	45141
GTACT	42314
GTAGA	34362
GTAGC	40393
GTAGG	20421
GTAGT	36857
GTATA	15037
GTATC	34789
GTATG	23583
GTATT	31213
GTCAA	47235
GTCAC	39476
GTCAG	34154
GTCAT	37918
GTCCA	53237
GTCCC	21919
GTCCG	37623
GTCCT	36603
GTCGA	60823
GTCGC	49863
GTCGG	41621
GTCGT	59786
GTCTA	19106
GTCTC	43422
GTCTG	42050
GTCTT	48331
GTGAA	51391
GTGAC	39840
GTGAG	36217
GTGAT	38869
GTGCA	51799
GTGCC	35806
GTGCG	42146
GTGCT	57166
GTGGA	62601
GTGGC	56954
GTGGG	34875
GTGGT	48181
GTGTA	31749
GTGTC	41856
GTGTG	42211
GTGTT	42892
GTTAA	21118
GTTAC	20378
GTTAG	18288
GTTAT	19184
GTTCA	47062
GTTCC	40425
GTTCG	47241
GTTCT	48131
GTTGA	54536
GTTGC	56693
GTTGG	49848
GTTGT	51508
GTTTA	24556
GTTTC	42514
GTTTG	46480
GTTTT	48134
TAAAA	33254
TAAAC	24600
TAAAG	26169
TAAAT	25048
TAACA	20521
TAACC	17495
TAACG	21964
TAACT	19357
TAAGA	17123
TAAGC	19954
TAAGG	14417
TAAGT	18926
TAATA	17379
TAATC	16074
TAATG	20900
TAATT	21859
TACAA	36400
TACAC	31502
TACAG	37718
TACAT	33749
TACCA	33606
TACCC	18437
TACCG	28425
TACCT	22873
TACGA	37030
TACGC	31151
TACGG	26594
TACGT	33244
TACTA	20926
TACTC	27849
TACTG	40902
TACTT	36324
TAGAA	24480
TAGAC	19049
TAGAG	21937
TAGAT	20059
TAGCA	30422
TAGCC	21589
TAGCG	27413
TAGCT	28075
TAGGA	16180
TAGGC	15310
TAGGG	10223
TAGGT	13289
TAGTA	20803
TAGTC	20610
TAGTG	26468
TAGTT	22321
TATAA	12930
TATAC	15155
TATAG	10430
TATAT	15004
TATCA	28963
TATCC	28840
TATCG	30640
TATCT	26299
TATGA	20240
TATGC	18519
TATGG	19937
TATGT	16661
TATTA	17211
TATTC	25448
TATTG	31101
TATTT	33494
TCAAA	46142
TCAAC	54184
TCAAG	61165
TCAAT	40390
TCACA	35040
TCACC	40487
TCACG	45908
TCACT	43009
TCAGA	31269
TCAGC	55934
TCAGG	29146
TCAGT	36519
TCATA	20515
TCATC	54659
TCATG	42956
TCATT	39397
TCCAA	51860
TCCAC	62439
TCCAG	71370
TCCAT	46175
TCCCA	31912
TCCCC	24429
TCCCG	26573
TCCCT	23384
TCCGA	42389
TCCGC	41138
TCCGG	30756
TCCGT	43865
TCCTA	15977
TCCTC	57796
TCCTG	48562
TCCTT	47438
TCGAA	54348
TCGAC	60647
TCGAG	63704
TCGAT	48525
TCGCA	41337
TCGCC	48616
TCGCG	42968
TCGCT	56009
TCGGA	42519
TCGGC	44100
TCGGG	28671
TCGGT	36991
TCGTA	37223
TCGTC	71157
TCGTG	56895
TCGTT	49610
TCTAA	17288
TCTAC	34710
TCTAG	16650
TCTAT	17322
TCTCA	35164
TCTCC	59387
TCTCG	55865
TCTCT	40032
TCTGA	31515
TCTGC	58321
TCTGG	47129
TCTGT	37405
TCTTA	17406
TCTTC	87748
TCTTG	63951
TCTTT	40815
TGAAA	47455
TGAAC	47318
TGAAG	77332
TGAAT	35935
TGACA	39017
TGACC	31382
TGACG	55722
TGACT	32748
TGAGA	35029
TGAGC	50974
TGAGG	35641
TGAGT	34290
TGATA	29069
TGATC	43604
TGATG	52264
TGATT	30690
TGCAA	52182
TGCAC	51021
TGCAG	78860
TGCAT	41767
TGCCA	51003
TGCCC	27931
TGCCG	46061
TGCCT	33148
TGCGA	41204
TGCGC	46061
TGCGG	38043
TGCGT	46081
TGCTA	30735
TGCTC	57869
TGCTG	94945
TGCTT	55177
TGGAA	56572
TGGAC	53998
TGGAG	72752
TGGAT	49145
TGGCA	51211
TGGCC	44279
TGGCG	59548
TGGCT	50962
TGGGA	31985
TGGGC	36286
TGGGG	31390
TGGGT	29888
TGGTA	33231
TGGTC	42970
TGGTG	63075
TGGTT	40104
TGTAA	23249
TGTAC	48001
TGTAG	39172
TGTAT	30369
TGTCA	39050
TGTCC	39012
TGTCG	53684
TGTCT	35165
TGTGA	35128
TGTGC	45915
TGTGG	49081
TGTGT	39683
TGTTA	20388
TGTTC	47611
TGTTG	62594
TGTTT	43256
TTAAA	26938
TTAAC	21205
TTAAG	17473
TTAAT	20416
TTACA	22912
TTACC	23131
TTACG	24173
TTACT	24995
TTAGA	17253
TTAGC	23489
TTAGG	12317
TTAGT	18483
TTATA	12683
TTATC	27376
TTATG	16733
TTATT	25484
TTCAA	57176
TTCAC	50741
TTCAG	49686
TTCAT	49263
TTCCA	56562
TTCCC	31259
TTCCG	40402
TTCCT	49936
TTCGA	54577
TTCGC	47549
TTCGG	38326
TTCGT	54509
TTCTA	24460
TTCTC	60143
TTCTG	50002
TTCTT	70379
TTGAA	57877
TTGAC	47087
TTGAG	50335
TTGAT	47230
TTGCA	51877
TTGCC	46147
TTGCG	42471
TTGCT	61146
TTGGA	52258
TTGGC	56461
TTGGG	33591
TTGGT	47374
TTGTA	37136
TTGTC	49490
TTGTG	49360
TTGTT	50621
TTTAA	26874
TTTAC	32069
TTTAG	23317
TTTAT	27100
TTTCA	47463
TTTCC	44836
TTTCG	44885
TTTCT	48250
TTTGA	46032
TTTGC	50225
TTTGG	44851
TTTGT	45756
TTTTA	33814
TTTTC	54576
TTTTG	52801
TTTTT	58243
