kmer	Plasmodium_yoelii
AAAAA	455080
AAAAC	61154
AAAAG	73026
AAAAT	269137
AAACA	68834
AAACC	13849
AAACG	14472
AAACT	33778
AAAGA	61875
AAAGC	17140
AAAGG	27020
AAAGT	37887
AAATA	252405
AAATC	38591
AAATG	91434
AAATT	168788
AACAA	69267
AACAC	16042
AACAG	14356
AACAT	55936
AACCA	15251
AACCC	7716
AACCG	3065
AACCT	8880
AACGA	14924
AACGC	3153
AACGG	4087
AACGT	7836
AACTA	28710
AACTC	8740
AACTG	12305
AACTT	32276
AAGAA	63514
AAGAC	10998
AAGAG	16177
AAGAT	37614
AAGCA	20121
AAGCC	4732
AAGCG	4224
AAGCT	12497
AAGGA	23082
AAGGC	5046
AAGGG	9897
AAGGT	13161
AAGTA	32789
AAGTC	6438
AAGTG	14963
AAGTT	32599
AATAA	220703
AATAC	43635
AATAG	43096
AATAT	220630
AATCA	39028
AATCC	11989
AATCG	11847
AATCT	23904
AATGA	67936
AATGC	22194
AATGG	27796
AATGT	57620
AATTA	135175
AATTC	42283
AATTG	49893
AATTT	170951
ACAAA	75530
ACAAC	16136
ACAAG	13409
ACAAT	52590
ACACA	28317
ACACC	6029
ACACG	3515
ACACT	11430
ACAGA	12445
ACAGC	4310
ACAGG	4038
ACAGT	10375
ACATA	65198
ACATC	14694
ACATG	21679
ACATT	57720
ACCAA	17674
ACCAC	5895
ACCAG	3986
ACCAT	18363
ACCCA	7672
ACCCC	3941
ACCCG	1513
ACCCT	5580
ACCGA	3218
ACCGC	952
ACCGG	635
ACCGT	2386
ACCTA	7745
ACCTC	3879
ACCTG	4059
ACCTT	12226
ACGAA	15700
ACGAC	2558
ACGAG	3031
ACGAT	10337
ACGCA	4158
ACGCC	1228
ACGCG	855
ACGCT	2558
ACGGA	3244
ACGGC	902
ACGGG	1682
ACGGT	2399
ACGTA	6625
ACGTC	2090
ACGTG	3031
ACGTT	7980
ACTAA	27078
ACTAC	9895
ACTAG	6314
ACTAT	36847
ACTCA	8996
ACTCC	3512
ACTCG	2440
ACTCT	7278
ACTGA	9167
ACTGC	3871
ACTGG	3806
ACTGT	9969
ACTTA	24771
ACTTC	11073
ACTTG	11603
ACTTT	37552
AGAAA	68192
AGAAC	11688
AGAAG	19224
AGAAT	38741
AGACA	14772
AGACC	2687
AGACG	3203
AGACT	4913
AGAGA	14945
AGAGC	4066
AGAGG	5568
AGAGT	7602
AGATA	38575
AGATC	7670
AGATG	18681
AGATT	24716
AGCAA	18633
AGCAC	5112
AGCAG	4926
AGCAT	19781
AGCCA	6295
AGCCC	2029
AGCCG	915
AGCCT	3042
AGCGA	4633
AGCGC	1017
AGCGG	1341
AGCGT	2601
AGCTA	14043
AGCTC	3723
AGCTG	4588
AGCTT	12175
AGGAA	24824
AGGAC	3330
AGGAG	6278
AGGAT	13286
AGGCA	5532
AGGCC	1217
AGGCG	1402
AGGCT	2958
AGGGA	7160
AGGGC	2082
AGGGG	4340
AGGGT	5927
AGGTA	12283
AGGTC	2101
AGGTG	5483
AGGTT	9089
AGTAA	31297
AGTAC	7468
AGTAG	10164
AGTAT	34996
AGTCA	7303
AGTCC	2265
AGTCG	1786
AGTCT	4974
AGTGA	13052
AGTGC	4291
AGTGG	6168
AGTGT	12285
AGTTA	26108
AGTTC	9968
AGTTG	12586
AGTTT	33788
ATAAA	224539
ATAAC	42503
ATAAG	37595
ATAAT	196096
ATACA	67620
ATACC	15745
ATACG	10227
ATACT	33718
ATAGA	39387
ATAGC	15843
ATAGG	12134
ATAGT	37984
ATATA	293692
ATATC	49008
ATATG	86732
ATATT	220683
ATCAA	44279
ATCAC	15297
ATCAG	11594
ATCAT	58776
ATCCA	18650
ATCCC	6380
ATCCG	3114
ATCCT	12747
ATCGA	14004
ATCGC	3277
ATCGG	3570
ATCGT	9816
ATCTA	28833
ATCTC	10992
ATCTG	12112
ATCTT	35802
ATGAA	74601
ATGAC	12670
ATGAG	13681
ATGAT	59530
ATGCA	36494
ATGCC	7217
ATGCG	5161
ATGCT	19640
ATGGA	26399
ATGGC	7181
ATGGG	10734
ATGGT	19149
ATGTA	64199
ATGTC	13171
ATGTG	26783
ATGTT	57459
ATTAA	127152
ATTAC	34746
ATTAG	29745
ATTAT	195605
ATTCA	48707
ATTCC	20470
ATTCG	14118
ATTCT	37767
ATTGA	35995
ATTGC	17952
ATTGG	18758
ATTGT	53205
ATTTA	160924
ATTTC	56703
ATTTG	67462
ATTTT	270118
CAAAA	84570
CAAAC	17185
CAAAG	13991
CAAAT	65214
CAACA	18622
CAACC	5412
CAACG	3610
CAACT	12558
CAAGA	11906
CAAGC	5300
CAAGG	4679
CAAGT	11615
CAATA	49677
CAATC	10037
CAATG	15806
CAATT	49245
CACAA	22817
CACAC	11099
CACAG	3620
CACAT	26554
CACCA	9034
CACCC	2734
CACCG	1138
CACCT	5516
CACGA	3443
CACGC	1340
CACGG	990
CACGT	3042
CACTA	12972
CACTC	3259
CACTG	3340
CACTT	14822
CAGAA	16535
CAGAC	2880
CAGAG	2947
CAGAT	12171
CAGCA	5951
CAGCC	1582
CAGCG	961
CAGCT	4408
CAGGA	5452
CAGGC	1216
CAGGG	1941
CAGGT	4111
CAGTA	9201
CAGTC	1948
CAGTG	3775
CAGTT	11898
CATAA	54843
CATAC	17450
CATAG	10997
CATAT	84182
CATCA	24913
CATCC	7299
CATCG	4335
CATCT	18400
CATGA	14380
CATGC	8889
CATGG	6499
CATGT	21754
CATTA	51913
CATTC	16086
CATTG	15603
CATTT	91533
CCAAA	25738
CCAAC	6074
CCAAG	4648
CCAAT	18538
CCACA	8039
CCACC	3469
CCACG	1288
CCACT	5649
CCAGA	4630
CCAGC	1917
CCAGG	1686
CCAGT	3665
CCATA	20463
CCATC	7897
CCATG	6318
CCATT	26982
CCCAA	9873
CCCAC	2901
CCCAG	1593
CCCAT	10495
CCCCA	5651
CCCCC	3267
CCCCG	812
CCCCT	4224
CCCGA	1758
CCCGC	570
CCCGG	289
CCCGT	1587
CCCTA	4484
CCCTC	2801
CCCTG	1827
CCCTT	9711
CCGAA	4677
CCGAC	835
CCGAG	984
CCGAT	3797
CCGCA	1155
CCGCC	572
CCGCG	270
CCGCT	1319
CCGGA	799
CCGGC	248
CCGGG	339
CCGGT	610
CCGTA	2213
CCGTC	930
CCGTG	956
CCGTT	4062
CCTAA	10031
CCTAC	3215
CCTAG	1720
CCTAT	12211
CCTCA	5547
CCTCC	2994
CCTCG	1516
CCTCT	5897
CCTGA	5092
CCTGC	1670
CCTGG	1589
CCTGT	3876
CCTTA	11538
CCTTC	6760
CCTTG	4653
CCTTT	25913
CGAAA	19814
CGAAC	4037
CGAAG	4953
CGAAT	13353
CGACA	3707
CGACC	1160
CGACG	1005
CGACT	1908
CGAGA	3389
CGAGC	1462
CGAGG	1584
CGAGT	2534
CGATA	11669
CGATC	3075
CGATG	4426
CGATT	12241
CGCAA	3506
CGCAC	1257
CGCAG	754
CGCAT	5113
CGCCA	2038
CGCCC	676
CGCCG	315
CGCCT	1414
CGCGA	707
CGCGC	352
CGCGG	242
CGCGT	909
CGCTA	3414
CGCTC	1011
CGCTG	956
CGCTT	4228
CGGAA	4707
CGGAC	601
CGGAG	969
CGGAT	3080
CGGCA	1314
CGGCC	345
CGGCG	306
CGGCT	955
CGGGA	1471
CGGGC	431
CGGGG	820
CGGGT	1728
CGGTA	2333
CGGTC	610
CGGTG	1193
CGGTT	2869
CGTAA	6429
CGTAC	1977
CGTAG	1796
CGTAT	10011
CGTCA	3656
CGTCC	1124
CGTCG	1134
CGTCT	3182
CGTGA	2721
CGTGC	1237
CGTGG	1405
CGTGT	3413
CGTTA	8799
CGTTC	3296
CGTTG	3499
CGTTT	14740
CTAAA	34388
CTAAC	8195
CTAAG	5715
CTAAT	30629
CTACA	14147
CTACC	3796
CTACG	1737
CTACT	10263
CTAGA	5490
CTAGC	4697
CTAGG	1704
CTAGT	6483
CTATA	40549
CTATC	9911
CTATG	10733
CTATT	42458
CTCAA	11725
CTCAC	3271
CTCAG	2380
CTCAT	13437
CTCCA	6978
CTCCC	2165
CTCCG	976
CTCCT	6362
CTCGA	3816
CTCGC	975
CTCGG	915
CTCGT	2887
CTCTA	8315
CTCTC	4864
CTCTG	2997
CTCTT	15575
CTGAA	14554
CTGAC	2717
CTGAG	2300
CTGAT	11837
CTGCA	5535
CTGCC	1616
CTGCG	809
CTGCT	4933
CTGGA	5306
CTGGC	1219
CTGGG	1617
CTGGT	4068
CTGTA	9929
CTGTC	3214
CTGTG	3538
CTGTT	13688
CTTAA	26518
CTTAC	7165
CTTAG	5533
CTTAT	35970
CTTCA	19199
CTTCC	7271
CTTCG	4795
CTTCT	19029
CTTGA	10979
CTTGC	4455
CTTGG	4684
CTTGT	13222
CTTTA	39347
CTTTC	16275
CTTTG	13882
CTTTT	71067
GAAAA	103629
GAAAC	17430
GAAAG	16401
GAAAT	56309
GAACA	20974
GAACC	4955
GAACG	3291
GAACT	9850
GAAGA	27136
GAAGC	6421
GAAGG	6570
GAAGT	11698
GAATA	49602
GAATC	13023
GAATG	16596
GAATT	43387
GACAA	16418
GACAC	4008
GACAG	3190
GACAT	13122
GACCA	4594
GACCC	2081
GACCG	582
GACCT	2113
GACGA	5041
GACGC	1015
GACGG	906
GACGT	2045
GACTA	5538
GACTC	2468
GACTG	1896
GACTT	6347
GAGAA	19095
GAGAC	2925
GAGAG	4627
GAGAT	10989
GAGCA	6275
GAGCC	1475
GAGCG	979
GAGCT	3926
GAGGA	7584
GAGGC	1624
GAGGG	2800
GAGGT	4023
GAGTA	7970
GAGTC	2471
GAGTG	3577
GAGTT	8863
GATAA	50636
GATAC	11469
GATAG	10562
GATAT	49991
GATCA	11857
GATCC	4379
GATCG	3108
GATCT	7563
GATGA	25962
GATGC	7363
GATGG	8048
GATGT	14996
GATTA	25794
GATTC	13341
GATTG	10396
GATTT	39762
GCAAA	24466
GCAAC	6247
GCAAG	4469
GCAAT	17980
GCACA	10315
GCACC	2396
GCACG	1220
GCACT	4170
GCAGA	5121
GCAGC	2232
GCAGG	1772
GCAGT	3740
GCATA	29458
GCATC	7430
GCATG	8872
GCATT	22828
GCCAA	7311
GCCAC	2208
GCCAG	1208
GCCAT	7152
GCCCA	3077
GCCCC	1533
GCCCG	394
GCCCT	1998
GCCGA	1348
GCCGC	486
GCCGG	268
GCCGT	846
GCCTA	3482
GCCTC	1614
GCCTG	1236
GCCTT	4965
GCGAA	5749
GCGAC	907
GCGAG	975
GCGAT	3470
GCGCA	1818
GCGCC	522
GCGCG	352
GCGCT	1119
GCGGA	1314
GCGGC	466
GCGGG	576
GCGGT	942
GCGTA	3266
GCGTC	1107
GCGTG	1301
GCGTT	3386
GCTAA	13225
GCTAC	4748
GCTAG	4631
GCTAT	15871
GCTCA	5198
GCTCC	1952
GCTCG	1391
GCTCT	3927
GCTGA	4509
GCTGC	2264
GCTGG	2132
GCTGT	4398
GCTTA	12331
GCTTC	6182
GCTTG	5225
GCTTT	17001
GGAAA	35647
GGAAC	6051
GGAAG	7602
GGAAT	21258
GGACA	5015
GGACC	1440
GGACG	1184
GGACT	2227
GGAGA	8123
GGAGC	2026
GGAGG	3080
GGAGT	3822
GGATA	17823
GGATC	4345
GGATG	7514
GGATT	12916
GGCAA	6944
GGCAC	1936
GGCAG	1546
GGCAT	7186
GGCCA	2087
GGCCC	874
GGCCG	344
GGCCT	1249
GGCGA	2201
GGCGC	576
GGCGG	569
GGCGT	1203
GGCTA	4757
GGCTC	1477
GGCTG	1621
GGCTT	4606
GGGAA	12371
GGGAC	1709
GGGAG	2379
GGGAT	6581
GGGCA	3384
GGGCC	852
GGGCG	713
GGGCT	2054
GGGGA	5459
GGGGC	1508
GGGGG	3202
GGGGT	3872
GGGTA	6268
GGGTC	2068
GGGTG	2843
GGGTT	8312
GGTAA	14308
GGTAC	3818
GGTAG	3773
GGTAT	16161
GGTCA	4311
GGTCC	1343
GGTCG	1067
GGTCT	2747
GGTGA	6640
GGTGC	2577
GGTGG	3486
GGTGT	6244
GGTTA	11870
GGTTC	5366
GGTTG	5293
GGTTT	14108
GTAAA	43146
GTAAC	10009
GTAAG	7431
GTAAT	35498
GTACA	14936
GTACC	3768
GTACG	2044
GTACT	7630
GTAGA	12005
GTAGC	4695
GTAGG	3291
GTAGT	10160
GTATA	56007
GTATC	11610
GTATG	17757
GTATT	44943
GTCAA	9489
GTCAC	3301
GTCAG	2886
GTCAT	12819
GTCCA	4369
GTCCC	1631
GTCCG	591
GTCCT	3189
GTCGA	3331
GTCGC	911
GTCGG	739
GTCGT	2550
GTCTA	9520
GTCTC	2940
GTCTG	2887
GTCTT	10604
GTGAA	18250
GTGAC	3352
GTGAG	3225
GTGAT	15422
GTGCA	9785
GTGCC	1894
GTGCG	1326
GTGCT	5409
GTGGA	7684
GTGGC	2399
GTGGG	3125
GTGGT	6402
GTGTA	18293
GTGTC	3944
GTGTG	11077
GTGTT	16684
GTTAA	32891
GTTAC	9790
GTTAG	7983
GTTAT	43365
GTTCA	17702
GTTCC	5907
GTTCG	4121
GTTCT	11800
GTTGA	12345
GTTGC	6344
GTTGG	6231
GTTGT	16372
GTTTA	35289
GTTTC	16995
GTTTG	17407
GTTTT	61870
TAAAA	215108
TAAAC	35165
TAAAG	40500
TAAAT	160570
TAACA	47173
TAACC	10695
TAACG	8629
TAACT	25847
TAAGA	27390
TAAGC	12714
TAAGG	12917
TAAGT	25589
TAATA	176384
TAATC	25119
TAATG	51713
TAATT	136890
TACAA	49164
TACAC	18142
TACAG	10000
TACAT	63674
TACCA	17036
TACCC	6174
TACCG	2406
TACCT	11401
TACGA	8217
TACGC	3291
TACGG	2243
TACGT	6806
TACTA	32906
TACTC	7759
TACTG	9272
TACTT	31558
TAGAA	38708
TAGAC	8772
TAGAG	8431
TAGAT	28868
TAGCA	16104
TAGCC	4492
TAGCG	3429
TAGCT	13698
TAGGA	11599
TAGGC	3224
TAGGG	4872
TAGGT	7662
TAGTA	33964
TAGTC	5471
TAGTG	13482
TAGTT	29085
TATAA	174547
TATAC	54757
TATAG	40693
TATAT	295322
TATCA	54145
TATCC	17224
TATCG	11381
TATCT	37872
TATGA	52202
TATGC	30063
TATGG	21121
TATGT	67234
TATTA	174362
TATTC	49357
TATTG	50020
TATTT	252961
TCAAA	55226
TCAAC	11748
TCAAG	10975
TCAAT	35660
TCACA	17416
TCACC	6528
TCACG	2791
TCACT	13142
TCAGA	12336
TCAGC	4444
TCAGG	5223
TCAGT	9041
TCATA	52350
TCATC	24923
TCATG	14654
TCATT	67597
TCCAA	20141
TCCAC	7440
TCCAG	5111
TCCAT	25650
TCCCA	8461
TCCCC	5212
TCCCG	1483
TCCCT	7021
TCCGA	3969
TCCGC	1307
TCCGG	804
TCCGT	3342
TCCTA	11466
TCCTC	7661
TCCTG	5104
TCCTT	21962
TCGAA	16031
TCGAC	3480
TCGAG	3981
TCGAT	13808
TCGCA	3499
TCGCC	2122
TCGCG	733
TCGCT	4614
TCGGA	4000
TCGGC	1304
TCGGG	1853
TCGGT	3054
TCGTA	8108
TCGTC	4969
TCGTG	3488
TCGTT	14906
TCTAA	28597
TCTAC	12085
TCTAG	5710
TCTAT	38719
TCTCA	11072
TCTCC	8023
TCTCG	3246
TCTCT	14649
TCTGA	12638
TCTGC	5088
TCTGG	4682
TCTGT	12127
TCTTA	26540
TCTTC	26280
TCTTG	11860
TCTTT	60104
TGAAA	70121
TGAAC	17291
TGAAG	20049
TGAAT	49251
TGACA	13247
TGACC	4083
TGACG	3615
TGACT	7201
TGAGA	11178
TGAGC	5100
TGAGG	5800
TGAGT	8925
TGATA	54586
TGATC	11816
TGATG	25748
TGATT	39417
TGCAA	24075
TGCAC	9797
TGCAG	5641
TGCAT	36508
TGCCA	7460
TGCCC	3423
TGCCG	1374
TGCCT	5592
TGCGA	3559
TGCGC	1866
TGCGG	1146
TGCGT	4346
TGCTA	16263
TGCTC	6258
TGCTG	6137
TGCTT	19729
TGGAA	28657
TGGAC	4226
TGGAG	7426
TGGAT	19652
TGGCA	7383
TGGCC	2140
TGGCG	2128
TGGCT	6495
TGGGA	8951
TGGGC	2982
TGGGG	5678
TGGGT	7964
TGGTA	17175
TGGTC	4689
TGGTG	9430
TGGTT	16371
TGTAA	44056
TGTAC	15116
TGTAG	14420
TGTAT	69143
TGTCA	13224
TGTCC	5048
TGTCG	3544
TGTCT	15049
TGTGA	17836
TGTGC	10307
TGTGG	8550
TGTGT	28057
TGTTA	47253
TGTTC	20900
TGTTG	19912
TGTTT	68924
TTAAA	149266
TTAAC	31637
TTAAG	27865
TTAAT	127893
TTACA	44277
TTACC	13707
TTACG	6550
TTACT	29879
TTAGA	27902
TTAGC	12489
TTAGG	10228
TTAGT	27376
TTATA	175063
TTATC	50091
TTATG	55406
TTATT	218599
TTCAA	48113
TTCAC	18008
TTCAG	14182
TTCAT	74494
TTCCA	28343
TTCCC	12001
TTCCG	4741
TTCCT	23897
TTCGA	16152
TTCGC	5804
TTCGG	4987
TTCGT	16216
TTCTA	38445
TTCTC	18195
TTCTG	16539
TTCTT	62805
TTGAA	49309
TTGAC	9405
TTGAG	11800
TTGAT	44782
TTGCA	24204
TTGCC	7123
TTGCG	3621
TTGCT	18402
TTGGA	20569
TTGGC	7347
TTGGG	10099
TTGGT	18049
TTGTA	50317
TTGTC	16534
TTGTG	23351
TTGTT	69163
TTTAA	150094
TTTAC	42710
TTTAG	34739
TTTAT	224231
TTTCA	69192
TTTCC	35329
TTTCG	20128
TTTCT	67385
TTTGA	55977
TTTGC	24608
TTTGG	26390
TTTGT	76567
TTTTA	216202
TTTTC	102047
TTTTG	84803
TTTTT	452359
