kmer	Plasmodium_berghei_ANKA
AAAAA	372236
AAAAC	56562
AAAAG	64653
AAAAT	232853
AAACA	62293
AAACC	14408
AAACG	13083
AAACT	31110
AAAGA	54520
AAAGC	15859
AAAGG	23965
AAAGT	34638
AAATA	221637
AAATC	36643
AAATG	78503
AAATT	146104
AACAA	60909
AACAC	13909
AACAG	12386
AACAT	46857
AACCA	13522
AACCC	8691
AACCG	2458
AACCT	8097
AACGA	13385
AACGC	3237
AACGG	3327
AACGT	6482
AACTA	25401
AACTC	8876
AACTG	10990
AACTT	28907
AAGAA	58867
AAGAC	9389
AAGAG	12339
AAGAT	29589
AAGCA	19199
AAGCC	4466
AAGCG	3826
AAGCT	10693
AAGGA	20526
AAGGC	4892
AAGGG	8703
AAGGT	10895
AAGTA	29186
AAGTC	5908
AAGTG	12581
AAGTT	28711
AATAA	188043
AATAC	39140
AATAG	37466
AATAT	191417
AATCA	34638
AATCC	12714
AATCG	11179
AATCT	20287
AATGA	59883
AATGC	22127
AATGG	23187
AATGT	46868
AATTA	115985
AATTC	38353
AATTG	43563
AATTT	144886
ACAAA	69275
ACAAC	13528
ACAAG	12142
ACAAT	45226
ACACA	23887
ACACC	5453
ACACG	3339
ACACT	9615
ACAGA	10759
ACAGC	4027
ACAGG	3734
ACAGT	8561
ACATA	55001
ACATC	12238
ACATG	18043
ACATT	47041
ACCAA	14463
ACCAC	4794
ACCAG	3581
ACCAT	15301
ACCCA	6223
ACCCC	3341
ACCCG	1183
ACCCT	7394
ACCGA	2768
ACCGC	819
ACCGG	523
ACCGT	1963
ACCTA	6865
ACCTC	3512
ACCTG	3752
ACCTT	10937
ACGAA	14225
ACGAC	2163
ACGAG	2770
ACGAT	9385
ACGCA	4277
ACGCC	1295
ACGCG	850
ACGCT	2564
ACGGA	2752
ACGGC	822
ACGGG	1204
ACGGT	1933
ACGTA	5725
ACGTC	1710
ACGTG	2735
ACGTT	6548
ACTAA	22995
ACTAC	8120
ACTAG	5893
ACTAT	32118
ACTCA	8561
ACTCC	3640
ACTCG	2505
ACTCT	6359
ACTGA	8484
ACTGC	3564
ACTGG	3436
ACTGT	8668
ACTTA	21495
ACTTC	10050
ACTTG	10119
ACTTT	34599
AGAAA	63195
AGAAC	9917
AGAAG	16716
AGAAT	33330
AGACA	12519
AGACC	2272
AGACG	2901
AGACT	4150
AGAGA	10737
AGAGC	3944
AGAGG	5141
AGAGT	6289
AGATA	30989
AGATC	6109
AGATG	14895
AGATT	19857
AGCAA	17304
AGCAC	5106
AGCAG	4685
AGCAT	19797
AGCCA	5722
AGCCC	1739
AGCCG	907
AGCCT	2945
AGCGA	4000
AGCGC	1254
AGCGG	1111
AGCGT	2443
AGCTA	11634
AGCTC	3434
AGCTG	3965
AGCTT	10815
AGGAA	22119
AGGAC	2579
AGGAG	5281
AGGAT	12377
AGGCA	5383
AGGCC	1297
AGGCG	1331
AGGCT	2905
AGGGA	7025
AGGGC	1833
AGGGG	3925
AGGGT	5445
AGGTA	10201
AGGTC	1662
AGGTG	4684
AGGTT	7644
AGTAA	27179
AGTAC	6584
AGTAG	8741
AGTAT	30141
AGTCA	6478
AGTCC	1985
AGTCG	1607
AGTCT	4094
AGTGA	11316
AGTGC	3969
AGTGG	4425
AGTGT	9634
AGTTA	22823
AGTTC	8820
AGTTG	10941
AGTTT	30440
ATAAA	192510
ATAAC	36049
ATAAG	31697
ATAAT	164654
ATACA	57770
ATACC	13979
ATACG	8989
ATACT	29941
ATAGA	33622
ATAGC	14268
ATAGG	11118
ATAGT	31693
ATATA	253335
ATATC	43431
ATATG	74307
ATATT	190249
ATCAA	39520
ATCAC	12993
ATCAG	10545
ATCAT	49560
ATCCA	17947
ATCCC	6255
ATCCG	2915
ATCCT	12431
ATCGA	12151
ATCGC	3216
ATCGG	3100
ATCGT	9174
ATCTA	23019
ATCTC	8505
ATCTG	10744
ATCTT	29829
ATGAA	67554
ATGAC	10691
ATGAG	12551
ATGAT	49217
ATGCA	33221
ATGCC	7565
ATGCG	5400
ATGCT	19757
ATGGA	23967
ATGGC	6637
ATGGG	9241
ATGGT	14803
ATGTA	51211
ATGTC	10743
ATGTG	23364
ATGTT	46463
ATTAA	106722
ATTAC	30607
ATTAG	25343
ATTAT	164430
ATTCA	44730
ATTCC	18921
ATTCG	12287
ATTCT	33555
ATTGA	32697
ATTGC	16672
ATTGG	15880
ATTGT	45035
ATTTA	137905
ATTTC	52785
ATTTG	58052
ATTTT	230933
CAAAA	75193
CAAAC	16090
CAAAG	13848
CAAAT	58934
CAACA	16200
CAACC	4069
CAACG	3137
CAACT	11310
CAAGA	10528
CAAGC	5070
CAAGG	4481
CAAGT	10004
CAATA	43016
CAATC	9351
CAATG	15134
CAATT	43520
CACAA	20492
CACAC	9016
CACAG	3348
CACAT	23442
CACCA	7423
CACCC	2347
CACCG	958
CACCT	4800
CACGA	3239
CACGC	1554
CACGG	846
CACGT	2773
CACTA	10849
CACTC	2833
CACTG	3203
CACTT	12521
CAGAA	15318
CAGAC	2453
CAGAG	2829
CAGAT	10660
CAGCA	5708
CAGCC	1431
CAGCG	921
CAGCT	3963
CAGGA	4784
CAGGC	1248
CAGGG	2415
CAGGT	3427
CAGTA	8030
CAGTC	1673
CAGTG	3149
CAGTT	10763
CATAA	48364
CATAC	15115
CATAG	9893
CATAT	74914
CATCA	21079
CATCC	6537
CATCG	4043
CATCT	14865
CATGA	13329
CATGC	9060
CATGG	5969
CATGT	18269
CATTA	43562
CATTC	15124
CATTG	14932
CATTT	78515
CCAAA	22093
CCAAC	5284
CCAAG	4270
CCAAT	16162
CCACA	6970
CCACC	2694
CCACG	1201
CCACT	4613
CCAGA	4125
CCAGC	1731
CCAGG	1442
CCAGT	3440
CCATA	18915
CCATC	6822
CCATG	6195
CCATT	23102
CCCAA	8709
CCCAC	2514
CCCAG	1624
CCCAT	9061
CCCCA	5060
CCCCC	2957
CCCCG	643
CCCCT	4088
CCCGA	1481
CCCGC	457
CCCGG	294
CCCGT	1326
CCCTA	5472
CCCTC	2566
CCCTG	3491
CCCTT	8782
CCGAA	4016
CCGAC	655
CCGAG	938
CCGAT	3186
CCGCA	1124
CCGCC	464
CCGCG	218
CCGCT	1099
CCGGA	685
CCGGC	222
CCGGG	330
CCGGT	555
CCGTA	1780
CCGTC	846
CCGTG	868
CCGTT	3532
CCTAA	10297
CCTAC	2830
CCTAG	1742
CCTAT	11480
CCTCA	5109
CCTCC	2563
CCTCG	1441
CCTCT	5261
CCTGA	6365
CCTGC	1635
CCTGG	1500
CCTGT	3751
CCTTA	10407
CCTTC	6392
CCTTG	4359
CCTTT	23910
CGAAA	17674
CGAAC	3520
CGAAG	4251
CGAAT	12420
CGACA	2882
CGACC	824
CGACG	913
CGACT	1745
CGAGA	2817
CGAGC	1440
CGAGG	1375
CGAGT	2487
CGATA	10079
CGATC	2497
CGATG	4179
CGATT	11215
CGCAA	3550
CGCAC	1452
CGCAG	882
CGCAT	5354
CGCCA	1766
CGCCC	688
CGCCG	325
CGCCT	1317
CGCGA	732
CGCGC	427
CGCGG	252
CGCGT	819
CGCTA	3153
CGCTC	997
CGCTG	948
CGCTT	3758
CGGAA	3602
CGGAC	484
CGGAG	806
CGGAT	2822
CGGCA	1285
CGGCC	318
CGGCG	296
CGGCT	844
CGGGA	1266
CGGGC	420
CGGGG	680
CGGGT	1093
CGGTA	2123
CGGTC	441
CGGTG	1036
CGGTT	2443
CGTAA	5686
CGTAC	1721
CGTAG	1584
CGTAT	8902
CGTCA	3273
CGTCC	1048
CGTCG	984
CGTCT	2936
CGTGA	2446
CGTGC	1403
CGTGG	1194
CGTGT	3231
CGTTA	7517
CGTTC	2795
CGTTG	3178
CGTTT	12949
CTAAA	31489
CTAAC	6563
CTAAG	5075
CTAAT	25346
CTACA	11719
CTACC	3082
CTACG	1606
CTACT	8783
CTAGA	4977
CTAGC	3848
CTAGG	1621
CTAGT	5974
CTATA	34490
CTATC	8555
CTATG	10068
CTATT	37514
CTCAA	10786
CTCAC	2746
CTCAG	2395
CTCAT	12784
CTCCA	6266
CTCCC	1925
CTCCG	846
CTCCT	5300
CTCGA	3612
CTCGC	873
CTCGG	950
CTCGT	2839
CTCTA	7677
CTCTC	3450
CTCTG	2926
CTCTT	12459
CTGAA	15191
CTGAC	2288
CTGAG	2503
CTGAT	10613
CTGCA	5300
CTGCC	1234
CTGCG	884
CTGCT	4657
CTGGA	4451
CTGGC	1164
CTGGG	1636
CTGGT	3580
CTGTA	8732
CTGTC	2456
CTGTG	3430
CTGTT	12437
CTTAA	22894
CTTAC	6166
CTTAG	5163
CTTAT	31421
CTTCA	17934
CTTCC	6398
CTTCG	4271
CTTCT	16557
CTTGA	9321
CTTGC	3971
CTTGG	4343
CTTGT	12090
CTTTA	34846
CTTTC	15542
CTTTG	13692
CTTTT	64975
GAAAA	94509
GAAAC	14705
GAAAG	15567
GAAAT	52816
GAACA	17252
GAACC	5452
GAACG	2721
GAACT	8897
GAAGA	22824
GAAGC	5796
GAAGG	6322
GAAGT	10027
GAATA	45635
GAATC	10733
GAATG	14924
GAATT	37876
GACAA	14200
GACAC	3317
GACAG	2373
GACAT	10755
GACCA	3531
GACCC	1477
GACCG	472
GACCT	1751
GACGA	4655
GACGC	992
GACGG	844
GACGT	1755
GACTA	4773
GACTC	1841
GACTG	1770
GACTT	5857
GAGAA	14844
GAGAC	2257
GAGAG	3367
GAGAT	8281
GAGCA	6964
GAGCC	1509
GAGCG	981
GAGCT	3482
GAGGA	6756
GAGGC	1522
GAGGG	2443
GAGGT	3358
GAGTA	7398
GAGTC	1929
GAGTG	2769
GAGTT	8709
GATAA	42667
GATAC	9597
GATAG	8489
GATAT	42747
GATCA	10278
GATCC	3952
GATCG	2480
GATCT	5977
GATGA	20972
GATGC	6446
GATGG	6930
GATGT	11955
GATTA	21591
GATTC	10493
GATTG	9169
GATTT	36347
GCAAA	22279
GCAAC	5455
GCAAG	4010
GCAAT	16464
GCACA	10032
GCACC	2212
GCACG	1359
GCACT	3920
GCAGA	4849
GCAGC	2159
GCAGG	1635
GCAGT	3474
GCATA	28388
GCATC	6426
GCATG	9177
GCATT	22119
GCCAA	6431
GCCAC	1916
GCCAG	1141
GCCAT	6715
GCCCA	2904
GCCCC	1396
GCCCG	395
GCCCT	1898
GCCGA	1300
GCCGC	442
GCCGG	257
GCCGT	865
GCCTA	3332
GCCTC	1575
GCCTG	1252
GCCTT	4895
GCGAA	4946
GCGAC	734
GCGAG	821
GCGAT	3320
GCGCA	2482
GCGCC	692
GCGCG	437
GCGCT	1249
GCGGA	1131
GCGGC	445
GCGGG	540
GCGGT	849
GCGTA	3119
GCGTC	948
GCGTG	1471
GCGTT	3196
GCTAA	10954
GCTAC	4285
GCTAG	3858
GCTAT	14454
GCTCA	5573
GCTCC	2052
GCTCG	1427
GCTCT	3896
GCTGA	4058
GCTGC	2155
GCTGG	1745
GCTGT	4007
GCTTA	11336
GCTTC	5931
GCTTG	5003
GCTTT	15979
GGAAA	31762
GGAAC	5062
GGAAG	6143
GGAAT	18801
GGACA	4223
GGACC	1021
GGACG	1029
GGACT	1936
GGAGA	6172
GGAGC	2020
GGAGG	2657
GGAGT	3514
GGATA	16292
GGATC	3989
GGATG	6362
GGATT	12652
GGCAA	6091
GGCAC	1877
GGCAG	1253
GGCAT	7368
GGCCA	2019
GGCCC	835
GGCCG	339
GGCCT	1327
GGCGA	1719
GGCGC	676
GGCGG	469
GGCGT	1210
GGCTA	3880
GGCTC	1467
GGCTG	1337
GGCTT	4465
GGGAA	11460
GGGAC	1439
GGGAG	2030
GGGAT	6132
GGGCA	3261
GGGCC	910
GGGCG	637
GGGCT	1798
GGGGA	5047
GGGGC	1339
GGGGG	2928
GGGGT	3196
GGGTA	5294
GGGTC	1476
GGGTG	2335
GGGTT	6856
GGTAA	11627
GGTAC	3205
GGTAG	2992
GGTAT	13741
GGTCA	2938
GGTCC	991
GGTCG	901
GGTCT	2172
GGTGA	5245
GGTGC	2248
GGTGG	2506
GGTGT	5291
GGTTA	8614
GGTTC	4424
GGTTG	3899
GGTTT	12755
GTAAA	38285
GTAAC	8381
GTAAG	6088
GTAAT	30648
GTACA	12373
GTACC	3149
GTACG	1706
GTACT	6643
GTAGA	9966
GTAGC	4147
GTAGG	2817
GTAGT	8017
GTATA	46322
GTATC	9339
GTATG	14999
GTATT	39238
GTCAA	8404
GTCAC	2523
GTCAG	2230
GTCAT	10472
GTCCA	3630
GTCCC	1454
GTCCG	470
GTCCT	2628
GTCGA	2866
GTCGC	809
GTCGG	642
GTCGT	2252
GTCTA	7416
GTCTC	2226
GTCTG	2644
GTCTT	9232
GTGAA	16087
GTGAC	2454
GTGAG	2750
GTGAT	12757
GTGCA	9224
GTGCC	1860
GTGCG	1384
GTGCT	5255
GTGGA	6207
GTGGC	1899
GTGGG	2486
GTGGT	4555
GTGTA	15940
GTGTC	3175
GTGTG	8861
GTGTT	13889
GTTAA	26606
GTTAC	8411
GTTAG	6533
GTTAT	35959
GTTCA	15056
GTTCC	4923
GTTCG	3308
GTTCT	9618
GTTGA	10253
GTTGC	5403
GTTGG	5147
GTTGT	13435
GTTTA	32578
GTTTC	14428
GTTTG	15586
GTTTT	55614
TAAAA	184371
TAAAC	33540
TAAAG	34915
TAAAT	138289
TAACA	38314
TAACC	8835
TAACG	7489
TAACT	22856
TAAGA	22311
TAAGC	11458
TAAGG	10247
TAAGT	21717
TAATA	145779
TAATC	22092
TAATG	43505
TAATT	115289
TACAA	44570
TACAC	16050
TACAG	8974
TACAT	51269
TACCA	13665
TACCC	5625
TACCG	2185
TACCT	10418
TACGA	7263
TACGC	3203
TACGG	1693
TACGT	5709
TACTA	28104
TACTC	7515
TACTG	8189
TACTT	28977
TAGAA	34130
TAGAC	7743
TAGAG	7577
TAGAT	23320
TAGCA	15020
TAGCC	3908
TAGCG	3080
TAGCT	11707
TAGGA	10291
TAGGC	3254
TAGGG	4668
TAGGT	6510
TAGTA	28032
TAGTC	4653
TAGTG	10845
TAGTT	24840
TATAA	145838
TATAC	46826
TATAG	34855
TATAT	252239
TATCA	46623
TATCC	16343
TATCG	9938
TATCT	30966
TATGA	45829
TATGC	28309
TATGG	18562
TATGT	54690
TATTA	145967
TATTC	45525
TATTG	42621
TATTT	219925
TCAAA	50418
TCAAC	10449
TCAAG	9660
TCAAT	33169
TCACA	15409
TCACC	5170
TCACG	2513
TCACT	11258
TCAGA	11527
TCAGC	4106
TCAGG	5063
TCAGT	8140
TCATA	45981
TCATC	21038
TCATG	13211
TCATT	59868
TCCAA	18205
TCCAC	6255
TCCAG	4392
TCCAT	23955
TCCCA	7720
TCCCC	5054
TCCCG	1336
TCCCT	6931
TCCGA	3247
TCCGC	1187
TCCGG	718
TCCGT	2871
TCCTA	10679
TCCTC	6722
TCCTG	4754
TCCTT	20453
TCGAA	14677
TCGAC	2810
TCGAG	3590
TCGAT	12079
TCGCA	3355
TCGCC	1649
TCGCG	725
TCGCT	3944
TCGGA	3146
TCGGC	1254
TCGGG	1385
TCGGT	2706
TCGTA	7268
TCGTC	4737
TCGTG	3200
TCGTT	13163
TCTAA	24227
TCTAC	9956
TCTAG	4927
TCTAT	32574
TCTCA	9468
TCTCC	6081
TCTCG	2900
TCTCT	10995
TCTGA	11688
TCTGC	4721
TCTGG	4150
TCTGT	10629
TCTTA	22406
TCTTC	22786
TCTTG	10244
TCTTT	54567
TGAAA	64963
TGAAC	15822
TGAAG	17861
TGAAT	44616
TGACA	11020
TGACC	3115
TGACG	3403
TGACT	6410
TGAGA	9022
TGAGC	5532
TGAGG	4906
TGAGT	8515
TGATA	46138
TGATC	10092
TGATG	20868
TGATT	33875
TGCAA	21263
TGCAC	9087
TGCAG	5297
TGCAT	33592
TGCCA	6696
TGCCC	3333
TGCCG	1293
TGCCT	5464
TGCGA	3370
TGCGC	2503
TGCGG	1134
TGCGT	4262
TGCTA	14884
TGCTC	7050
TGCTG	5715
TGCTT	19213
TGGAA	24587
TGGAC	3707
TGGAG	6246
TGGAT	17964
TGGCA	6660
TGGCC	1995
TGGCG	1808
TGGCT	5602
TGGGA	7723
TGGGC	3011
TGGGG	4978
TGGGT	6229
TGGTA	13948
TGGTC	3424
TGGTG	7234
TGGTT	12751
TGTAA	38910
TGTAC	12361
TGTAG	11630
TGTAT	57115
TGTCA	10942
TGTCC	4158
TGTCG	3077
TGTCT	12316
TGTGA	15042
TGTGC	10103
TGTGG	7023
TGTGT	23709
TGTTA	38553
TGTTC	16866
TGTTG	16220
TGTTT	62063
TTAAA	128829
TTAAC	26500
TTAAG	22874
TTAAT	106020
TTACA	38999
TTACC	11686
TTACG	5566
TTACT	27417
TTAGA	24203
TTAGC	11452
TTAGG	9167
TTAGT	22685
TTATA	145610
TTATC	42543
TTATG	48016
TTATT	187035
TTCAA	44986
TTCAC	16088
TTCAG	13666
TTCAT	67282
TTCCA	24967
TTCCC	11407
TTCCG	3792
TTCCT	22248
TTCGA	14526
TTCGC	4776
TTCGG	3799
TTCGT	14103
TTCTA	33572
TTCTC	15266
TTCTG	14873
TTCTT	58484
TTGAA	44428
TTGAC	8513
TTGAG	10171
TTGAT	38385
TTGCA	21494
TTGCC	6127
TTGCG	3601
TTGCT	17193
TTGGA	17879
TTGGC	6365
TTGGG	8579
TTGGT	14419
TTGTA	44134
TTGTC	14119
TTGTG	20222
TTGTT	60913
TTTAA	128000
TTTAC	38484
TTTAG	30468
TTTAT	191395
TTTCA	64303
TTTCC	32173
TTTCG	17338
TTTCT	62464
TTTGA	49228
TTTGC	22369
TTTGG	21872
TTTGT	68827
TTTTA	183033
TTTTC	93523
TTTTG	74966
TTTTT	368774
