kmer	Plasmodium_sp._DRC-Itaito
AAAAA	523095
AAAAC	47435
AAAAG	79627
AAAAT	232543
AAACA	57283
AAACC	11847
AAACG	10555
AAACT	21644
AAAGA	75530
AAAGC	11202
AAAGG	27407
AAAGT	32258
AAATA	259764
AAATC	30865
AAATG	72014
AAATT	130182
AACAA	61856
AACAC	14218
AACAG	12307
AACAT	54271
AACCA	14002
AACCC	3749
AACCG	1822
AACCT	9819
AACGA	9859
AACGC	1852
AACGG	2734
AACGT	8563
AACTA	19366
AACTC	6081
AACTG	7816
AACTT	23826
AAGAA	90298
AAGAC	9131
AAGAG	15937
AAGAT	37913
AAGCA	13318
AAGCC	2660
AAGCG	2102
AAGCT	7720
AAGGA	28542
AAGGC	3597
AAGGG	7876
AAGGT	14096
AAGTA	30074
AAGTC	5746
AAGTG	12518
AAGTT	23707
AATAA	246758
AATAC	39343
AATAG	30694
AATAT	252570
AATCA	34012
AATCC	10857
AATCG	5507
AATCT	21057
AATGA	68036
AATGC	11593
AATGG	17522
AATGT	49410
AATTA	122543
AATTC	34928
AATTG	31300
AATTT	129692
ACAAA	67267
ACAAC	15690
ACAAG	14645
ACAAT	41579
ACACA	24583
ACACC	5496
ACACG	3164
ACACT	8671
ACAGA	11773
ACAGC	3453
ACAGG	4170
ACAGT	7510
ACATA	80403
ACATC	13694
ACATG	18936
ACATT	49772
ACCAA	13600
ACCAC	5592
ACCAG	3617
ACCAT	16568
ACCCA	4283
ACCCC	1987
ACCCG	667
ACCCT	4102
ACCGA	1803
ACCGC	528
ACCGG	531
ACCGT	1861
ACCTA	9253
ACCTC	3754
ACCTG	4264
ACCTT	14395
ACGAA	11384
ACGAC	2413
ACGAG	2184
ACGAT	7816
ACGCA	2457
ACGCC	706
ACGCG	454
ACGCT	1590
ACGGA	2738
ACGGC	597
ACGGG	827
ACGGT	1954
ACGTA	8383
ACGTC	2180
ACGTG	3246
ACGTT	8333
ACTAA	16874
ACTAC	8781
ACTAG	5036
ACTAT	27035
ACTCA	6173
ACTCC	3101
ACTCG	1327
ACTCT	6397
ACTGA	6545
ACTGC	2537
ACTGG	2480
ACTGT	7622
ACTTA	20850
ACTTC	9320
ACTTG	9586
ACTTT	33022
AGAAA	79564
AGAAC	13782
AGAAG	24332
AGAAT	41474
AGACA	10369
AGACC	2579
AGACG	2585
AGACT	3708
AGAGA	14151
AGAGC	3129
AGAGG	5894
AGAGT	6188
AGATA	38537
AGATC	6491
AGATG	16920
AGATT	20979
AGCAA	11197
AGCAC	4274
AGCAG	4090
AGCAT	12230
AGCCA	3179
AGCCC	948
AGCCG	567
AGCCT	2094
AGCGA	1907
AGCGC	609
AGCGG	710
AGCGT	1578
AGCTA	7719
AGCTC	2783
AGCTG	3860
AGCTT	7720
AGGAA	25955
AGGAC	3880
AGGAG	7528
AGGAT	15704
AGGCA	3559
AGGCC	861
AGGCG	707
AGGCT	2158
AGGGA	6197
AGGGC	1127
AGGGG	2985
AGGGT	4058
AGGTA	13100
AGGTC	2560
AGGTG	6010
AGGTT	10017
AGTAA	26050
AGTAC	8579
AGTAG	8512
AGTAT	26769
AGTCA	5473
AGTCC	2040
AGTCG	1225
AGTCT	3985
AGTGA	10264
AGTGC	2891
AGTGG	4014
AGTGT	8756
AGTTA	17996
AGTTC	8424
AGTTG	8910
AGTTT	21466
ATAAA	238129
ATAAC	39771
ATAAG	37945
ATAAT	240077
ATACA	72456
ATACC	14006
ATACG	9155
ATACT	27130
ATAGA	33517
ATAGC	8286
ATAGG	11409
ATAGT	26710
ATATA	692029
ATATC	49153
ATATG	95162
ATATT	252626
ATCAA	38425
ATCAC	14226
ATCAG	9715
ATCAT	69867
ATCCA	16207
ATCCC	4359
ATCCG	2138
ATCCT	15661
ATCGA	5938
ATCGC	1487
ATCGG	1661
ATCGT	7670
ATCTA	26726
ATCTC	8610
ATCTG	10657
ATCTT	37914
ATGAA	77041
ATGAC	11332
ATGAG	13165
ATGAT	69367
ATGCA	17521
ATGCC	3818
ATGCG	2635
ATGCT	12257
ATGGA	21939
ATGGC	3559
ATGGG	6106
ATGGT	16339
ATGTA	71710
ATGTC	11207
ATGTG	24702
ATGTT	53929
ATTAA	116236
ATTAC	35033
ATTAG	22997
ATTAT	241495
ATTCA	45858
ATTCC	14956
ATTCG	8084
ATTCT	41362
ATTGA	28893
ATTGC	8160
ATTGG	10101
ATTGT	42271
ATTTA	163612
ATTTC	48750
ATTTG	48616
ATTTT	230128
CAAAA	66567
CAAAC	11893
CAAAG	12105
CAAAT	48580
CAACA	19356
CAACC	4146
CAACG	2604
CAACT	9074
CAAGA	13842
CAAGC	3155
CAAGG	5130
CAAGT	9359
CAATA	40405
CAATC	7035
CAATG	10690
CAATT	31009
CACAA	17969
CACAC	7709
CACAG	3177
CACAT	24726
CACCA	6698
CACCC	2029
CACCG	813
CACCT	5988
CACGA	2545
CACGC	846
CACGG	645
CACGT	3147
CACTA	7995
CACTC	2852
CACTG	2676
CACTT	12507
CAGAA	14610
CAGAC	2204
CAGAG	2355
CAGAT	10372
CAGCA	4784
CAGCC	978
CAGCG	621
CAGCT	3918
CAGGA	4946
CAGGC	760
CAGGG	1238
CAGGT	4306
CAGTA	7014
CAGTC	1540
CAGTG	2704
CAGTT	7660
CATAA	52144
CATAC	18108
CATAG	8377
CATAT	95130
CATCA	27058
CATCC	7386
CATCG	3157
CATCT	17201
CATGA	14334
CATGC	4713
CATGG	5225
CATGT	19079
CATTA	47738
CATTC	16347
CATTG	10753
CATTT	72234
CCAAA	16162
CCAAC	4266
CCAAG	3820
CCAAT	10477
CCACA	7231
CCACC	2607
CCACG	1003
CCACT	4152
CCAGA	3703
CCAGC	1362
CCAGG	1517
CCAGT	2532
CCATA	18882
CCATC	6398
CCATG	5280
CCATT	17511
CCCAA	4454
CCCAC	2141
CCCAG	1171
CCCAT	6257
CCCCA	2655
CCCCC	2039
CCCCG	337
CCCCT	2868
CCCGA	602
CCCGC	314
CCCGG	200
CCCGT	796
CCCTA	3122
CCCTC	2185
CCCTG	1253
CCCTT	7715
CCGAA	2349
CCGAC	510
CCGAG	459
CCGAT	1662
CCGCA	764
CCGCC	279
CCGCG	116
CCGCT	715
CCGGA	583
CCGGC	162
CCGGG	215
CCGGT	476
CCGTA	1879
CCGTC	743
CCGTG	681
CCGTT	2572
CCTAA	8416
CCTAC	3752
CCTAG	1913
CCTAT	11103
CCTCA	5088
CCTCC	3421
CCTCG	943
CCTCT	5988
CCTGA	4098
CCTGC	1560
CCTGG	1406
CCTGT	4233
CCTTA	13266
CCTTC	8465
CCTTG	5012
CCTTT	27307
CGAAA	10217
CGAAC	2529
CGAAG	3111
CGAAT	7902
CGACA	2577
CGACC	673
CGACG	864
CGACT	1270
CGAGA	1849
CGAGC	618
CGAGG	937
CGAGT	1318
CGATA	6601
CGATC	1745
CGATG	2970
CGATT	5681
CGCAA	1880
CGCAC	1052
CGCAG	609
CGCAT	2656
CGCCA	700
CGCCC	305
CGCCG	187
CGCCT	754
CGCGA	338
CGCGC	194
CGCGG	129
CGCGT	416
CGCTA	1361
CGCTC	683
CGCTG	587
CGCTT	2202
CGGAA	2506
CGGAC	503
CGGAG	835
CGGAT	2198
CGGCA	777
CGGCC	192
CGGCG	176
CGGCT	527
CGGGA	748
CGGGC	132
CGGGG	384
CGGGT	705
CGGTA	1732
CGGTC	433
CGGTG	778
CGGTT	1876
CGTAA	5906
CGTAC	2624
CGTAG	1707
CGTAT	9215
CGTCA	3086
CGTCC	1189
CGTCG	797
CGTCT	2692
CGTGA	2137
CGTGC	932
CGTGG	966
CGTGT	3130
CGTTA	6289
CGTTC	3326
CGTTG	2635
CGTTT	10371
CTAAA	23042
CTAAC	5145
CTAAG	4554
CTAAT	22822
CTACA	12554
CTACC	3380
CTACG	1647
CTACT	8752
CTAGA	5476
CTAGC	2636
CTAGG	1920
CTAGT	5023
CTATA	33151
CTATC	8415
CTATG	8295
CTATT	30858
CTCAA	7632
CTCAC	2579
CTCAG	2069
CTCAT	13160
CTCCA	5738
CTCCC	1796
CTCCG	741
CTCCT	7282
CTCGA	1552
CTCGC	490
CTCGG	459
CTCGT	2215
CTCTA	7015
CTCTC	3949
CTCTG	2372
CTCTT	16223
CTGAA	10543
CTGAC	1936
CTGAG	2167
CTGAT	9696
CTGCA	4304
CTGCC	858
CTGCG	633
CTGCT	4127
CTGGA	3800
CTGGC	551
CTGGG	1133
CTGGT	3594
CTGTA	9271
CTGTC	2359
CTGTG	3123
CTGTT	12369
CTTAA	22525
CTTAC	7438
CTTAG	4390
CTTAT	38439
CTTCA	19656
CTTCC	7688
CTTCG	3225
CTTCT	24071
CTTGA	9897
CTTGC	3117
CTTGG	4046
CTTGT	14498
CTTTA	37063
CTTTC	17922
CTTTG	12076
CTTTT	80841
GAAAA	96797
GAAAC	13091
GAAAG	17971
GAAAT	48861
GAACA	22076
GAACC	4837
GAACG	3314
GAACT	8307
GAAGA	32320
GAAGC	4797
GAAGG	8309
GAAGT	9364
GAATA	49002
GAATC	9804
GAATG	16402
GAATT	35110
GACAA	12097
GACAC	3425
GACAG	2245
GACAT	11230
GACCA	3755
GACCC	1168
GACCG	438
GACCT	2492
GACGA	4049
GACGC	669
GACGG	777
GACGT	2126
GACTA	3897
GACTC	1346
GACTG	1533
GACTT	5652
GAGAA	19242
GAGAC	2349
GAGAG	3886
GAGAT	8561
GAGCA	4738
GAGCC	937
GAGCG	652
GAGCT	2827
GAGGA	8516
GAGGC	1136
GAGGG	2116
GAGGT	3852
GAGTA	6629
GAGTC	1399
GAGTG	2759
GAGTT	6047
GATAA	51818
GATAC	10939
GATAG	8154
GATAT	49137
GATCA	11672
GATCC	3774
GATCG	1662
GATCT	6791
GATGA	29623
GATGC	4252
GATGG	6358
GATGT	13376
GATTA	24105
GATTC	9701
GATTG	7219
GATTT	30943
GCAAA	13034
GCAAC	3873
GCAAG	3236
GCAAT	8087
GCACA	6655
GCACC	1952
GCACG	891
GCACT	2910
GCAGA	3718
GCAGC	1952
GCAGG	1620
GCAGT	2430
GCATA	15546
GCATC	4452
GCATG	4718
GCATT	11940
GCCAA	2944
GCCAC	1074
GCCAG	607
GCCAT	3444
GCCCA	1423
GCCCC	568
GCCCG	144
GCCCT	1064
GCCGA	579
GCCGC	312
GCCGG	172
GCCGT	589
GCCTA	1879
GCCTC	1055
GCCTG	792
GCCTT	3575
GCGAA	2445
GCGAC	517
GCGAG	507
GCGAT	1510
GCGCA	943
GCGCC	306
GCGCG	182
GCGCT	603
GCGGA	728
GCGGC	294
GCGGG	300
GCGGT	539
GCGTA	1744
GCGTC	728
GCGTG	785
GCGTT	1807
GCTAA	6209
GCTAC	3013
GCTAG	2648
GCTAT	8446
GCTCA	3555
GCTCC	1699
GCTCG	661
GCTCT	3045
GCTGA	3468
GCTGC	1903
GCTGG	1351
GCTGT	3447
GCTTA	6756
GCTTC	4778
GCTTG	3193
GCTTT	11336
GGAAA	28375
GGAAC	5673
GGAAG	7831
GGAAT	14896
GGACA	5022
GGACC	1449
GGACG	1130
GGACT	2122
GGAGA	7390
GGAGC	1776
GGAGG	3659
GGAGT	3104
GGATA	16289
GGATC	3900
GGATG	7321
GGATT	10752
GGCAA	3027
GGCAC	1353
GGCAG	866
GGCAT	3882
GGCCA	991
GGCCC	438
GGCCG	188
GGCCT	916
GGCGA	630
GGCGC	291
GGCGG	265
GGCGT	711
GGCTA	2302
GGCTC	892
GGCTG	977
GGCTT	2710
GGGAA	8451
GGGAC	1243
GGGAG	1848
GGGAT	4330
GGGCA	1516
GGGCC	429
GGGCG	300
GGGCT	1002
GGGGA	3408
GGGGC	627
GGGGG	1995
GGGGT	1999
GGGTA	4125
GGGTC	1151
GGGTG	2008
GGGTT	3657
GGTAA	12011
GGTAC	4761
GGTAG	3362
GGTAT	13805
GGTCA	3186
GGTCC	1466
GGTCG	718
GGTCT	2517
GGTGA	5261
GGTGC	1848
GGTGG	2692
GGTGT	5469
GGTTA	8588
GGTTC	4910
GGTTG	4254
GGTTT	11780
GTAAA	36246
GTAAC	8597
GTAAG	7342
GTAAT	34631
GTACA	17291
GTACC	4662
GTACG	2718
GTACT	8778
GTAGA	10595
GTAGC	3078
GTAGG	3682
GTAGT	8745
GTATA	53557
GTATC	11124
GTATG	17785
GTATT	39225
GTCAA	6660
GTCAC	2649
GTCAG	1974
GTCAT	11445
GTCCA	3921
GTCCC	1337
GTCCG	509
GTCCT	4010
GTCGA	1977
GTCGC	548
GTCGG	500
GTCGT	2357
GTCTA	5574
GTCTC	2304
GTCTG	2182
GTCTT	9533
GTGAA	13371
GTGAC	2788
GTGAG	2671
GTGAT	14148
GTGCA	5715
GTGCC	1265
GTGCG	1015
GTGCT	4279
GTGGA	6018
GTGGC	1097
GTGGG	2070
GTGGT	5581
GTGTA	16247
GTGTC	3436
GTGTG	7787
GTGTT	14341
GTTAA	23282
GTTAC	8610
GTTAG	5187
GTTAT	39364
GTTCA	16975
GTTCC	5588
GTTCG	2570
GTTCT	14253
GTTGA	11290
GTTGC	3833
GTTGG	4313
GTTGT	15869
GTTTA	29180
GTTTC	12819
GTTTG	11890
GTTTT	47150
TAAAA	196227
TAAAC	28909
TAAAG	36692
TAAAT	162841
TAACA	43937
TAACC	8562
TAACG	6535
TAACT	18065
TAAGA	31584
TAAGC	6647
TAAGG	13265
TAAGT	21064
TAATA	220197
TAATC	23729
TAATG	47453
TAATT	122161
TACAA	47260
TACAC	16563
TACAG	9177
TACAT	72578
TACCA	14921
TACCC	4093
TACCG	1650
TACCT	13367
TACGA	7344
TACGC	1840
TACGG	1960
TACGT	8307
TACTA	26468
TACTC	6719
TACTG	7159
TACTT	30793
TAGAA	35003
TAGAC	5558
TAGAG	7184
TAGAT	26080
TAGCA	8950
TAGCC	2212
TAGCG	1429
TAGCT	7617
TAGGA	11063
TAGGC	1792
TAGGG	3137
TAGGT	9433
TAGTA	26193
TAGTC	4038
TAGTG	7942
TAGTT	19383
TATAA	205205
TATAC	54357
TATAG	32697
TATAT	692130
TATCA	59491
TATCC	16348
TATCG	6431
TATCT	38858
TATGA	58912
TATGC	15674
TATGG	18838
TATGT	79683
TATTA	221376
TATTC	49282
TATTG	40153
TATTT	258242
TCAAA	42684
TCAAC	11350
TCAAG	9784
TCAAT	28997
TCACA	15111
TCACC	5474
TCACG	2125
TCACT	10297
TCAGA	10347
TCAGC	3534
TCAGG	3943
TCAGT	6446
TCATA	58927
TCATC	30260
TCATG	14417
TCATT	67852
TCCAA	13728
TCCAC	6185
TCCAG	3719
TCCAT	21800
TCCCA	5662
TCCCC	3304
TCCCG	764
TCCCT	6241
TCCGA	1996
TCCGC	720
TCCGG	533
TCCGT	2629
TCCTA	10930
TCCTC	8446
TCCTG	4989
TCCTT	28366
TCGAA	7581
TCGAC	1944
TCGAG	1572
TCGAT	6008
TCGCA	2033
TCGCC	655
TCGCG	325
TCGCT	1925
TCGGA	1993
TCGGC	619
TCGGG	627
TCGGT	1850
TCGTA	7446
TCGTC	4113
TCGTG	2453
TCGTT	9909
TCTAA	24065
TCTAC	10787
TCTAG	5458
TCTAT	34135
TCTCA	10623
TCTCC	7337
TCTCG	1785
TCTCT	14129
TCTGA	10231
TCTGC	3922
TCTGG	3841
TCTGT	11820
TCTTA	31919
TCTTC	32078
TCTTG	13767
TCTTT	76236
TGAAA	58568
TGAAC	16551
TGAAG	19515
TGAAT	46044
TGACA	11030
TGACC	3151
TGACG	3041
TGACT	5329
TGAGA	10647
TGAGC	3631
TGAGG	5130
TGAGT	6224
TGATA	58620
TGATC	11764
TGATG	26397
TGATT	34557
TGCAA	12126
TGCAC	5729
TGCAG	4154
TGCAT	17888
TGCCA	3199
TGCCC	1508
TGCCG	710
TGCCT	3537
TGCGA	2104
TGCGC	940
TGCGG	757
TGCGT	2360
TGCTA	8934
TGCTC	4602
TGCTG	4745
TGCTT	13431
TGGAA	19863
TGGAC	4097
TGGAG	5717
TGGAT	16031
TGGCA	3277
TGGCC	1051
TGGCG	714
TGGCT	3194
TGGGA	5519
TGGGC	1361
TGGGG	2665
TGGGT	4179
TGGTA	14981
TGGTC	3743
TGGTG	6473
TGGTT	13982
TGTAA	42846
TGTAC	17485
TGTAG	12519
TGTAT	71902
TGTCA	10983
TGTCC	5082
TGTCG	2642
TGTCT	10399
TGTGA	15316
TGTGC	6603
TGTGG	7094
TGTGT	24455
TGTTA	43570
TGTTC	22726
TGTTG	19506
TGTTT	57422
TTAAA	127254
TTAAC	23588
TTAAG	22720
TTAAT	116012
TTACA	43279
TTACC	11982
TTACG	5930
TTACT	26480
TTAGA	24237
TTAGC	6209
TTAGG	8414
TTAGT	17077
TTATA	205650
TTATC	52437
TTATG	51864
TTATT	246343
TTCAA	40098
TTCAC	13554
TTCAG	10512
TTCAT	76986
TTCCA	19565
TTCCC	8479
TTCCG	2490
TTCCT	25776
TTCGA	7639
TTCGC	2413
TTCGG	2469
TTCGT	11679
TTCTA	35132
TTCTC	19011
TTCTG	14603
TTCTT	90329
TTGAA	39722
TTGAC	6495
TTGAG	7629
TTGAT	38130
TTGCA	12358
TTGCC	3013
TTGCG	1878
TTGCT	11048
TTGGA	13951
TTGGC	3029
TTGGG	4416
TTGGT	13665
TTGTA	47523
TTGTC	12103
TTGTG	17856
TTGTT	62586
TTTAA	127534
TTTAC	36590
TTTAG	23363
TTTAT	236995
TTTCA	58663
TTTCC	28078
TTTCG	10319
TTTCT	79394
TTTGA	41895
TTTGC	13187
TTTGG	16600
TTTGT	67431
TTTTA	194625
TTTTC	96962
TTTTG	66530
TTTTT	520724
