kmer	Plasmodium_falciparum
AAAAA	472242
AAAAC	44547
AAAAG	75252
AAAAT	213150
AAACA	54186
AAACC	12009
AAACG	10831
AAACT	20023
AAAGA	71411
AAAGC	10845
AAAGG	27199
AAAGT	30967
AAATA	231689
AAATC	31162
AAATG	70366
AAATT	120652
AACAA	59862
AACAC	13691
AACAG	11539
AACAT	52490
AACCA	14417
AACCC	4060
AACCG	2094
AACCT	10110
AACGA	10600
AACGC	1709
AACGG	3040
AACGT	8240
AACTA	18954
AACTC	6586
AACTG	6313
AACTT	23744
AAGAA	86610
AAGAC	10601
AAGAG	16340
AAGAT	38592
AAGCA	12901
AAGCC	2682
AAGCG	2130
AAGCT	7805
AAGGA	28256
AAGGC	3678
AAGGG	7738
AAGGT	14974
AAGTA	29605
AAGTC	5838
AAGTG	11932
AAGTT	24095
AATAA	225857
AATAC	36341
AATAG	29173
AATAT	225782
AATCA	33851
AATCC	10921
AATCG	6468
AATCT	20624
AATGA	65609
AATGC	10671
AATGG	19615
AATGT	48348
AATTA	112329
AATTC	34324
AATTG	29830
AATTT	119885
ACAAA	64704
ACAAC	16283
ACAAG	14645
ACAAT	40072
ACACA	23086
ACACC	5631
ACACG	3077
ACACT	7901
ACAGA	11098
ACAGC	3534
ACAGG	4311
ACAGT	6539
ACATA	70856
ACATC	14283
ACATG	18926
ACATT	48629
ACCAA	14674
ACCAC	6502
ACCAG	4113
ACCAT	17501
ACCCA	4838
ACCCC	2158
ACCCG	818
ACCCT	4116
ACCGA	2129
ACCGC	580
ACCGG	648
ACCGT	2068
ACCTA	10825
ACCTC	4121
ACCTG	4694
ACCTT	15086
ACGAA	11844
ACGAC	2763
ACGAG	2296
ACGAT	8521
ACGCA	2225
ACGCC	699
ACGCG	414
ACGCT	1460
ACGGA	2960
ACGGC	757
ACGGG	801
ACGGT	2014
ACGTA	7497
ACGTC	2424
ACGTG	3178
ACGTT	8246
ACTAA	18837
ACTAC	10615
ACTAG	5143
ACTAT	25349
ACTCA	6826
ACTCC	3260
ACTCG	1438
ACTCT	6205
ACTGA	5875
ACTGC	2311
ACTGG	2583
ACTGT	6481
ACTTA	20130
ACTTC	10178
ACTTG	9432
ACTTT	30894
AGAAA	73704
AGAAC	13413
AGAAG	25874
AGAAT	39590
AGACA	10367
AGACC	3819
AGACG	3054
AGACT	3578
AGAGA	13462
AGAGC	3158
AGAGG	6620
AGAGT	6137
AGATA	37298
AGATC	7041
AGATG	17972
AGATT	20359
AGCAA	10671
AGCAC	4218
AGCAG	4125
AGCAT	11761
AGCCA	3279
AGCCC	973
AGCCG	644
AGCCT	2090
AGCGA	2109
AGCGC	565
AGCGG	710
AGCGT	1498
AGCTA	7780
AGCTC	2872
AGCTG	4011
AGCTT	7726
AGGAA	25784
AGGAC	4652
AGGAG	7872
AGGAT	15856
AGGCA	3627
AGGCC	956
AGGCG	860
AGGCT	2121
AGGGA	6192
AGGGC	1150
AGGGG	2966
AGGGT	4003
AGGTA	13460
AGGTC	4938
AGGTG	6602
AGGTT	10402
AGTAA	27028
AGTAC	8910
AGTAG	10487
AGTAT	24503
AGTCA	5954
AGTCC	2182
AGTCG	1560
AGTCT	3751
AGTGA	10553
AGTGC	2991
AGTGG	4797
AGTGT	8196
AGTTA	18593
AGTTC	8344
AGTTG	9211
AGTTT	19741
ATAAA	214200
ATAAC	36359
ATAAG	34603
ATAAT	219494
ATACA	63845
ATACC	14181
ATACG	8282
ATACT	24738
ATAGA	30736
ATAGC	7605
ATAGG	12061
ATAGT	25585
ATATA	552141
ATATC	46463
ATATG	85684
ATATT	224945
ATCAA	36373
ATCAC	14199
ATCAG	9283
ATCAT	68267
ATCCA	17307
ATCCC	4507
ATCCG	2529
ATCCT	15994
ATCGA	7345
ATCGC	1577
ATCGG	2013
ATCGT	8577
ATCTA	25452
ATCTC	8875
ATCTG	10399
ATCTT	38009
ATGAA	75605
ATGAC	12485
ATGAG	13483
ATGAT	67960
ATGCA	15658
ATGCC	3799
ATGCG	2283
ATGCT	11663
ATGGA	23430
ATGGC	3811
ATGGG	6727
ATGGT	17624
ATGTA	64096
ATGTC	11959
ATGTG	23429
ATGTT	52414
ATTAA	106989
ATTAC	33812
ATTAG	22916
ATTAT	221647
ATTCA	44221
ATTCC	14941
ATTCG	8626
ATTCT	39119
ATTGA	26741
ATTGC	7252
ATTGG	11013
ATTGT	40356
ATTTA	147625
ATTTC	46268
ATTTG	47344
ATTTT	210865
CAAAA	65023
CAAAC	12126
CAAAG	12061
CAAAT	46965
CAACA	20141
CAACC	4508
CAACG	2888
CAACT	8791
CAAGA	14293
CAAGC	3363
CAAGG	5232
CAAGT	9259
CAATA	38084
CAATC	7280
CAATG	10509
CAATT	29079
CACAA	17992
CACAC	7590
CACAG	2877
CACAT	23384
CACCA	7968
CACCC	2172
CACCG	964
CACCT	6283
CACGA	2656
CACGC	772
CACGG	753
CACGT	3240
CACTA	8397
CACTC	2985
CACTG	2668
CACTT	11632
CAGAA	14435
CAGAC	2220
CAGAG	2435
CAGAT	10052
CAGCA	5040
CAGCC	1034
CAGCG	627
CAGCT	4129
CAGGA	5115
CAGGC	868
CAGGG	1286
CAGGT	4501
CAGTA	6691
CAGTC	1569
CAGTG	2644
CAGTT	6214
CATAA	49639
CATAC	16627
CATAG	8576
CATAT	85001
CATCA	28552
CATCC	8161
CATCG	3771
CATCT	17719
CATGA	15222
CATGC	4697
CATGG	5775
CATGT	18976
CATTA	47166
CATTC	16304
CATTG	10527
CATTT	70639
CCAAA	17401
CCAAC	4786
CCAAG	4113
CCAAT	11092
CCACA	7550
CCACC	3345
CCACG	1109
CCACT	4509
CCAGA	4129
CCAGC	1524
CCAGG	1653
CCAGT	2627
CCATA	19034
CCATC	6997
CCATG	5841
CCATT	18982
CCCAA	4783
CCCAC	2332
CCCAG	1216
CCCAT	6752
CCCCA	2826
CCCCC	2267
CCCCG	406
CCCCT	2888
CCCGA	818
CCCGC	289
CCCGG	260
CCCGT	828
CCCTA	3115
CCCTC	2201
CCCTG	1337
CCCTT	7555
CCGAA	2838
CCGAC	612
CCGAG	514
CCGAT	2011
CCGCA	810
CCGCC	367
CCGCG	151
CCGCT	726
CCGGA	727
CCGGC	209
CCGGG	260
CCGGT	670
CCGTA	1787
CCGTC	832
CCGTG	777
CCGTT	2941
CCTAA	9260
CCTAC	4009
CCTAG	2161
CCTAT	11642
CCTCA	5601
CCTCC	3762
CCTCG	1020
CCTCT	6167
CCTGA	4473
CCTGC	1649
CCTGG	1614
CCTGT	4218
CCTTA	13336
CCTTC	8744
CCTTG	5238
CCTTT	27035
CGAAA	10963
CGAAC	2807
CGAAG	3622
CGAAT	8430
CGACA	2982
CGACC	817
CGACG	1013
CGACT	1582
CGAGA	1980
CGAGC	724
CGAGG	1035
CGAGT	1375
CGATA	7446
CGATC	1915
CGATG	3654
CGATT	6542
CGCAA	1765
CGCAC	1053
CGCAG	583
CGCAT	2404
CGCCA	820
CGCCC	362
CGCCG	243
CGCCT	766
CGCGA	339
CGCGC	167
CGCGG	184
CGCGT	368
CGCTA	1304
CGCTC	720
CGCTG	645
CGCTT	2116
CGGAA	2764
CGGAC	694
CGGAG	930
CGGAT	2532
CGGCA	984
CGGCC	213
CGGCG	262
CGGCT	615
CGGGA	799
CGGGC	185
CGGGG	408
CGGGT	792
CGGTA	1857
CGGTC	489
CGGTG	960
CGGTT	2090
CGTAA	5626
CGTAC	2436
CGTAG	1885
CGTAT	8251
CGTCA	3623
CGTCC	1267
CGTCG	970
CGTCT	2935
CGTGA	2228
CGTGC	962
CGTGG	1232
CGTGT	3125
CGTTA	6575
CGTTC	3455
CGTTG	2946
CGTTT	10779
CTAAA	22189
CTAAC	7356
CTAAG	5379
CTAAT	22562
CTACA	12298
CTACC	3959
CTACG	1878
CTACT	10352
CTAGA	5211
CTAGC	2627
CTAGG	2071
CTAGT	5300
CTATA	30182
CTATC	8236
CTATG	8435
CTATT	28965
CTCAA	7861
CTCAC	2806
CTCAG	2157
CTCAT	13274
CTCCA	6154
CTCCC	1824
CTCCG	841
CTCCT	7618
CTCGA	1791
CTCGC	515
CTCGG	536
CTCGT	2278
CTCTA	6583
CTCTC	3675
CTCTG	2437
CTCTT	16195
CTGAA	10696
CTGAC	2099
CTGAG	2223
CTGAT	9193
CTGCA	4125
CTGCC	990
CTGCG	660
CTGCT	4109
CTGGA	3788
CTGGC	636
CTGGG	1176
CTGGT	3992
CTGTA	8798
CTGTC	2463
CTGTG	2926
CTGTT	11531
CTTAA	22196
CTTAC	8585
CTTAG	5390
CTTAT	34633
CTTCA	21558
CTTCC	8238
CTTCG	3566
CTTCT	24209
CTTGA	10149
CTTGC	2936
CTTGG	4235
CTTGT	14571
CTTTA	34644
CTTTC	17508
CTTTG	12023
CTTTT	75301
GAAAA	90000
GAAAC	13036
GAAAG	18260
GAAAT	46785
GAACA	22194
GAACC	5226
GAACG	3459
GAACT	8113
GAAGA	35890
GAAGC	5015
GAAGG	8896
GAAGT	10846
GAATA	46087
GAATC	10254
GAATG	16544
GAATT	34801
GACAA	12937
GACAC	3506
GACAG	2417
GACAT	11974
GACCA	4282
GACCC	1364
GACCG	483
GACCT	4365
GACGA	4979
GACGC	688
GACGG	858
GACGT	2466
GACTA	4480
GACTC	1465
GACTG	1489
GACTT	5760
GAGAA	18270
GAGAC	2464
GAGAG	3808
GAGAT	8976
GAGCA	4702
GAGCC	1015
GAGCG	696
GAGCT	2860
GAGGA	9320
GAGGC	1272
GAGGG	2218
GAGGT	4504
GAGTA	6618
GAGTC	1532
GAGTG	3010
GAGTT	6485
GATAA	48787
GATAC	10922
GATAG	8232
GATAT	46446
GATCA	12514
GATCC	4207
GATCG	1864
GATCT	7180
GATGA	32228
GATGC	4498
GATGG	7059
GATGT	14174
GATTA	23534
GATTC	10197
GATTG	7437
GATTT	31085
GCAAA	12146
GCAAC	3796
GCAAG	3215
GCAAT	7249
GCACA	6477
GCACC	2272
GCACG	980
GCACT	2955
GCAGA	3773
GCAGC	2158
GCAGG	1629
GCAGT	2196
GCATA	13646
GCATC	4498
GCATG	4752
GCATT	11033
GCCAA	3237
GCCAC	1303
GCCAG	692
GCCAT	3555
GCCCA	1433
GCCCC	639
GCCCG	191
GCCCT	1115
GCCGA	697
GCCGC	371
GCCGG	254
GCCGT	660
GCCTA	1789
GCCTC	1199
GCCTG	861
GCCTT	3631
GCGAA	2463
GCGAC	656
GCGAG	463
GCGAT	1662
GCGCA	866
GCGCC	311
GCGCG	164
GCGCT	583
GCGGA	818
GCGGC	386
GCGGG	315
GCGGT	554
GCGTA	1544
GCGTC	727
GCGTG	794
GCGTT	1739
GCTAA	6122
GCTAC	3027
GCTAG	2710
GCTAT	7764
GCTCA	3541
GCTCC	1860
GCTCG	745
GCTCT	3165
GCTGA	3659
GCTGC	2066
GCTGG	1514
GCTGT	3626
GCTTA	6291
GCTTC	4887
GCTTG	3273
GCTTT	10675
GGAAA	28088
GGAAC	6015
GGAAG	8404
GGAAT	15170
GGACA	5937
GGACC	2058
GGACG	1287
GGACT	2246
GGAGA	7712
GGAGC	1894
GGAGG	3988
GGAGT	3261
GGATA	16931
GGATC	4293
GGATG	7975
GGATT	10955
GGCAA	3419
GGCAC	1580
GGCAG	1022
GGCAT	3974
GGCCA	1128
GGCCC	462
GGCCG	218
GGCCT	993
GGCGA	862
GGCGC	343
GGCGG	397
GGCGT	737
GGCTA	2365
GGCTC	914
GGCTG	1129
GGCTT	2623
GGGAA	8518
GGGAC	1429
GGGAG	1956
GGGAT	4541
GGGCA	1671
GGGCC	483
GGGCG	344
GGGCT	967
GGGGA	3489
GGGGC	655
GGGGG	2159
GGGGT	2079
GGGTA	4172
GGGTC	1308
GGGTG	2171
GGGTT	3905
GGTAA	12670
GGTAC	5235
GGTAG	3897
GGTAT	13757
GGTCA	3787
GGTCC	2290
GGTCG	866
GGTCT	4071
GGTGA	6386
GGTGC	2305
GGTGG	3573
GGTGT	5768
GGTTA	9050
GGTTC	5397
GGTTG	4549
GGTTT	11888
GTAAA	34280
GTAAC	8676
GTAAG	8362
GTAAT	34187
GTACA	16758
GTACC	5454
GTACG	2439
GTACT	9076
GTAGA	10879
GTAGC	3018
GTAGG	4110
GTAGT	10809
GTATA	46509
GTATC	10879
GTATG	16419
GTATT	35757
GTCAA	7155
GTCAC	2877
GTCAG	2048
GTCAT	12843
GTCCA	4622
GTCCC	1511
GTCCG	621
GTCCT	4869
GTCGA	2367
GTCGC	630
GTCGG	629
GTCGT	2935
GTCTA	5530
GTCTC	2420
GTCTG	2230
GTCTT	11102
GTGAA	13713
GTGAC	3044
GTGAG	2912
GTGAT	14329
GTGCA	5852
GTGCC	1550
GTGCG	1028
GTGCT	4345
GTGGA	6474
GTGGC	1322
GTGGG	2257
GTGGT	6912
GTGTA	15008
GTGTC	3662
GTGTG	7531
GTGTT	13919
GTTAA	22672
GTTAC	8986
GTTAG	7419
GTTAT	36263
GTTCA	17095
GTTCC	5965
GTTCG	2967
GTTCT	13558
GTTGA	11897
GTTGC	3851
GTTGG	4988
GTTGT	16661
GTTTA	27122
GTTTC	12509
GTTTG	12270
GTTTT	44539
TAAAA	178118
TAAAC	27344
TAAAG	34846
TAAAT	146947
TAACA	41059
TAACC	8940
TAACG	6413
TAACT	18670
TAAGA	30559
TAAGC	6296
TAAGG	13321
TAAGT	20396
TAATA	201304
TAATC	23169
TAATG	46827
TAATT	111828
TACAA	44919
TACAC	14914
TACAG	8646
TACAT	64830
TACCA	16122
TACCC	4335
TACCG	1884
TACCT	13971
TACGA	7190
TACGC	1628
TACGG	1880
TACGT	7401
TACTA	28115
TACTC	6690
TACTG	6779
TACTT	29499
TAGAA	33264
TAGAC	5536
TAGAG	6793
TAGAT	25046
TAGCA	8132
TAGCC	2253
TAGCG	1430
TAGCT	7597
TAGGA	11473
TAGGC	1746
TAGGG	3071
TAGGT	11422
TAGTA	28017
TAGTC	4507
TAGTG	8955
TAGTT	19099
TATAA	180394
TATAC	47154
TATAG	30010
TATAT	552054
TATCA	53209
TATCC	17048
TATCG	7408
TATCT	37207
TATGA	56451
TATGC	13535
TATGG	19142
TATGT	70407
TATTA	202337
TATTC	46093
TATTG	37558
TATTT	230497
TCAAA	41915
TCAAC	11463
TCAAG	10168
TCAAT	26538
TCACA	14734
TCACC	6137
TCACG	2255
TCACT	10319
TCAGA	10143
TCAGC	3613
TCAGG	4177
TCAGT	5760
TCATA	56310
TCATC	32425
TCATG	15148
TCATT	65989
TCCAA	14699
TCCAC	6377
TCCAG	3913
TCCAT	23047
TCCCA	5983
TCCCC	3320
TCCCG	779
TCCCT	6090
TCCGA	2330
TCCGC	814
TCCGG	704
TCCGT	2781
TCCTA	11351
TCCTC	9032
TCCTG	5064
TCCTT	28087
TCGAA	8678
TCGAC	2363
TCGAG	1842
TCGAT	7365
TCGCA	1904
TCGCC	814
TCGCG	329
TCGCT	2014
TCGGA	2415
TCGGC	722
TCGGG	809
TCGGT	2159
TCGTA	7368
TCGTC	4811
TCGTG	2798
TCGTT	10830
TCTAA	23273
TCTAC	10841
TCTAG	5196
TCTAT	31063
TCTCA	10129
TCTCC	7557
TCTCG	1917
TCTCT	13353
TCTGA	10202
TCTGC	3858
TCTGG	3881
TCTGT	11390
TCTTA	31047
TCTTC	33761
TCTTG	13946
TCTTT	70889
TGAAA	55337
TGAAC	16763
TGAAG	22745
TGAAT	44507
TGACA	11551
TGACC	3797
TGACG	3635
TGACT	5786
TGAGA	10362
TGAGC	3498
TGAGG	5667
TGAGT	6875
TGATA	52710
TGATC	12518
TGATG	28360
TGATT	34397
TGCAA	10554
TGCAC	5834
TGCAG	4026
TGCAT	15793
TGCCA	3560
TGCCC	1579
TGCCG	877
TGCCT	3627
TGCGA	1935
TGCGC	849
TGCGG	782
TGCGT	2202
TGCTA	8173
TGCTC	4803
TGCTG	5083
TGCTT	12660
TGGAA	20617
TGGAC	4752
TGGAG	6094
TGGAT	17226
TGGCA	3715
TGGCC	1149
TGGCG	873
TGGCT	3329
TGGGA	5962
TGGGC	1476
TGGGG	2851
TGGGT	4687
TGGTA	16074
TGGTC	4286
TGGTG	8297
TGGTT	14495
TGTAA	40190
TGTAC	17143
TGTAG	12547
TGTAT	63063
TGTCA	11561
TGTCC	5883
TGTCG	3164
TGTCT	10523
TGTGA	14831
TGTGC	6515
TGTGG	7363
TGTGT	23034
TGTTA	41122
TGTTC	22388
TGTTG	20687
TGTTT	54055
TTAAA	116593
TTAAC	22688
TTAAG	22228
TTAAT	106885
TTACA	40406
TTACC	12707
TTACG	5500
TTACT	26908
TTAGA	23814
TTAGC	6159
TTAGG	9468
TTAGT	18881
TTATA	180736
TTATC	49295
TTATG	49001
TTATT	226799
TTCAA	38706
TTCAC	13560
TTCAG	10206
TTCAT	75487
TTCCA	19952
TTCCC	8328
TTCCG	2637
TTCCT	25050
TTCGA	8742
TTCGC	2339
TTCGG	2928
TTCGT	12018
TTCTA	32806
TTCTC	17982
TTCTG	14262
TTCTT	84331
TTGAA	39349
TTGAC	7142
TTGAG	7773
TTGAT	36517
TTGCA	10571
TTGCC	3304
TTGCG	1798
TTGCT	10602
TTGGA	15001
TTGGC	3297
TTGGG	4818
TTGGT	14622
TTGTA	45043
TTGTC	13043
TTGTG	17850
TTGTT	60407
TTTAA	116545
TTTAC	34138
TTTAG	22594
TTTAT	213294
TTTCA	55063
TTTCC	26820
TTTCG	10866
TTTCT	72488
TTTGA	41991
TTTGC	12234
TTTGG	17501
TTTGT	64744
TTTTA	177152
TTTTC	88944
TTTTG	64838
TTTTT	467361
