kmer	Plasmodium_vivax
AAAAA	377993
AAAAC	60124
AAAAG	93619
AAAAT	181070
AAACA	55928
AAACC	20176
AAACG	39531
AAACT	33511
AAAGA	60423
AAAGC	31374
AAAGG	61966
AAAGT	43620
AAATA	140692
AAATC	34548
AAATG	93760
AAATT	124310
AACAA	54802
AACAC	26896
AACAG	29550
AACAT	49312
AACCA	22622
AACCC	19593
AACCG	14247
AACCT	17932
AACGA	29055
AACGC	21973
AACGG	21747
AACGT	25608
AACTA	21217
AACTC	19581
AACTG	28051
AACTT	35847
AAGAA	76389
AAGAC	17108
AAGAG	35518
AAGAT	29542
AAGCA	38397
AAGCC	13372
AAGCG	29710
AAGCT	21916
AAGGA	49564
AAGGC	21805
AAGGG	42721
AAGGT	25242
AAGTA	35485
AAGTC	14439
AAGTG	37713
AAGTT	35510
AATAA	118030
AATAC	32746
AATAG	29938
AATAT	121969
AATCA	29735
AATCC	16752
AATCG	18980
AATCT	21545
AATGA	55609
AATGC	32921
AATGG	41789
AATGT	54676
AATTA	93252
AATTC	40361
AATTG	45997
AATTT	125564
ACAAA	67499
ACAAC	26311
ACAAG	22288
ACAAT	37894
ACACA	40374
ACACC	21272
ACACG	20877
ACACT	20836
ACAGA	23039
ACAGC	21460
ACAGG	19535
ACAGT	19166
ACATA	54898
ACATC	24198
ACATG	36772
ACATT	54767
ACCAA	24366
ACCAC	21618
ACCAG	15058
ACCAT	23363
ACCCA	19422
ACCCC	28480
ACCCG	10949
ACCCT	17010
ACCGA	10041
ACCGC	19512
ACCGG	7042
ACCGT	10841
ACCTA	13252
ACCTC	21008
ACCTG	18829
ACCTT	25186
ACGAA	34229
ACGAC	13835
ACGAG	17235
ACGAT	17839
ACGCA	26183
ACGCC	15021
ACGCG	20289
ACGCT	15799
ACGGA	16334
ACGGC	10867
ACGGG	16610
ACGGT	10762
ACGTA	25743
ACGTC	14881
ACGTG	26456
ACGTT	25496
ACTAA	19208
ACTAC	18252
ACTAG	7076
ACTAT	23090
ACTCA	17185
ACTCC	21498
ACTCG	13370
ACTCT	16248
ACTGA	15713
ACTGC	24905
ACTGG	15200
ACTGT	19429
ACTTA	24186
ACTTC	31913
ACTTG	23721
ACTTT	43515
AGAAA	69443
AGAAC	23142
AGAAG	49447
AGAAT	36150
AGACA	18472
AGACC	9407
AGACG	14872
AGACT	8367
AGAGA	25341
AGAGC	18521
AGAGG	32200
AGAGT	16260
AGATA	26822
AGATC	10026
AGATG	25389
AGATT	21772
AGCAA	35721
AGCAC	22851
AGCAG	35689
AGCAT	28293
AGCCA	19049
AGCCC	11978
AGCCG	10975
AGCCT	10662
AGCGA	21886
AGCGC	19414
AGCGG	28508
AGCGT	15680
AGCTA	16738
AGCTC	16751
AGCTG	25126
AGCTT	22125
AGGAA	51325
AGGAC	16872
AGGAG	41902
AGGAT	21758
AGGCA	25021
AGGCC	11601
AGGCG	18566
AGGCT	10884
AGGGA	31034
AGGGC	15483
AGGGG	47027
AGGGT	17511
AGGTA	22610
AGGTC	10362
AGGTG	27713
AGGTT	18260
AGTAA	29517
AGTAC	20102
AGTAG	19057
AGTAT	25557
AGTCA	13564
AGTCC	10846
AGTCG	10698
AGTCT	8477
AGTGA	24277
AGTGC	21009
AGTGG	26587
AGTGT	20590
AGTTA	26654
AGTTC	19193
AGTTG	25217
AGTTT	33731
ATAAA	127875
ATAAC	35910
ATAAG	33631
ATAAT	108281
ATACA	48799
ATACC	16363
ATACG	20858
ATACT	25524
ATAGA	25670
ATAGC	17933
ATAGG	17608
ATAGT	23119
ATATA	153309
ATATC	29291
ATATG	60284
ATATT	122127
ATCAA	29494
ATCAC	20826
ATCAG	16510
ATCAT	40912
ATCCA	19216
ATCCC	18289
ATCCG	10821
ATCCT	21810
ATCGA	15974
ATCGC	14796
ATCGG	10317
ATCGT	17835
ATCTA	18505
ATCTC	15434
ATCTG	20463
ATCTT	29418
ATGAA	61081
ATGAC	20310
ATGAG	28252
ATGAT	40877
ATGCA	43350
ATGCC	21095
ATGCG	23871
ATGCT	28286
ATGGA	30945
ATGGC	22170
ATGGG	28789
ATGGT	23651
ATGTA	59006
ATGTC	19255
ATGTG	43712
ATGTT	49681
ATTAA	83312
ATTAC	34416
ATTAG	23736
ATTAT	108389
ATTCA	39861
ATTCC	25529
ATTCG	23648
ATTCT	36420
ATTGA	27169
ATTGC	24688
ATTGG	22555
ATTGT	38316
ATTTA	97709
ATTTC	54383
ATTTG	61563
ATTTT	181445
CAAAA	87860
CAAAC	30124
CAAAG	32884
CAAAT	60607
CAACA	29724
CAACC	18264
CAACG	20718
CAACT	24819
CAAGA	17716
CAAGC	16398
CAAGG	17950
CAAGT	23415
CAATA	30354
CAATC	14074
CAATG	21764
CAATT	46456
CACAA	34633
CACAC	31942
CACAG	22250
CACAT	43072
CACCA	26534
CACCC	25946
CACCG	17588
CACCT	27761
CACGA	16147
CACGC	19928
CACGG	12761
CACGT	26227
CACTA	15026
CACTC	20090
CACTG	20046
CACTT	37772
CAGAA	31912
CAGAC	10686
CAGAG	17595
CAGAT	20464
CAGCA	30226
CAGCC	15254
CAGCG	21634
CAGCT	25056
CAGGA	20354
CAGGC	12905
CAGGG	20692
CAGGT	19129
CAGTA	17002
CAGTC	10371
CAGTG	19777
CAGTT	27885
CATAA	48124
CATAC	26614
CATAG	16677
CATAT	60264
CATCA	31613
CATCC	24493
CATCG	19200
CATCT	25125
CATGA	22274
CATGC	26760
CATGG	20434
CATGT	36914
CATTA	39724
CATTC	30264
CATTG	21986
CATTT	93785
CCAAA	40322
CCAAC	21992
CCAAG	19532
CCAAT	22643
CCACA	24541
CCACC	27328
CCACG	19696
CCACT	26360
CCAGA	13077
CCAGC	16812
CCAGG	14748
CCAGT	15172
CCATA	20573
CCATC	22915
CCATG	20366
CCATT	42004
CCCAA	25599
CCCAC	26178
CCCAG	16247
CCCAT	29301
CCCCA	35854
CCCCC	71839
CCCCG	23374
CCCCT	47546
CCCGA	9991
CCCGC	19308
CCCGG	8914
CCCGT	16638
CCCTA	14397
CCCTC	33549
CCCTG	20642
CCCTT	42759
CCGAA	14228
CCGAC	6994
CCGAG	10190
CCGAT	10488
CCGCA	17520
CCGCC	19043
CCGCG	18399
CCGCT	28797
CCGGA	6750
CCGGC	6189
CCGGG	8990
CCGGT	6979
CCGTA	9396
CCGTC	10650
CCGTG	12907
CCGTT	22126
CCTAA	16021
CCTAC	16619
CCTAG	5870
CCTAT	17677
CCTCA	24645
CCTCC	44677
CCTCG	17751
CCTCT	32572
CCTGA	13959
CCTGC	24094
CCTGG	15103
CCTGT	19535
CCTTA	19219
CCTTC	40926
CCTTG	17725
CCTTT	61592
CGAAA	36189
CGAAC	18479
CGAAG	27324
CGAAT	23649
CGACA	10861
CGACC	8562
CGACG	14073
CGACT	10584
CGAGA	10886
CGAGC	13832
CGAGG	17927
CGAGT	13460
CGATA	11897
CGATC	8855
CGATG	19173
CGATT	18813
CGCAA	23211
CGCAC	22017
CGCAG	23642
CGCAT	23814
CGCCA	19363
CGCCC	18894
CGCCG	16741
CGCCT	18751
CGCGA	15404
CGCGC	25512
CGCGG	18222
CGCGT	20282
CGCTA	13567
CGCTC	20665
CGCTG	22081
CGCTT	29898
CGGAA	16773
CGGAC	8477
CGGAG	17314
CGGAT	11266
CGGCA	15915
CGGCC	9406
CGGCG	16394
CGGCT	10758
CGGGA	11728
CGGGC	8627
CGGGG	23278
CGGGT	11161
CGGTA	8830
CGGTC	6638
CGGTG	17580
CGGTT	14306
CGTAA	19843
CGTAC	17331
CGTAG	15009
CGTAT	20720
CGTCA	16027
CGTCC	15927
CGTCG	14061
CGTCT	14839
CGTGA	14573
CGTGC	19943
CGTGG	20341
CGTGT	21156
CGTTA	17648
CGTTC	20380
CGTTG	20792
CGTTT	40056
CTAAA	29874
CTAAC	13869
CTAAG	10039
CTAAT	23680
CTACA	24135
CTACC	15814
CTACG	14843
CTACT	18740
CTAGA	7198
CTAGC	9134
CTAGG	5923
CTAGT	7000
CTATA	25340
CTATC	12485
CTATG	16642
CTATT	30168
CTCAA	20669
CTCAC	20111
CTCAG	13508
CTCAT	28306
CTCCA	31537
CTCCC	37771
CTCCG	17449
CTCCT	42019
CTCGA	12167
CTCGC	16068
CTCGG	10230
CTCGT	17364
CTCTA	13694
CTCTC	25209
CTCTG	17855
CTCTT	35570
CTGAA	24140
CTGAC	10376
CTGAG	13604
CTGAT	16546
CTGCA	31508
CTGCC	22731
CTGCG	23549
CTGCT	36038
CTGGA	16336
CTGGC	12309
CTGGG	16617
CTGGT	15172
CTGTA	19214
CTGTC	12245
CTGTG	22281
CTGTT	30137
CTTAA	30361
CTTAC	14870
CTTAG	9872
CTTAT	33759
CTTCA	40716
CTTCC	45999
CTTCG	27483
CTTCT	50683
CTTGA	15370
CTTGC	18058
CTTGG	19549
CTTGT	23001
CTTTA	36051
CTTTC	34928
CTTTG	33289
CTTTT	93009
GAAAA	107104
GAAAC	24817
GAAAG	34868
GAAAT	54032
GAACA	35849
GAACC	15916
GAACG	20363
GAACT	19254
GAAGA	54876
GAAGC	35935
GAAGG	40360
GAAGT	31782
GAATA	39355
GAATC	14754
GAATG	30312
GAATT	40500
GACAA	22473
GACAC	12864
GACAG	12177
GACAT	19310
GACCA	14647
GACCC	11796
GACCG	6711
GACCT	10142
GACGA	20103
GACGC	15320
GACGG	10642
GACGT	14866
GACTA	8069
GACTC	10636
GACTG	10409
GACTT	14246
GAGAA	38678
GAGAC	12475
GAGAG	25509
GAGAT	15566
GAGCA	30546
GAGCC	11512
GAGCG	20641
GAGCT	16955
GAGGA	44190
GAGGC	20622
GAGGG	33108
GAGGT	21065
GAGTA	18165
GAGTC	10552
GAGTG	20117
GAGTT	19581
GATAA	35457
GATAC	12653
GATAG	12634
GATAT	29191
GATCA	14902
GATCC	9410
GATCG	8827
GATCT	10096
GATGA	33021
GATGC	20616
GATGG	23029
GATGT	24468
GATTA	23645
GATTC	15049
GATTG	14009
GATTT	34714
GCAAA	57748
GCAAC	24922
GCAAG	18252
GCAAT	24943
GCACA	40325
GCACC	21605
GCACG	19811
GCACT	21163
GCAGA	29516
GCAGC	33836
GCAGG	24566
GCAGT	25108
GCATA	36457
GCATC	20797
GCATG	26916
GCATT	32920
GCCAA	27045
GCCAC	21214
GCCAG	12099
GCCAT	22015
GCCCA	18408
GCCCC	26091
GCCCG	8634
GCCCT	15646
GCCGA	11179
GCCGC	24908
GCCGG	6303
GCCGT	10976
GCCTA	10936
GCCTC	20438
GCCTG	12846
GCCTT	21963
GCGAA	33513
GCGAC	12065
GCGAG	16445
GCGAT	14643
GCGCA	29655
GCGCC	19539
GCGCG	25436
GCGCT	19516
GCGGA	19995
GCGGC	24442
GCGGG	19203
GCGGT	19421
GCGTA	20019
GCGTC	14953
GCGTG	20294
GCGTT	21866
GCTAA	21310
GCTAC	18136
GCTAG	9120
GCTAT	18047
GCTCA	22357
GCTCC	24751
GCTCG	13841
GCTCT	18446
GCTGA	20129
GCTGC	34585
GCTGG	16697
GCTGT	21920
GCTTA	19972
GCTTC	36221
GCTTG	16414
GCTTT	31449
GGAAA	59694
GGAAC	21169
GGAAG	45481
GGAAT	25330
GGACA	18945
GGACC	11247
GGACG	15805
GGACT	10826
GGAGA	37673
GGAGC	24582
GGAGG	44243
GGAGT	21737
GGATA	19623
GGATC	9542
GGATG	24743
GGATT	16796
GGCAA	27102
GGCAC	21224
GGCAG	22296
GGCAT	21249
GGCCA	18283
GGCCC	12508
GGCCG	9303
GGCCT	11425
GGCGA	20182
GGCGC	19308
GGCGG	18977
GGCGT	14923
GGCTA	12718
GGCTC	11764
GGCTG	15418
GGCTT	13343
GGGAA	47365
GGGAC	14544
GGGAG	37615
GGGAT	18387
GGGCA	25078
GGGCC	12378
GGGCG	18936
GGGCT	11898
GGGGA	51483
GGGGC	25645
GGGGG	71534
GGGGT	28725
GGGTA	18533
GGGTC	12045
GGGTG	26295
GGGTT	20126
GGTAA	22489
GGTAC	15853
GGTAG	16189
GGTAT	16490
GGTCA	14256
GGTCC	11170
GGTCG	8843
GGTCT	9551
GGTGA	28196
GGTGC	21700
GGTGG	27410
GGTGT	21399
GGTTA	19732
GGTTC	16400
GGTTG	18946
GGTTT	20705
GTAAA	49417
GTAAC	18168
GTAAG	15054
GTAAT	34237
GTACA	34476
GTACC	16093
GTACG	17520
GTACT	19880
GTAGA	20593
GTAGC	18237
GTAGG	16755
GTAGT	19121
GTATA	39996
GTATC	12693
GTATG	26787
GTATT	32774
GTCAA	17198
GTCAC	14411
GTCAG	10520
GTCAT	20296
GTCCA	16586
GTCCC	14605
GTCCG	8535
GTCCT	16937
GTCGA	11083
GTCGC	12365
GTCGG	7093
GTCGT	14180
GTCTA	11018
GTCTC	12104
GTCTG	11038
GTCTT	17114
GTGAA	37945
GTGAC	14660
GTGAG	20094
GTGAT	21159
GTGCA	37213
GTGCC	21243
GTGCG	22247
GTGCT	22854
GTGGA	29022
GTGGC	21478
GTGGG	26479
GTGGT	22280
GTGTA	31798
GTGTC	12910
GTGTG	32086
GTGTT	26793
GTTAA	35718
GTTAC	17987
GTTAG	13623
GTTAT	36237
GTTCA	28841
GTTCC	21364
GTTCG	18582
GTTCT	23798
GTTGA	20482
GTTGC	25688
GTTGG	22136
GTTGT	26811
GTTTA	34441
GTTTC	25197
GTTTG	30559
GTTTT	60280
TAAAA	139849
TAAAC	34081
TAAAG	36010
TAAAT	97595
TAACA	39060
TAACC	20036
TAACG	17771
TAACT	27112
TAAGA	25544
TAAGC	19688
TAAGG	19056
TAAGT	24330
TAATA	92283
TAATC	23638
TAATG	39157
TAATT	93913
TACAA	42082
TACAC	31657
TACAG	19223
TACAT	58940
TACCA	20601
TACCC	18526
TACCG	8890
TACCT	22439
TACGA	17833
TACGC	20071
TACGG	9424
TACGT	25875
TACTA	23314
TACTC	17993
TACTG	16742
TACTT	35471
TAGAA	31203
TAGAC	10848
TAGAG	13701
TAGAT	18437
TAGCA	23386
TAGCC	12525
TAGCG	13502
TAGCT	16815
TAGGA	17749
TAGGC	10742
TAGGG	14535
TAGGT	13510
TAGTA	23582
TAGTC	8224
TAGTG	14856
TAGTT	21819
TATAA	104088
TATAC	39531
TATAG	25080
TATAT	153599
TATCA	31493
TATCC	19484
TATCG	11915
TATCT	27053
TATGA	39614
TATGC	36302
TATGG	20304
TATGT	55596
TATTA	93236
TATTC	39785
TATTG	30736
TATTT	141035
TCAAA	45903
TCAAC	20300
TCAAG	15408
TCAAT	27164
TCACA	26657
TCACC	27624
TCACG	14680
TCACT	24575
TCAGA	15025
TCAGC	20062
TCAGG	14230
TCAGT	15589
TCATA	39752
TCATC	32521
TCATG	22328
TCATT	56067
TCCAA	27478
TCCAC	28914
TCCAG	16404
TCCAT	31180
TCCCA	23641
TCCCC	52200
TCCCG	11893
TCCCT	31144
TCCGA	10689
TCCGC	20029
TCCGG	6649
TCCGT	16625
TCCTA	17602
TCCTC	44650
TCCTG	20374
TCCTT	49557
TCGAA	23670
TCGAC	11186
TCGAG	12235
TCGAT	15769
TCGCA	19327
TCGCC	20147
TCGCG	15296
TCGCT	22099
TCGGA	10751
TCGGC	10974
TCGGG	9992
TCGGT	10194
TCGTA	17746
TCGTC	20370
TCGTG	16355
TCGTT	29389
TCTAA	20926
TCTAC	20524
TCTAG	7190
TCTAT	25818
TCTCA	18408
TCTCC	37850
TCTCG	10867
TCTCT	25062
TCTGA	14865
TCTGC	30242
TCTGG	13434
TCTGT	22989
TCTTA	25486
TCTTC	55821
TCTTG	18119
TCTTT	60723
TGAAA	55495
TGAAC	28593
TGAAG	40703
TGAAT	39793
TGACA	18546
TGACC	14080
TGACG	16180
TGACT	13583
TGAGA	18328
TGAGC	22719
TGAGG	24615
TGAGT	16958
TGATA	31595
TGATC	14812
TGATG	31829
TGATT	30035
TGCAA	39829
TGCAC	36811
TGCAG	31400
TGCAT	43732
TGCCA	25678
TGCCC	25398
TGCCG	16347
TGCCT	25344
TGCGA	19194
TGCGC	29912
TGCGG	17353
TGCGT	26247
TGCTA	23590
TGCTC	30213
TGCTG	30707
TGCTT	38691
TGGAA	36213
TGGAC	16928
TGGAG	31406
TGGAT	19293
TGGCA	25858
TGGCC	18134
TGGCG	19495
TGGCT	19703
TGGGA	23666
TGGGC	18535
TGGGG	35548
TGGGT	19603
TGGTA	21049
TGGTC	14775
TGGTG	27118
TGGTT	23094
TGTAA	45027
TGTAC	34685
TGTAG	24452
TGTAT	49488
TGTCA	18577
TGTCC	18719
TGTCG	11119
TGTCT	18407
TGTGA	26812
TGTGC	40904
TGTGG	24921
TGTGT	40441
TGTTA	39530
TGTTC	36612
TGTTG	30164
TGTTT	55987
TTAAA	100366
TTAAC	36034
TTAAG	29893
TTAAT	82789
TTACA	44491
TTACC	22185
TTACG	19982
TTACT	29374
TTAGA	20727
TTAGC	20924
TTAGG	16250
TTAGT	19241
TTATA	103652
TTATC	35476
TTATG	48102
TTATT	119719
TTCAA	41413
TTCAC	38187
TTCAG	24369
TTCAT	61152
TTCCA	36636
TTCCC	48212
TTCCG	17187
TTCCT	51419
TTCGA	23638
TTCGC	33640
TTCGG	14271
TTCGT	34481
TTCTA	31240
TTCTC	39441
TTCTG	32174
TTCTT	78046
TTGAA	41419
TTGAC	17041
TTGAG	20670
TTGAT	29689
TTGCA	39703
TTGCC	27699
TTGCG	23040
TTGCT	36019
TTGGA	27536
TTGGC	27232
TTGGG	25467
TTGGT	24933
TTGTA	43634
TTGTC	22411
TTGTG	34999
TTGTT	55683
TTTAA	99694
TTTAC	48757
TTTAG	29910
TTTAT	128562
TTTCA	55702
TTTCC	60562
TTTCG	36317
TTTCT	70004
TTTGA	45800
TTTGC	58028
TTTGG	40929
TTTGT	68597
TTTTA	138717
TTTTC	108073
TTTTG	87946
TTTTT	378595
