kmer	Plasmodiophora_brassicae
AAAAA	5382
AAAAC	9903
AAAAG	6565
AAAAT	6860
AAACA	14762
AAACC	15189
AAACG	24867
AAACT	9874
AAAGA	10302
AAAGC	12141
AAAGG	11521
AAAGT	9537
AAATA	7399
AAATC	13988
AAATG	13438
AAATT	7816
AACAA	19268
AACAC	19566
AACAG	28258
AACAT	18004
AACCA	18546
AACCC	18903
AACCG	27342
AACCT	19313
AACGA	38579
AACGC	42631
AACGG	33410
AACGT	35356
AACTA	5573
AACTC	15658
AACTG	22153
AACTT	12787
AAGAA	21167
AAGAC	18976
AAGAG	13340
AAGAT	14810
AAGCA	19817
AAGCC	15925
AAGCG	24988
AAGCT	13985
AAGGA	18751
AAGGC	24606
AAGGG	13252
AAGGT	18760
AAGTA	9431
AAGTC	16921
AAGTG	12517
AAGTT	12915
AATAA	6997
AATAC	11446
AATAG	7428
AATAT	9756
AATCA	13701
AATCC	15083
AATCG	26612
AATCT	10545
AATGA	16517
AATGC	22358
AATGG	20355
AATGT	16058
AATTA	5252
AATTC	14573
AATTG	12750
AATTT	8009
ACAAA	13141
ACAAC	27543
ACAAG	20940
ACAAT	17733
ACACA	18090
ACACC	20348
ACACG	34219
ACACT	12210
ACAGA	19792
ACAGC	37361
ACAGG	35259
ACAGT	18793
ACATA	9017
ACATC	27892
ACATG	25961
ACATT	15811
ACCAA	16707
ACCAC	21620
ACCAG	33780
ACCAT	22068
ACCCA	18189
ACCCC	13394
ACCCG	35172
ACCCT	14590
ACCGA	30118
ACCGC	34564
ACCGG	33635
ACCGT	28295
ACCTA	9040
ACCTC	21195
ACCTG	46312
ACCTT	18607
ACGAA	36141
ACGAC	73273
ACGAG	35934
ACGAT	42151
ACGCA	27092
ACGCC	54151
ACGCG	54450
ACGCT	29664
ACGGA	22574
ACGGC	50309
ACGGG	32494
ACGGT	28543
ACGTA	19989
ACGTC	58232
ACGTG	35431
ACGTT	35696
ACTAA	4323
ACTAC	10615
ACTAG	4333
ACTAT	6607
ACTCA	9425
ACTCC	13542
ACTCG	24492
ACTCT	9265
ACTGA	18228
ACTGC	28025
ACTGG	28243
ACTGT	18808
ACTTA	3970
ACTTC	20658
ACTTG	17667
ACTTT	9359
AGAAA	12950
AGAAC	26597
AGAAG	25003
AGAAT	12863
AGACA	16049
AGACC	17626
AGACG	37122
AGACT	9176
AGAGA	12116
AGAGC	20306
AGAGG	14135
AGAGT	8998
AGATA	8421
AGATC	25039
AGATG	23411
AGATT	10691
AGCAA	24141
AGCAC	27494
AGCAG	44301
AGCAT	21938
AGCCA	19227
AGCCC	15526
AGCCG	27337
AGCCT	13744
AGCGA	33921
AGCGC	44085
AGCGG	32325
AGCGT	29616
AGCTA	5795
AGCTC	20853
AGCTG	32275
AGCTT	14207
AGGAA	23651
AGGAC	32311
AGGAG	23690
AGGAT	18629
AGGCA	24512
AGGCC	28847
AGGCG	47798
AGGCT	13647
AGGGA	14523
AGGGC	28639
AGGGG	12623
AGGGT	14215
AGGTA	15540
AGGTC	35998
AGGTG	24436
AGGTT	19623
AGTAA	6062
AGTAC	18704
AGTAG	8401
AGTAT	7892
AGTCA	13304
AGTCC	14747
AGTCG	31269
AGTCT	9229
AGTGA	12225
AGTGC	20205
AGTGG	16315
AGTGT	11995
AGTTA	4727
AGTTC	23664
AGTTG	17632
AGTTT	9897
ATAAA	6525
ATAAC	10301
ATAAG	5848
ATAAT	7235
ATACA	12028
ATACC	12559
ATACG	18045
ATACT	7754
ATAGA	7232
ATAGC	9662
ATAGG	8506
ATAGT	6515
ATATA	7317
ATATC	16841
ATATG	11465
ATATT	9527
ATCAA	19631
ATCAC	20640
ATCAG	29022
ATCAT	23946
ATCCA	23996
ATCCC	18568
ATCCG	28213
ATCCT	18684
ATCGA	40499
ATCGC	44973
ATCGG	35815
ATCGT	42723
ATCTA	6933
ATCTC	19196
ATCTG	26550
ATCTT	15248
ATGAA	21529
ATGAC	30658
ATGAG	15822
ATGAT	23525
ATGCA	25553
ATGCC	30916
ATGCG	31668
ATGCT	22362
ATGGA	23967
ATGGC	37759
ATGGG	21970
ATGGT	22019
ATGTA	12815
ATGTC	29788
ATGTG	18599
ATGTT	17864
ATTAA	5201
ATTAC	8902
ATTAG	5542
ATTAT	7298
ATTCA	14180
ATTCC	18022
ATTCG	28746
ATTCT	12915
ATTGA	14977
ATTGC	24936
ATTGG	16326
ATTGT	17740
ATTTA	5042
ATTTC	17364
ATTTG	13773
ATTTT	6732
CAAAA	7811
CAAAC	21928
CAAAG	16753
CAAAT	13572
CAACA	27004
CAACC	27528
CAACG	51475
CAACT	17855
CAAGA	21057
CAAGC	25116
CAAGG	27937
CAAGT	17848
CAATA	11357
CAATC	20558
CAATG	29426
CAATT	12496
CACAA	17201
CACAC	21847
CACAG	26482
CACAT	18406
CACCA	28782
CACCC	21915
CACCG	38211
CACCT	24815
CACGA	41450
CACGC	34458
CACGG	28128
CACGT	35538
CACTA	6926
CACTC	13340
CACTG	28318
CACTT	12608
CAGAA	26068
CAGAC	31192
CAGAG	21932
CAGAT	26479
CAGCA	57599
CAGCC	31881
CAGCG	65937
CAGCT	32427
CAGGA	44191
CAGGC	50132
CAGGG	33080
CAGGT	46597
CAGTA	16008
CAGTC	26471
CAGTG	28144
CAGTT	22311
CATAA	7590
CATAC	13803
CATAG	8982
CATAT	11571
CATCA	35181
CATCC	30260
CATCG	59109
CATCT	23741
CATGA	27303
CATGC	33380
CATGG	34505
CATGT	25888
CATTA	8971
CATTC	23687
CATTG	29156
CATTT	13632
CCAAA	15238
CCAAC	26979
CCAAG	21914
CCAAT	16513
CCACA	22198
CCACC	31126
CCACG	32099
CCACT	16514
CCAGA	30678
CCAGC	52436
CCAGG	48984
CCAGT	28122
CCATA	11721
CCATC	38858
CCATG	34610
CCATT	20534
CCCAA	16019
CCCAC	19546
CCCAG	32946
CCCAT	21750
CCCCA	18202
CCCCC	16334
CCCCG	27042
CCCCT	12838
CCCGA	35755
CCCGC	38017
CCCGG	35547
CCCGT	32559
CCCTA	7831
CCCTC	16346
CCCTG	33531
CCCTT	13573
CCGAA	29790
CCGAC	56418
CCGAG	28806
CCGAT	36337
CCGCA	32683
CCGCC	62910
CCGCG	41745
CCGCT	32572
CCGGA	28310
CCGGC	52301
CCGGG	35770
CCGGT	33720
CCGTA	16291
CCGTC	56463
CCGTG	28259
CCGTT	33393
CCTAA	7203
CCTAC	13412
CCTAG	6229
CCTAT	8704
CCTCA	17474
CCTCC	24668
CCTCG	39099
CCTCT	14661
CCTGA	32904
CCTGC	56968
CCTGG	49069
CCTGT	34793
CCTTA	6234
CCTTC	30303
CCTTG	28243
CCTTT	11630
CGAAA	23399
CGAAC	54535
CGAAG	36030
CGAAT	28787
CGACA	57788
CGACC	63631
CGACG	115558
CGACT	31623
CGAGA	29449
CGAGC	41119
CGAGG	39010
CGAGT	24407
CGATA	22671
CGATC	55922
CGATG	58996
CGATT	26403
CGCAA	26210
CGCAC	33321
CGCAG	43289
CGCAT	31903
CGCCA	58837
CGCCC	58971
CGCCG	91928
CGCCT	48369
CGCGA	51285
CGCGC	66386
CGCGG	41527
CGCGT	54225
CGCTA	12123
CGCTC	37667
CGCTG	66192
CGCTT	25298
CGGAA	25876
CGGAC	34913
CGGAG	19643
CGGAT	27838
CGGCA	54271
CGGCC	53978
CGGCG	92155
CGGCT	27791
CGGGA	31494
CGGGC	48051
CGGGG	27233
CGGGT	34985
CGGTA	19187
CGGTC	42017
CGGTG	38419
CGGTT	27442
CGTAA	11295
CGTAC	34784
CGTAG	14847
CGTAT	18332
CGTCA	55520
CGTCC	59488
CGTCG	116022
CGTCT	37038
CGTGA	27593
CGTGC	45958
CGTGG	32149
CGTGT	34512
CGTTA	16027
CGTTC	58001
CGTTG	51710
CGTTT	25107
CTAAA	6050
CTAAC	7948
CTAAG	4217
CTAAT	5485
CTACA	12569
CTACC	12948
CTACG	14760
CTACT	8526
CTAGA	5341
CTAGC	7480
CTAGG	6271
CTAGT	4516
CTATA	5391
CTATC	10330
CTATG	9232
CTATT	7525
CTCAA	14117
CTCAC	11709
CTCAG	17773
CTCAT	16034
CTCCA	25940
CTCCC	16706
CTCCG	20579
CTCCT	24633
CTCGA	38335
CTCGC	31402
CTCGG	28986
CTCGT	36219
CTCTA	6843
CTCTC	14074
CTCTG	22246
CTCTT	13592
CTGAA	28498
CTGAC	36040
CTGAG	17632
CTGAT	29058
CTGCA	45620
CTGCC	43940
CTGCG	43936
CTGCT	45536
CTGGA	44581
CTGGC	49582
CTGGG	32674
CTGGT	33528
CTGTA	17824
CTGTC	38494
CTGTG	26701
CTGTT	28248
CTTAA	4303
CTTAC	7177
CTTAG	4177
CTTAT	5981
CTTCA	27356
CTTCC	25197
CTTCG	36883
CTTCT	25728
CTTGA	22749
CTTGC	26488
CTTGG	22170
CTTGT	21312
CTTTA	5407
CTTTC	14687
CTTTG	17025
CTTTT	6586
GAAAA	10530
GAAAC	24126
GAAAG	14782
GAAAT	17222
GAACA	35519
GAACC	33044
GAACG	57448
GAACT	23420
GAAGA	32227
GAAGC	30843
GAAGG	29728
GAAGT	20448
GAATA	12103
GAATC	23612
GAATG	23626
GAATT	14853
GACAA	29754
GACAC	30035
GACAG	38588
GACAT	29801
GACCA	33213
GACCC	28215
GACCG	41749
GACCT	35325
GACGA	85745
GACGC	67556
GACGG	56495
GACGT	58149
GACTA	8263
GACTC	17229
GACTG	26446
GACTT	16981
GAGAA	22329
GAGAC	20237
GAGAG	13721
GAGAT	19328
GAGCA	31069
GAGCC	19854
GAGCG	37104
GAGCT	20718
GAGGA	28057
GAGGC	29011
GAGGG	16057
GAGGT	21234
GAGTA	10517
GAGTC	16842
GAGTG	13190
GAGTT	15193
GATAA	10548
GATAC	17259
GATAG	10233
GATAT	16562
GATCA	32689
GATCC	32163
GATCG	55295
GATCT	25171
GATGA	38898
GATGC	41980
GATGG	38970
GATGT	27988
GATTA	7779
GATTC	23464
GATTG	20574
GATTT	13817
GCAAA	18007
GCAAC	39908
GCAAG	26341
GCAAT	24819
GCACA	28867
GCACC	37886
GCACG	45755
GCACT	20087
GCAGA	36639
GCAGC	56266
GCAGG	56481
GCAGT	27658
GCATA	12337
GCATC	42350
GCATG	33030
GCATT	22358
GCCAA	29406
GCCAC	35400
GCCAG	48948
GCCAT	37831
GCCCA	34821
GCCCC	26659
GCCCG	47712
GCCCT	29269
GCCGA	59945
GCCGC	65322
GCCGG	52137
GCCGT	50158
GCCTA	11139
GCCTC	29562
GCCTG	49990
GCCTT	24780
GCGAA	40655
GCGAC	68041
GCGAG	30863
GCGAT	45117
GCGCA	41190
GCGCC	75508
GCGCG	65816
GCGCT	44522
GCGGA	32192
GCGGC	65116
GCGGG	38131
GCGGT	34552
GCGTA	20854
GCGTC	66959
GCGTG	34511
GCGTT	42496
GCTAA	7086
GCTAC	11393
GCTAG	7573
GCTAT	9746
GCTCA	20310
GCTCC	27587
GCTCG	41338
GCTCT	20508
GCTGA	41672
GCTGC	57018
GCTGG	52328
GCTGT	37785
GCTTA	6676
GCTTC	31415
GCTTG	25510
GCTTT	12247
GGAAA	15456
GGAAC	35257
GGAAG	25008
GGAAT	18076
GGACA	29934
GGACC	29060
GGACG	60010
GGACT	14724
GGAGA	21776
GGAGC	26995
GGAGG	23699
GGAGT	12955
GGATA	12204
GGATC	32003
GGATG	29966
GGATT	14681
GGCAA	32808
GGCAC	38356
GGCAG	43772
GGCAT	30740
GGCCA	40551
GGCCC	29777
GGCCG	54073
GGCCT	28910
GGCGA	65085
GGCGC	75330
GGCGG	63262
GGCGT	53707
GGCTA	8279
GGCTC	19785
GGCTG	31893
GGCTT	16183
GGGAA	19670
GGGAC	28255
GGGAG	16546
GGGAT	18548
GGGCA	33716
GGGCC	29943
GGGCG	58798
GGGCT	15449
GGGGA	18071
GGGGC	26175
GGGGG	16244
GGGGT	13435
GGGTA	12027
GGGTC	28053
GGGTG	21975
GGGTT	18835
GGTAA	8857
GGTAC	25931
GGTAG	12571
GGTAT	12898
GGTCA	28524
GGTCC	29073
GGTCG	64034
GGTCT	18051
GGTGA	24464
GGTGC	37326
GGTGG	31111
GGTGT	20287
GGTTA	8251
GGTTC	32868
GGTTG	28021
GGTTT	15341
GTAAA	7264
GTAAC	11123
GTAAG	7031
GTAAT	8926
GTACA	24493
GTACC	26318
GTACG	34588
GTACT	18792
GTAGA	13452
GTAGC	11226
GTAGG	13109
GTAGT	10605
GTATA	7867
GTATC	17504
GTATG	14190
GTATT	11799
GTCAA	27260
GTCAC	27103
GTCAG	36603
GTCAT	30830
GTCCA	38170
GTCCC	28198
GTCCG	34507
GTCCT	32566
GTCGA	70972
GTCGC	67747
GTCGG	56532
GTCGT	74016
GTCTA	9610
GTCTC	20883
GTCTG	31008
GTCTT	19116
GTGAA	19927
GTGAC	26849
GTGAG	11714
GTGAT	20642
GTGCA	33250
GTGCC	37662
GTGCG	33958
GTGCT	27375
GTGGA	25291
GTGGC	34876
GTGGG	19296
GTGGT	22225
GTGTA	13669
GTGTC	30227
GTGTG	21623
GTGTT	19737
GTTAA	7925
GTTAC	10930
GTTAG	7917
GTTAT	10048
GTTCA	33069
GTTCC	35756
GTTCG	54323
GTTCT	26762
GTTGA	29670
GTTGC	40311
GTTGG	26641
GTTGT	27994
GTTTA	8676
GTTTC	24645
GTTTG	21982
GTTTT	9917
TAAAA	4980
TAAAC	8734
TAAAG	5401
TAAAT	4987
TAACA	7811
TAACC	8342
TAACG	16186
TAACT	5022
TAAGA	4707
TAAGC	6615
TAAGG	6183
TAAGT	3951
TAATA	4768
TAATC	7783
TAATG	8798
TAATT	5419
TACAA	13134
TACAC	13419
TACAG	17877
TACAT	12470
TACCA	13634
TACCC	12310
TACCG	19310
TACCT	15701
TACGA	21725
TACGC	20712
TACGG	15887
TACGT	20305
TACTA	5116
TACTC	10497
TACTG	16387
TACTT	9278
TAGAA	7849
TAGAC	9568
TAGAG	6562
TAGAT	6945
TAGCA	9389
TAGCC	8174
TAGCG	11918
TAGCT	6000
TAGGA	7282
TAGGC	11055
TAGGG	7616
TAGGT	9006
TAGTA	5103
TAGTC	8315
TAGTG	6889
TAGTT	5501
TATAA	4774
TATAC	7878
TATAG	5272
TATAT	7261
TATCA	11668
TATCC	11955
TATCG	22994
TATCT	8470
TATGA	8816
TATGC	12781
TATGG	11885
TATGT	9132
TATTA	4941
TATTC	12139
TATTG	11499
TATTT	7453
TCAAA	13678
TCAAC	29432
TCAAG	22763
TCAAT	14772
TCACA	14781
TCACC	24363
TCACG	27501
TCACT	12381
TCAGA	18562
TCAGC	41781
TCAGG	33276
TCAGT	18361
TCATA	8871
TCATC	39191
TCATG	27475
TCATT	16743
TCCAA	18512
TCCAC	25371
TCCAG	44546
TCCAT	24074
TCCCA	19049
TCCCC	18029
TCCCG	31952
TCCCT	14580
TCCGA	25533
TCCGC	32007
TCCGG	28782
TCCGT	23394
TCCTA	7536
TCCTC	28799
TCCTG	43901
TCCTT	19450
TCGAA	36165
TCGAC	70868
TCGAG	38382
TCGAT	40387
TCGCA	33758
TCGCC	65536
TCGCG	51412
TCGCT	34522
TCGGA	25194
TCGGC	60469
TCGGG	35368
TCGGT	30250
TCGTA	22124
TCGTC	86414
TCGTG	42011
TCGTT	39260
TCTAA	5088
TCTAC	13383
TCTAG	5473
TCTAT	7421
TCTCA	12424
TCTCC	22061
TCTCG	30013
TCTCT	12321
TCTGA	18424
TCTGC	37021
TCTGG	30725
TCTGT	19881
TCTTA	4758
TCTTC	32788
TCTTG	21299
TCTTT	10469
TGAAA	14855
TGAAC	33042
TGAAG	27205
TGAAT	14468
TGACA	24407
TGACC	28185
TGACG	55255
TGACT	13396
TGAGA	12274
TGAGC	20325
TGAGG	17515
TGAGT	9382
TGATA	11306
TGATC	32354
TGATG	35463
TGATT	13859
TGCAA	25916
TGCAC	33424
TGCAG	45682
TGCAT	25494
TGCCA	32970
TGCCC	34186
TGCCG	54224
TGCCT	24448
TGCGA	34385
TGCGC	41235
TGCGG	32877
TGCGT	27272
TGCTA	9601
TGCTC	31438
TGCTG	58443
TGCTT	20160
TGGAA	24600
TGGAC	38249
TGGAG	25546
TGGAT	23839
TGGCA	33177
TGGCC	40544
TGGCG	58633
TGGCT	19253
TGGGA	18931
TGGGC	35041
TGGGG	17825
TGGGT	18258
TGGTA	13503
TGGTC	33614
TGGTG	28358
TGGTT	18585
TGTAA	8130
TGTAC	24772
TGTAG	12573
TGTAT	12238
TGTCA	24448
TGTCC	30133
TGTCG	57942
TGTCT	16299
TGTGA	14850
TGTGC	28756
TGTGG	22113
TGTGT	18462
TGTTA	7815
TGTTC	35377
TGTTG	27253
TGTTT	14877
TTAAA	4262
TTAAC	7989
TTAAG	4360
TTAAT	5122
TTACA	7810
TTACC	9130
TTACG	11236
TTACT	6206
TTAGA	4899
TTAGC	7113
TTAGG	7074
TTAGT	4172
TTATA	4610
TTATC	10412
TTATG	7727
TTATT	7181
TTCAA	19637
TTCAC	19574
TTCAG	28582
TTCAT	21470
TTCCA	24397
TTCCC	20138
TTCCG	26417
TTCCT	23803
TTCGA	35996
TTCGC	41106
TTCGG	29948
TTCGT	36851
TTCTA	7979
TTCTC	22666
TTCTG	26247
TTCTT	21358
TTGAA	19616
TTGAC	27696
TTGAG	14328
TTGAT	19757
TTGCA	26093
TTGCC	33310
TTGCG	26207
TTGCT	24369
TTGGA	18395
TTGGC	29390
TTGGG	16115
TTGGT	16288
TTGTA	13405
TTGTC	30313
TTGTG	17258
TTGTT	19473
TTTAA	4305
TTTAC	7373
TTTAG	5622
TTTAT	6603
TTTCA	14658
TTTCC	15780
TTTCG	23949
TTTCT	12845
TTTGA	14001
TTTGC	18244
TTTGG	15051
TTTGT	13403
TTTTA	4778
TTTTC	10536
TTTTG	7919
TTTTT	5365
