kmer	Pseudo-nitzschia_delicatissima
AAAAA	110729
AAAAC	64428
AAAAG	79770
AAAAT	91163
AAACA	64473
AAACC	40100
AAACG	44166
AAACT	43481
AAAGA	79800
AAAGC	47586
AAAGG	48940
AAAGT	45911
AAATA	50804
AAATC	68354
AAATG	55857
AAATT	68717
AACAA	91123
AACAC	36829
AACAG	39536
AACAT	42784
AACCA	45035
AACCC	24959
AACCG	24808
AACCT	27549
AACGA	60493
AACGC	25343
AACGG	27258
AACGT	26524
AACTA	23790
AACTC	35558
AACTG	28259
AACTT	39855
AAGAA	101863
AAGAC	45044
AAGAG	48851
AAGAT	52425
AAGCA	48175
AAGCC	29717
AAGCG	28680
AAGCT	34800
AAGGA	53894
AAGGC	34436
AAGGG	26755
AAGGT	29451
AAGTA	27359
AAGTC	33470
AAGTG	29019
AAGTT	40396
AATAA	40895
AATAC	37640
AATAG	31224
AATAT	45038
AATCA	61155
AATCC	47125
AATCG	61066
AATCT	46571
AATGA	58489
AATGC	41311
AATGG	47232
AATGT	40234
AATTA	29519
AATTC	65713
AATTG	56680
AATTT	68344
ACAAA	74057
ACAAC	58704
ACAAG	49093
ACAAT	59487
ACACA	31961
ACACC	27372
ACACG	25123
ACACT	24063
ACAGA	34767
ACAGC	33103
ACAGG	20781
ACAGT	25106
ACATA	20875
ACATC	36849
ACATG	28192
ACATT	40463
ACCAA	53458
ACCAC	31404
ACCAG	27507
ACCAT	37508
ACCCA	24191
ACCCC	14938
ACCCG	16512
ACCCT	17965
ACCGA	32732
ACCGC	18288
ACCGG	15393
ACCGT	21661
ACCTA	11972
ACCTC	25565
ACCTG	18477
ACCTT	29807
ACGAA	66742
ACGAC	44117
ACGAG	37750
ACGAT	51429
ACGCA	23684
ACGCC	18176
ACGCG	14951
ACGCT	19957
ACGGA	33738
ACGGC	21582
ACGGG	19932
ACGGT	21733
ACGTA	19242
ACGTC	26487
ACGTG	20794
ACGTT	26528
ACTAA	16234
ACTAC	24685
ACTAG	14291
ACTAT	24578
ACTCA	24395
ACTCC	25118
ACTCG	28788
ACTCT	27577
ACTGA	23572
ACTGC	25213
ACTGG	23809
ACTGT	25184
ACTTA	12755
ACTTC	37884
ACTTG	33879
ACTTT	45755
AGAAA	79320
AGAAC	43233
AGAAG	60442
AGAAT	58253
AGACA	33459
AGACC	19681
AGACG	32788
AGACT	23615
AGAGA	42566
AGAGC	29866
AGAGG	30110
AGAGT	27434
AGATA	25284
AGATC	34407
AGATG	36352
AGATT	46407
AGCAA	56108
AGCAC	27659
AGCAG	37655
AGCAT	34497
AGCCA	27986
AGCCC	16543
AGCCG	18532
AGCCT	20883
AGCGA	34255
AGCGC	18639
AGCGG	20220
AGCGT	19651
AGCTA	17386
AGCTC	29124
AGCTG	28178
AGCTT	35164
AGGAA	54776
AGGAC	25645
AGGAG	34813
AGGAT	35514
AGGCA	28588
AGGCC	21683
AGGCG	19602
AGGCT	20632
AGGGA	28148
AGGGC	18197
AGGGG	14271
AGGGT	18166
AGGTA	16252
AGGTC	19867
AGGTG	21545
AGGTT	27096
AGTAA	19806
AGTAC	19926
AGTAG	22329
AGTAT	25674
AGTCA	25642
AGTCC	19055
AGTCG	29940
AGTCT	23946
AGTGA	28207
AGTGC	21208
AGTGG	24648
AGTGT	23779
AGTTA	13693
AGTTC	35097
AGTTG	35398
AGTTT	43532
ATAAA	33824
ATAAC	20738
ATAAG	16801
ATAAT	37682
ATACA	31680
ATACC	25252
ATACG	22590
ATACT	25631
ATAGA	28377
ATAGC	20988
ATAGG	15538
ATAGT	24449
ATATA	22925
ATATC	37280
ATATG	24350
ATATT	45346
ATCAA	65410
ATCAC	36511
ATCAG	30132
ATCAT	56197
ATCCA	52229
ATCCC	31667
ATCCG	29533
ATCCT	36255
ATCGA	74934
ATCGC	34515
ATCGG	35594
ATCGT	50627
ATCTA	21826
ATCTC	38407
ATCTG	30116
ATCTT	52449
ATGAA	58401
ATGAC	37461
ATGAG	29668
ATGAT	55881
ATGCA	35292
ATGCC	34792
ATGCG	23924
ATGCT	34783
ATGGA	52412
ATGGC	35977
ATGGG	27895
ATGGT	37262
ATGTA	23832
ATGTC	33038
ATGTG	25786
ATGTT	42189
ATTAA	19213
ATTAC	25043
ATTAG	16134
ATTAT	37506
ATTCA	52560
ATTCC	54300
ATTCG	59355
ATTCT	57860
ATTGA	57863
ATTGC	48236
ATTGG	46927
ATTGT	59830
ATTTA	27195
ATTTC	68855
ATTTG	57254
ATTTT	89103
CAAAA	98829
CAAAC	52228
CAAAG	56847
CAAAT	57292
CAACA	74548
CAACC	36522
CAACG	43667
CAACT	35352
CAAGA	65676
CAAGC	36903
CAAGG	40582
CAAGT	33681
CAATA	42861
CAATC	60121
CAATG	53858
CAATT	56179
CACAA	49984
CACAC	23753
CACAG	23612
CACAT	26205
CACCA	45335
CACCC	21467
CACCG	27317
CACCT	22041
CACGA	37322
CACGC	16320
CACGG	22056
CACGT	20894
CACTA	18405
CACTC	25702
CACTG	25343
CACTT	29696
CAGAA	47436
CAGAC	21513
CAGAG	28971
CAGAT	29992
CAGCA	50476
CAGCC	23044
CAGCG	28043
CAGCT	28756
CAGGA	28303
CAGGC	18004
CAGGG	16942
CAGGT	18197
CAGTA	20972
CAGTC	23207
CAGTG	25215
CAGTT	28274
CATAA	22051
CATAC	22718
CATAG	17767
CATAT	24441
CATCA	54542
CATCC	38911
CATCG	54814
CATCT	36157
CATGA	37526
CATGC	27095
CATGG	37335
CATGT	27970
CATTA	23986
CATTC	54608
CATTG	54245
CATTT	56359
CCAAA	65398
CCAAC	43197
CCAAG	43772
CCAAT	46700
CCACA	31399
CCACC	36041
CCACG	23841
CCACT	24497
CCAGA	31892
CCAGC	30112
CCAGG	21159
CCAGT	24000
CCATA	22009
CCATC	47289
CCATG	37530
CCATT	47084
CCCAA	35238
CCCAC	21375
CCCAG	20997
CCCAT	28063
CCCCA	21152
CCCCC	12894
CCCCG	15462
CCCCT	14321
CCCGA	27142
CCCGC	16227
CCCGG	14563
CCCGT	19632
CCCTA	10172
CCCTC	25409
CCCTG	16901
CCCTT	26749
CCGAA	47557
CCGAC	27439
CCGAG	26955
CCGAT	36028
CCGCA	23364
CCGCC	21707
CCGCG	14354
CCGCT	19460
CCGGA	24547
CCGGC	15252
CCGGG	14600
CCGGT	15727
CCGTA	16707
CCGTC	31049
CCGTG	21688
CCGTT	27023
CCTAA	9513
CCTAC	17130
CCTAG	7995
CCTAT	15642
CCTCA	22934
CCTCC	38903
CCTCG	37658
CCTCT	30614
CCTGA	17467
CCTGC	22394
CCTGG	20963
CCTGT	21199
CCTTA	10754
CCTTC	45062
CCTTG	40978
CCTTT	48918
CGAAA	80775
CGAAC	40300
CGAAG	55469
CGAAT	58111
CGACA	46483
CGACC	23779
CGACG	47740
CGACT	30771
CGAGA	41646
CGAGC	24752
CGAGG	38142
CGAGT	28706
CGATA	36534
CGATC	43892
CGATG	54839
CGATT	61067
CGCAA	38822
CGCAC	15651
CGCAG	21231
CGCAT	24465
CGCCA	27119
CGCCC	14531
CGCCG	20694
CGCCT	19882
CGCGA	21381
CGCGC	13295
CGCGG	14398
CGCGT	15047
CGCTA	14519
CGCTC	21851
CGCTG	26667
CGCTT	28369
CGGAA	50516
CGGAC	18759
CGGAG	28475
CGGAT	30099
CGGCA	33429
CGGCC	17729
CGGCG	20634
CGGCT	18316
CGGGA	29493
CGGGC	15948
CGGGG	15673
CGGGT	16497
CGGTA	19494
CGGTC	16873
CGGTG	27038
CGGTT	24517
CGTAA	19393
CGTAC	19796
CGTAG	19175
CGTAT	22559
CGTCA	37506
CGTCC	30484
CGTCG	46987
CGTCT	32610
CGTGA	26082
CGTGC	21017
CGTGG	23719
CGTGT	24752
CGTTA	14673
CGTTC	36669
CGTTG	43491
CGTTT	43800
CTAAA	18843
CTAAC	11355
CTAAG	8215
CTAAT	16303
CTACA	24449
CTACC	20098
CTACG	19627
CTACT	22755
CTAGA	16887
CTAGC	12856
CTAGG	7921
CTAGT	14304
CTATA	14503
CTATC	26828
CTATG	17554
CTATT	31394
CTCAA	38586
CTCAC	20811
CTCAG	15773
CTCAT	29661
CTCCA	39658
CTCCC	29644
CTCCG	28771
CTCCT	35279
CTCGA	47071
CTCGC	21870
CTCGG	26784
CTCGT	36761
CTCTA	19117
CTCTC	33994
CTCTG	28639
CTCTT	48475
CTGAA	32762
CTGAC	19578
CTGAG	15881
CTGAT	28170
CTGCA	29542
CTGCC	29710
CTGCG	21330
CTGCT	37535
CTGGA	36100
CTGGC	22771
CTGGG	20170
CTGGT	27289
CTGTA	21032
CTGTC	29522
CTGTG	23332
CTGTT	38874
CTTAA	10576
CTTAC	14579
CTTAG	8177
CTTAT	16939
CTTCA	43242
CTTCC	56243
CTTCG	55445
CTTCT	60442
CTTGA	44277
CTTGC	39633
CTTGG	44055
CTTGT	48731
CTTTA	20145
CTTTC	64528
CTTTG	56756
CTTTT	80121
GAAAA	100200
GAAAC	59460
GAAAG	65416
GAAAT	68196
GAACA	51084
GAACC	33753
GAACG	36896
GAACT	35038
GAAGA	85574
GAAGC	46863
GAAGG	44547
GAAGT	37917
GAATA	39066
GAATC	64625
GAATG	54093
GAATT	66101
GACAA	58587
GACAC	28555
GACAG	29446
GACAT	33289
GACCA	29409
GACCC	14452
GACCG	16619
GACCT	19787
GACGA	68847
GACGC	23008
GACGG	31065
GACGT	26214
GACTA	16871
GACTC	25287
GACTG	23006
GACTT	33285
GAGAA	59461
GAGAC	29045
GAGAG	33320
GAGAT	38144
GAGCA	33684
GAGCC	20038
GAGCG	22158
GAGCT	29417
GAGGA	50993
GAGGC	27906
GAGGG	24925
GAGGT	25435
GAGTA	18780
GAGTC	25334
GAGTG	25478
GAGTT	35511
GATAA	28213
GATAC	28930
GATAG	26359
GATAT	37482
GATCA	39450
GATCC	37243
GATCG	43182
GATCT	34455
GATGA	59214
GATGC	42194
GATGG	47112
GATGT	36103
GATTA	22612
GATTC	64178
GATTG	59237
GATTT	66845
GCAAA	56318
GCAAC	43317
GCAAG	39756
GCAAT	48823
GCACA	25997
GCACC	22644
GCACG	21219
GCACT	21244
GCAGA	31661
GCAGC	39123
GCAGG	22087
GCAGT	25046
GCATA	18106
GCATC	41527
GCATG	26737
GCATT	42240
GCCAA	43351
GCCAC	25513
GCCAG	23223
GCCAT	36183
GCCCA	21768
GCCCC	12007
GCCCG	15943
GCCCT	18607
GCCGA	33811
GCCGC	19593
GCCGG	15374
GCCGT	21729
GCCTA	10162
GCCTC	28053
GCCTG	17877
GCCTT	34713
GCGAA	36256
GCGAC	25028
GCGAG	21889
GCGAT	34379
GCGCA	19303
GCGCC	13936
GCGCG	13171
GCGCT	18057
GCGGA	25595
GCGGC	19782
GCGGG	15963
GCGGT	17991
GCGTA	12062
GCGTC	22879
GCGTG	16480
GCGTT	24953
GCTAA	12214
GCTAC	20033
GCTAG	13057
GCTAT	21731
GCTCA	22243
GCTCC	27940
GCTCG	24253
GCTCT	29915
GCTGA	25885
GCTGC	38539
GCTGG	29871
GCTGT	31913
GCTTA	10160
GCTTC	47134
GCTTG	36250
GCTTT	47135
GGAAA	65361
GGAAC	39311
GGAAG	55962
GGAAT	55473
GGACA	29826
GGACC	13784
GGACG	30950
GGACT	18654
GGAGA	40704
GGAGC	28203
GGAGG	38402
GGAGT	25148
GGATA	25694
GGATC	37425
GGATG	39357
GGATT	47084
GGCAA	42707
GGCAC	23997
GGCAG	29807
GGCAT	34296
GGCCA	28955
GGCCC	12892
GGCCG	17396
GGCCT	21722
GGCGA	28143
GGCGC	13915
GGCGG	21689
GGCGT	17927
GGCTA	11601
GGCTC	19827
GGCTG	22115
GGCTT	29670
GGGAA	40226
GGGAC	18761
GGGAG	29443
GGGAT	31466
GGGCA	24460
GGGCC	12600
GGGCG	14373
GGGCT	16226
GGGGA	24113
GGGGC	12036
GGGGG	12798
GGGGT	14693
GGGTA	12884
GGGTC	14372
GGGTG	21425
GGGTT	24736
GGTAA	18025
GGTAC	15798
GGTAG	19797
GGTAT	25143
GGTCA	23385
GGTCC	14151
GGTCG	23413
GGTCT	19527
GGTGA	30238
GGTGC	22037
GGTGG	35665
GGTGT	26595
GGTTA	11823
GGTTC	33249
GGTTG	36064
GGTTT	39448
GTAAA	25864
GTAAC	16827
GTAAG	14655
GTAAT	24775
GTACA	24969
GTACC	15512
GTACG	19928
GTACT	20167
GTAGA	25182
GTAGC	19371
GTAGG	16538
GTAGT	24343
GTATA	15629
GTATC	29293
GTATG	22602
GTATT	37390
GTCAA	42645
GTCAC	26752
GTCAG	19312
GTCAT	37381
GTCCA	29864
GTCCC	19174
GTCCG	18923
GTCCT	25855
GTCGA	51460
GTCGC	24577
GTCGG	27275
GTCGT	43260
GTCTA	13823
GTCTC	28719
GTCTG	21449
GTCTT	45090
GTGAA	36212
GTGAC	26197
GTGAG	19797
GTGAT	35972
GTGCA	23668
GTGCC	23600
GTGCG	15699
GTGCT	26815
GTGGA	37160
GTGGC	25880
GTGGG	21623
GTGGT	30540
GTGTA	19148
GTGTC	28146
GTGTG	23380
GTGTT	36198
GTTAA	11512
GTTAC	16961
GTTAG	11382
GTTAT	20845
GTTCA	33666
GTTCC	39249
GTTCG	40105
GTTCT	43086
GTTGA	44397
GTTGC	42668
GTTGG	43084
GTTGT	58479
GTTTA	15919
GTTTC	59514
GTTTG	51238
GTTTT	63109
TAAAA	36335
TAAAC	16101
TAAAG	20204
TAAAT	27083
TAACA	20168
TAACC	11976
TAACG	14889
TAACT	13592
TAAGA	17132
TAAGC	10021
TAAGG	10467
TAAGT	12733
TAATA	22067
TAATC	22817
TAATG	23458
TAATT	29259
TACAA	41646
TACAC	19382
TACAG	21163
TACAT	24102
TACCA	30098
TACCC	12727
TACCG	19330
TACCT	16440
TACGA	33376
TACGC	12097
TACGG	16606
TACGT	19420
TACTA	20724
TACTC	19331
TACTG	21169
TACTT	27437
TAGAA	32488
TAGAC	13941
TAGAG	18835
TAGAT	21892
TAGCA	23581
TAGCC	11145
TAGCG	13884
TAGCT	16879
TAGGA	17558
TAGGC	10159
TAGGG	10160
TAGGT	11676
TAGTA	20624
TAGTC	16572
TAGTG	18130
TAGTT	23539
TATAA	17886
TATAC	15865
TATAG	14002
TATAT	22940
TATCA	33102
TATCC	26405
TATCG	36607
TATCT	25615
TATGA	26184
TATGC	18191
TATGG	21867
TATGT	20537
TATTA	21779
TATTC	39577
TATTG	42694
TATTT	50859
TCAAA	69423
TCAAC	44871
TCAAG	44221
TCAAT	58009
TCACA	34198
TCACC	30102
TCACG	26410
TCACT	29342
TCAGA	29592
TCAGC	27980
TCAGG	17419
TCAGT	23516
TCATA	25987
TCATC	58759
TCATG	37467
TCATT	59412
TCCAA	67020
TCCAC	37487
TCCAG	35436
TCCAT	52158
TCCCA	38564
TCCCC	23989
TCCCG	29647
TCCCT	28337
TCCGA	44294
TCCGC	24776
TCCGG	24796
TCCGT	33445
TCCTA	17971
TCCTC	51083
TCCTG	28768
TCCTT	54443
TCGAA	84100
TCGAC	52189
TCGAG	46652
TCGAT	74497
TCGCA	33818
TCGCC	28406
TCGCG	21645
TCGCT	33932
TCGGA	43969
TCGGC	33492
TCGGG	27115
TCGGT	32471
TCGTA	32912
TCGTC	67172
TCGTG	36608
TCGTT	60129
TCTAA	16753
TCTAC	25081
TCTAG	16625
TCTAT	28328
TCTCA	35258
TCTCC	41391
TCTCG	41787
TCTCT	42119
TCTGA	29468
TCTGC	31971
TCTGG	31687
TCTGT	34464
TCTTA	16602
TCTTC	85292
TCTTG	65589
TCTTT	79742
TGAAA	67817
TGAAC	33927
TGAAG	43028
TGAAT	52048
TGACA	40109
TGACC	23023
TGACG	37655
TGACT	25409
TGAGA	35054
TGAGC	22477
TGAGG	22605
TGAGT	23815
TGATA	33472
TGATC	38607
TGATG	54075
TGATT	58314
TGCAA	50577
TGCAC	23797
TGCAG	29224
TGCAT	35353
TGCCA	44210
TGCCC	24359
TGCCG	33886
TGCCT	28318
TGCGA	33771
TGCGC	18618
TGCGG	23024
TGCGT	23748
TGCTA	23528
TGCTC	33549
TGCTG	49248
TGCTT	47477
TGGAA	70589
TGGAC	30049
TGGAG	39726
TGGAT	52481
TGGCA	44330
TGGCC	28953
TGGCG	27066
TGGCT	28040
TGGGA	38141
TGGGC	21478
TGGGG	20898
TGGGT	24064
TGGTA	30131
TGGTC	29364
TGGTG	44527
TGGTT	44236
TGTAA	24896
TGTAC	25056
TGTAG	24133
TGTAT	31538
TGTCA	39554
TGTCC	30126
TGTCG	46232
TGTCT	32998
TGTGA	33651
TGTGC	25520
TGTGG	31171
TGTGT	31746
TGTTA	20512
TGTTC	51091
TGTTG	73675
TGTTT	63000
TTAAA	21192
TTAAC	11704
TTAAG	10682
TTAAT	18841
TTACA	25195
TTACC	17733
TTACG	19354
TTACT	20108
TTAGA	16710
TTAGC	12273
TTAGG	9559
TTAGT	15769
TTATA	17636
TTATC	28328
TTATG	22273
TTATT	40779
TTCAA	69883
TTCAC	35978
TTCAG	33290
TTCAT	58386
TTCCA	70351
TTCCC	40052
TTCCG	50085
TTCCT	54876
TTCGA	83972
TTCGC	36840
TTCGG	47394
TTCGT	66173
TTCTA	32021
TTCTC	59435
TTCTG	47386
TTCTT	101212
TTGAA	69442
TTGAC	42960
TTGAG	38605
TTGAT	64445
TTGCA	50448
TTGCC	42671
TTGCG	38208
TTGCT	54669
TTGGA	67172
TTGGC	43761
TTGGG	34894
TTGGT	53167
TTGTA	41611
TTGTC	58204
TTGTG	49588
TTGTT	91016
TTTAA	21118
TTTAC	25807
TTTAG	18623
TTTAT	33726
TTTCA	68069
TTTCC	65572
TTTCG	79474
TTTCT	78665
TTTGA	68915
TTTGC	55460
TTTGG	64929
TTTGT	73379
TTTTA	36015
TTTTC	98883
TTTTG	97435
TTTTT	107378
