kmer	Rhizaria_sp._SCN_62-66
AAAAA	32862
AAAAC	25066
AAAAG	23172
AAAAT	22673
AAACA	33998
AAACC	14003
AAACG	23926
AAACT	16077
AAAGA	25163
AAAGC	27252
AAAGG	15468
AAAGT	18445
AAATA	22212
AAATC	15420
AAATG	19595
AAATT	14043
AACAA	55184
AACAC	34476
AACAG	43188
AACAT	25320
AACCA	18204
AACCC	15244
AACCG	18198
AACCT	14700
AACGA	30106
AACGC	49607
AACGG	30217
AACGT	22501
AACTA	11283
AACTC	22557
AACTG	21375
AACTT	18679
AAGAA	32232
AAGAC	27227
AAGAG	30247
AAGAT	21687
AAGCA	35113
AAGCC	27809
AAGCG	39745
AAGCT	28084
AAGGA	23029
AAGGC	34330
AAGGG	20469
AAGGT	16798
AAGTA	16714
AAGTC	23451
AAGTG	24973
AAGTT	18675
AATAA	21795
AATAC	15677
AATAG	13005
AATAT	19512
AATCA	18472
AATCC	9185
AATCG	14627
AATCT	12938
AATGA	20995
AATGC	23449
AATGG	13476
AATGT	19006
AATTA	11485
AATTC	9822
AATTG	13499
AATTT	14276
ACAAA	32505
ACAAC	54646
ACAAG	32569
ACAAT	22645
ACACA	32037
ACACC	29475
ACACG	37734
ACACT	24155
ACAGA	23666
ACAGC	71534
ACAGG	22200
ACAGT	29514
ACATA	14900
ACATC	30329
ACATG	25990
ACATT	18898
ACCAA	21772
ACCAC	35455
ACCAG	30640
ACCAT	16342
ACCCA	15557
ACCCC	21605
ACCCG	24224
ACCCT	13340
ACCGA	26263
ACCGC	66354
ACCGG	26569
ACCGT	30727
ACCTA	6241
ACCTC	29097
ACCTG	24782
ACCTT	16905
ACGAA	23716
ACGAC	62841
ACGAG	44035
ACGAT	25706
ACGCA	41005
ACGCC	70739
ACGCG	78598
ACGCT	43937
ACGGA	22747
ACGGC	86898
ACGGG	33531
ACGGT	30481
ACGTA	16745
ACGTC	38473
ACGTG	32559
ACGTT	22447
ACTAA	10622
ACTAC	18248
ACTAG	8046
ACTAT	11890
ACTCA	23413
ACTCC	20616
ACTCG	40387
ACTCT	22960
ACTGA	22688
ACTGC	60069
ACTGG	30110
ACTGT	29250
ACTTA	13199
ACTTC	24747
ACTTG	27535
ACTTT	18969
AGAAA	24166
AGAAC	23891
AGAAG	36140
AGAAT	13567
AGACA	23318
AGACC	21128
AGACG	39347
AGACT	21261
AGAGA	27611
AGAGC	49711
AGAGG	27544
AGAGT	22905
AGATA	15679
AGATC	19463
AGATG	26409
AGATT	13067
AGCAA	51401
AGCAC	50469
AGCAG	113791
AGCAT	25731
AGCCA	29743
AGCCC	37933
AGCCG	56624
AGCCT	25359
AGCGA	50270
AGCGC	126854
AGCGG	78814
AGCGT	43667
AGCTA	12730
AGCTC	51872
AGCTG	53412
AGCTT	28057
AGGAA	20181
AGGAC	29074
AGGAG	35280
AGGAT	14790
AGGCA	24948
AGGCC	48035
AGGCG	57658
AGGCT	24822
AGGGA	14303
AGGGC	38993
AGGGG	18388
AGGGT	13153
AGGTA	11977
AGGTC	25617
AGGTG	24341
AGGTT	14570
AGTAA	14344
AGTAC	21235
AGTAG	17192
AGTAT	12366
AGTCA	28412
AGTCC	22422
AGTCG	44574
AGTCT	20850
AGTGA	29354
AGTGC	43555
AGTGG	29960
AGTGT	23752
AGTTA	11670
AGTTC	19932
AGTTG	26605
AGTTT	16483
ATAAA	19104
ATAAC	16205
ATAAG	11710
ATAAT	16563
ATACA	16762
ATACC	9355
ATACG	12470
ATACT	12007
ATAGA	11593
ATAGC	15082
ATAGG	6141
ATAGT	11961
ATATA	17849
ATATC	18524
ATATG	15759
ATATT	19480
ATCAA	26844
ATCAC	27603
ATCAG	21348
ATCAT	24982
ATCCA	13581
ATCCC	13258
ATCCG	14420
ATCCT	14545
ATCGA	24699
ATCGC	36725
ATCGG	17633
ATCGT	25395
ATCTA	9868
ATCTC	24284
ATCTG	18914
ATCTT	21530
ATGAA	23049
ATGAC	30052
ATGAG	24777
ATGAT	24827
ATGCA	25111
ATGCC	24818
ATGCG	33009
ATGCT	26288
ATGGA	14592
ATGGC	30170
ATGGG	15939
ATGGT	16273
ATGTA	16853
ATGTC	24691
ATGTG	23256
ATGTT	25767
ATTAA	13461
ATTAC	11048
ATTAG	8084
ATTAT	16390
ATTCA	14896
ATTCC	9729
ATTCG	13660
ATTCT	13495
ATTGA	18816
ATTGC	24940
ATTGG	12371
ATTGT	22199
ATTTA	13953
ATTTC	16184
ATTTG	18881
ATTTT	22727
CAAAA	27593
CAAAC	29037
CAAAG	29655
CAAAT	18775
CAACA	75011
CAACC	26984
CAACG	61802
CAACT	26703
CAAGA	36698
CAAGC	46929
CAAGG	38105
CAAGT	27620
CAATA	19699
CAATC	18486
CAATG	27172
CAATT	13640
CACAA	33584
CACAC	36102
CACAG	46347
CACAT	23178
CACCA	45759
CACCC	26328
CACCG	66370
CACCT	24503
CACGA	37650
CACGC	71959
CACGG	63789
CACGT	32351
CACTA	14232
CACTC	35462
CACTG	52263
CACTT	25280
CAGAA	24484
CAGAC	32467
CAGAG	43559
CAGAT	18916
CAGCA	131756
CAGCC	63660
CAGCG	153812
CAGCT	53607
CAGGA	26790
CAGGC	46114
CAGGG	27761
CAGGT	24406
CAGTA	20519
CAGTC	48399
CAGTG	52121
CAGTT	22028
CATAA	13180
CATAC	12192
CATAG	11443
CATAT	15837
CATCA	41789
CATCC	22078
CATCG	48920
CATCT	26412
CATGA	26004
CATGC	31597
CATGG	25810
CATGT	26289
CATTA	12916
CATTC	17072
CATTG	26847
CATTT	19346
CCAAA	15117
CCAAC	34694
CCAAG	32519
CCAAT	12416
CCACA	35210
CCACC	43739
CCACG	58460
CCACT	30227
CCAGA	25034
CCAGC	76332
CCAGG	28993
CCAGT	30271
CCATA	9402
CCATC	28011
CCATG	25758
CCATT	13151
CCCAA	16154
CCCAC	34490
CCCAG	34057
CCCAT	15844
CCCCA	25615
CCCCC	29375
CCCCG	49903
CCCCT	18327
CCCGA	25101
CCCGC	96418
CCCGG	31524
CCCGT	33474
CCCTA	6680
CCCTC	30269
CCCTG	27192
CCCTT	20202
CCGAA	18286
CCGAC	52829
CCGAG	57525
CCGAT	17702
CCGCA	71938
CCGCC	163772
CCGCG	190760
CCGCT	78956
CCGGA	18665
CCGGC	79103
CCGGG	31105
CCGGT	26771
CCGTA	15436
CCGTC	63131
CCGTG	64326
CCGTT	29438
CCTAA	6044
CCTAC	11974
CCTAG	4721
CCTAT	6202
CCTCA	32512
CCTCC	38030
CCTCG	69860
CCTCT	27567
CCTGA	17294
CCTGC	56161
CCTGG	28971
CCTGT	21982
CCTTA	11207
CCTTC	29977
CCTTG	37717
CCTTT	15546
CGAAA	18778
CGAAC	29769
CGAAG	39654
CGAAT	13650
CGACA	54887
CGACC	48795
CGACG	123100
CGACT	44677
CGAGA	43033
CGAGC	87219
CGAGG	69874
CGAGT	40209
CGATA	14154
CGATC	26750
CGATG	49534
CGATT	14853
CGCAA	48662
CGCAC	70265
CGCAG	114136
CGCAT	33318
CGCCA	89993
CGCCC	88345
CGCCG	250937
CGCCT	57853
CGCGA	88824
CGCGC	260587
CGCGG	190019
CGCGT	78271
CGCTA	23229
CGCTC	83868
CGCTG	154710
CGCTT	39612
CGGAA	18217
CGGAC	37763
CGGAG	46192
CGGAT	14772
CGGCA	87032
CGGCC	130638
CGGCG	253087
CGGCT	57456
CGGGA	25544
CGGGC	87218
CGGGG	49273
CGGGT	24165
CGGTA	16050
CGGTC	48641
CGGTG	66769
CGGTT	18397
CGTAA	12429
CGTAC	26660
CGTAG	21425
CGTAT	12525
CGTCA	55296
CGTCC	44638
CGTCG	122362
CGTCT	39209
CGTGA	39607
CGTGC	70464
CGTGG	58668
CGTGT	37524
CGTTA	15508
CGTTC	31288
CGTTG	60619
CGTTT	23984
CTAAA	10486
CTAAC	11537
CTAAG	12502
CTAAT	7934
CTACA	17837
CTACC	15239
CTACG	21664
CTACT	17076
CTAGA	8037
CTAGC	13902
CTAGG	4714
CTAGT	7986
CTATA	8441
CTATC	12070
CTATG	11594
CTATT	12951
CTCAA	30834
CTCAC	39984
CTCAG	36176
CTCAT	24630
CTCCA	30448
CTCCC	25987
CTCCG	46996
CTCCT	34381
CTCGA	50193
CTCGC	89113
CTCGG	58054
CTCGT	44319
CTCTA	14680
CTCTC	39929
CTCTG	43700
CTCTT	30467
CTGAA	18339
CTGAC	36376
CTGAG	35627
CTGAT	21289
CTGCA	63300
CTGCC	79164
CTGCG	113888
CTGCT	112678
CTGGA	26997
CTGGC	68754
CTGGG	34453
CTGGT	30626
CTGTA	16594
CTGTC	41166
CTGTG	46193
CTGTT	42971
CTTAA	14547
CTTAC	14024
CTTAG	12501
CTTAT	11466
CTTCA	30071
CTTCC	26757
CTTCG	39654
CTTCT	36447
CTTGA	34360
CTTGC	49364
CTTGG	32546
CTTGT	32089
CTTTA	13423
CTTTC	20272
CTTTG	29920
CTTTT	23349
GAAAA	24049
GAAAC	20124
GAAAG	20108
GAAAT	16245
GAACA	29332
GAACC	16603
GAACG	31061
GAACT	19488
GAAGA	36787
GAAGC	41032
GAAGG	29710
GAAGT	24639
GAATA	13362
GAATC	11708
GAATG	17038
GAATT	9912
GACAA	34355
GACAC	33802
GACAG	40944
GACAT	24952
GACCA	25863
GACCC	22165
GACCG	49188
GACCT	26025
GACGA	70805
GACGC	89220
GACGG	63976
GACGT	38772
GACTA	12523
GACTC	32338
GACTG	48292
GACTT	23808
GAGAA	29295
GAGAC	34365
GAGAG	39662
GAGAT	24105
GAGCA	55400
GAGCC	44215
GAGCG	82992
GAGCT	51730
GAGGA	42998
GAGGC	65492
GAGGG	30069
GAGGT	29242
GAGTA	17144
GAGTC	32145
GAGTG	35155
GAGTT	22388
GATAA	15378
GATAC	12823
GATAG	11883
GATAT	18219
GATCA	21950
GATCC	14543
GATCG	26591
GATCT	19508
GATGA	40678
GATGC	40606
GATGG	28345
GATGT	30374
GATTA	9705
GATTC	11695
GATTG	18644
GATTT	15628
GCAAA	32882
GCAAC	64898
GCAAG	49979
GCAAT	25110
GCACA	40758
GCACC	53212
GCACG	69885
GCACT	43378
GCAGA	51673
GCAGC	201921
GCAGG	56531
GCAGT	60431
GCATA	13537
GCATC	40381
GCATG	31481
GCATT	23194
GCCAA	40928
GCCAC	70939
GCCAG	68638
GCCAT	29622
GCCCA	41903
GCCCC	47912
GCCCG	86620
GCCCT	38166
GCCGA	76605
GCCGC	284613
GCCGG	78929
GCCGT	85547
GCCTA	9492
GCCTC	66051
GCCTG	46037
GCCTT	34486
GCGAA	37595
GCGAC	102650
GCGAG	88868
GCGAT	37228
GCGCA	106924
GCGCC	172627
GCGCG	260127
GCGCT	127972
GCGGA	57124
GCGGC	284960
GCGGG	96558
GCGGT	66397
GCGTA	23320
GCGTC	89406
GCGTG	71685
GCGTT	49463
GCTAA	14532
GCTAC	25536
GCTAG	13929
GCTAT	15309
GCTCA	48628
GCTCC	49352
GCTCG	87858
GCTCT	50407
GCTGA	52713
GCTGC	201024
GCTGG	76710
GCTGT	71741
GCTTA	15490
GCTTC	41422
GCTTG	46444
GCTTT	27254
GGAAA	16758
GGAAC	19462
GGAAG	26501
GGAAT	9569
GGACA	25597
GGACC	23134
GGACG	44729
GGACT	22683
GGAGA	30005
GGAGC	49204
GGAGG	37991
GGAGT	20480
GGATA	10285
GGATC	14377
GGATG	22078
GGATT	9259
GGCAA	41617
GGCAC	46880
GGCAG	78734
GGCAT	24757
GGCCA	53806
GGCCC	45117
GGCCG	130652
GGCCT	47946
GGCGA	80869
GGCGC	173206
GGCGG	164767
GGCGT	71394
GGCTA	14130
GGCTC	45029
GGCTG	63313
GGCTT	27970
GGGAA	18079
GGGAC	24868
GGGAG	25757
GGGAT	13231
GGGCA	43481
GGGCC	45287
GGGCG	88602
GGGCT	38757
GGGGA	24495
GGGGC	47453
GGGGG	29336
GGGGT	21151
GGGTA	11022
GGGTC	22212
GGGTG	25865
GGGTT	15183
GGTAA	10691
GGTAC	18205
GGTAG	15011
GGTAT	9407
GGTCA	29926
GGTCC	23192
GGTCG	48096
GGTCT	20880
GGTGA	36521
GGTGC	53127
GGTGG	43361
GGTGT	29433
GGTTA	8602
GGTTC	16908
GGTTG	26710
GGTTT	14009
GTAAA	13536
GTAAC	14014
GTAAG	14118
GTAAT	11064
GTACA	21355
GTACC	18148
GTACG	26712
GTACT	21321
GTAGA	15917
GTAGC	25194
GTAGG	11705
GTAGT	18256
GTATA	10210
GTATC	12964
GTATG	12358
GTATT	15758
GTCAA	33480
GTCAC	44103
GTCAG	36211
GTCAT	29963
GTCCA	24326
GTCCC	24539
GTCCG	37489
GTCCT	29064
GTCGA	52615
GTCGC	101729
GTCGG	52742
GTCGT	62695
GTCTA	10755
GTCTC	34279
GTCTG	32233
GTCTT	26941
GTGAA	24996
GTGAC	44695
GTGAG	39616
GTGAT	27507
GTGCA	39620
GTGCC	47101
GTGCG	70123
GTGCT	50965
GTGGA	26393
GTGGC	70413
GTGGG	34797
GTGGT	35290
GTGTA	18593
GTGTC	33682
GTGTG	35443
GTGTT	34381
GTTAA	13807
GTTAC	13996
GTTAG	11656
GTTAT	15892
GTTCA	23649
GTTCC	20041
GTTCG	29856
GTTCT	24250
GTTGA	36015
GTTGC	63789
GTTGG	34072
GTTGT	54172
GTTTA	13829
GTTTC	20535
GTTTG	29185
GTTTT	25558
TAAAA	19273
TAAAC	13780
TAAAG	13395
TAAAT	13577
TAACA	19828
TAACC	8756
TAACG	15640
TAACT	11629
TAAGA	12743
TAAGC	15542
TAAGG	11345
TAAGT	13106
TAATA	14713
TAATC	9606
TAATG	13126
TAATT	11486
TACAA	19241
TACAC	19018
TACAG	16436
TACAT	16667
TACCA	14384
TACCC	10988
TACCG	16153
TACCT	11798
TACGA	17739
TACGC	23492
TACGG	15673
TACGT	16601
TACTA	10768
TACTC	17021
TACTG	20189
TACTT	16683
TAGAA	11750
TAGAC	10999
TAGAG	14302
TAGAT	9910
TAGCA	19127
TAGCC	13978
TAGCG	23060
TAGCT	12652
TAGGA	6505
TAGGC	9525
TAGGG	6540
TAGGT	6058
TAGTA	10759
TAGTC	12264
TAGTG	14369
TAGTT	11599
TATAA	13222
TATAC	9903
TATAG	8445
TATAT	18043
TATCA	18568
TATCC	9996
TATCG	14315
TATCT	15738
TATGA	15028
TATGC	13575
TATGG	9341
TATGT	14897
TATTA	14878
TATTC	13189
TATTG	19337
TATTT	22498
TCAAA	24557
TCAAC	36267
TCAAG	34287
TCAAT	18825
TCACA	31203
TCACC	36528
TCACG	39674
TCACT	29477
TCAGA	19052
TCAGC	53047
TCAGG	17344
TCAGT	22851
TCATA	14814
TCATC	40480
TCATG	26475
TCATT	20937
TCCAA	15892
TCCAC	26747
TCCAG	27294
TCCAT	14527
TCCCA	17471
TCCCC	24321
TCCCG	25769
TCCCT	14511
TCCGA	18373
TCCGC	58043
TCCGG	18623
TCCGT	22584
TCCTA	6527
TCCTC	42554
TCCTG	26400
TCCTT	22854
TCGAA	22255
TCGAC	53138
TCGAG	49910
TCGAT	24647
TCGCA	46514
TCGCC	80005
TCGCG	88215
TCGCT	50556
TCGGA	18407
TCGGC	77255
TCGGG	25007
TCGGT	26214
TCGTA	17538
TCGTC	70490
TCGTG	37688
TCGTT	30057
TCTAA	11259
TCTAC	16057
TCTAG	7943
TCTAT	11656
TCTCA	27069
TCTCC	29811
TCTCG	43572
TCTCT	27843
TCTGA	18935
TCTGC	51776
TCTGG	25038
TCTGT	23954
TCTTA	12647
TCTTC	36780
TCTTG	36660
TCTTT	25196
TGAAA	20827
TGAAC	23366
TGAAG	29871
TGAAT	15235
TGACA	30256
TGACC	30184
TGACG	55595
TGACT	28339
TGAGA	26780
TGAGC	48203
TGAGG	32391
TGAGT	23235
TGATA	18184
TGATC	22003
TGATG	41981
TGATT	18494
TGCAA	31191
TGCAC	39616
TGCAG	63896
TGCAT	24787
TGCCA	36585
TGCCC	43209
TGCCG	87472
TGCCT	24911
TGCGA	46380
TGCGC	107005
TGCGG	71441
TGCGT	40541
TGCTA	19218
TGCTC	55474
TGCTG	130749
TGCTT	34969
TGGAA	15811
TGGAC	24437
TGGAG	30456
TGGAT	13204
TGGCA	36528
TGGCC	53553
TGGCG	90883
TGGCT	29410
TGGGA	17591
TGGGC	42465
TGGGG	25433
TGGGT	15813
TGGTA	14260
TGGTC	25628
TGGTG	45468
TGGTT	18079
TGTAA	15268
TGTAC	21437
TGTAG	17439
TGTAT	16989
TGTCA	30127
TGTCC	25160
TGTCG	54747
TGTCT	23270
TGTGA	31333
TGTGC	40664
TGTGG	34909
TGTGT	31392
TGTTA	19568
TGTTC	29669
TGTTG	74113
TGTTT	34629
TTAAA	16897
TTAAC	14098
TTAAG	14405
TTAAT	13369
TTACA	15410
TTACC	10585
TTACG	12662
TTACT	14257
TTAGA	11416
TTAGC	14639
TTAGG	6069
TTAGT	10787
TTATA	13115
TTATC	15057
TTATG	13131
TTATT	21714
TTCAA	22773
TTCAC	25190
TTCAG	18560
TTCAT	23129
TTCCA	16106
TTCCC	18290
TTCCG	18718
TTCCT	20348
TTCGA	22443
TTCGC	37722
TTCGG	18456
TTCGT	23363
TTCTA	11612
TTCTC	29802
TTCTG	24856
TTCTT	32346
TTGAA	22918
TTGAC	33249
TTGAG	30590
TTGAT	27039
TTGCA	31457
TTGCC	41098
TTGCG	48346
TTGCT	50474
TTGGA	15923
TTGGC	41047
TTGGG	16113
TTGGT	21243
TTGTA	19088
TTGTC	33763
TTGTG	33406
TTGTT	54857
TTTAA	16954
TTTAC	13847
TTTAG	10670
TTTAT	19268
TTTCA	21034
TTTCC	16938
TTTCG	18812
TTTCT	24425
TTTGA	24602
TTTGC	33282
TTTGG	15337
TTTGT	32655
TTTTA	19536
TTTTC	24215
TTTTG	27886
TTTTT	33571
