kmer	Skeletonema_marinoi
AAAAA	98371
AAAAC	64310
AAAAG	106353
AAAAT	102680
AAACA	93537
AAACC	42606
AAACG	49773
AAACT	69092
AAAGA	129925
AAAGC	75151
AAAGG	68461
AAAGT	86097
AAATA	80726
AAATC	92630
AAATG	104763
AAATT	86591
AACAA	143726
AACAC	71010
AACAG	71652
AACAT	92048
AACCA	71489
AACCC	34406
AACCG	26431
AACCT	42742
AACGA	66254
AACGC	41671
AACGG	30620
AACGT	48468
AACTA	49721
AACTC	70882
AACTG	59429
AACTT	81196
AAGAA	154274
AAGAC	69276
AAGAG	107826
AAGAT	118035
AAGCA	113449
AAGCC	48681
AAGCG	44224
AAGCT	78115
AAGGA	91885
AAGGC	57748
AAGGG	46858
AAGGT	51624
AAGTA	73411
AAGTC	66519
AAGTG	76302
AAGTT	82024
AATAA	88656
AATAC	70004
AATAG	58377
AATAT	95248
AATCA	116228
AATCC	67377
AATCG	54146
AATCT	82274
AATGA	126381
AATGC	88709
AATGG	87925
AATGT	84558
AATTA	55660
AATTC	77418
AATTG	96110
AATTT	86736
ACAAA	117998
ACAAC	108643
ACAAG	85448
ACAAT	112473
ACACA	78671
ACACC	51949
ACACG	39187
ACACT	62227
ACAGA	67207
ACAGC	79447
ACAGG	37402
ACAGT	54015
ACATA	57071
ACATC	95979
ACATG	75367
ACATT	83967
ACCAA	93572
ACCAC	72711
ACCAG	46363
ACCAT	81889
ACCCA	52087
ACCCC	29573
ACCCG	19534
ACCCT	35549
ACCGA	37233
ACCGC	34292
ACCGG	19394
ACCGT	28750
ACCTA	39208
ACCTC	57037
ACCTG	44330
ACCTT	51701
ACGAA	71711
ACGAC	60029
ACGAG	53083
ACGAT	73221
ACGCA	48523
ACGCC	38487
ACGCG	15516
ACGCT	44736
ACGGA	40693
ACGGC	46216
ACGGG	21932
ACGGT	29877
ACGTA	35715
ACGTC	48526
ACGTG	40485
ACGTT	47899
ACTAA	39102
ACTAC	58044
ACTAG	31578
ACTAT	61923
ACTCA	68920
ACTCC	60318
ACTCG	42101
ACTCT	73632
ACTGA	58558
ACTGC	70823
ACTGG	44414
ACTGT	54492
ACTTA	39646
ACTTC	85184
ACTTG	85889
ACTTT	85838
AGAAA	99708
AGAAC	59068
AGAAG	146075
AGAAT	89623
AGACA	67397
AGACC	31429
AGACG	56334
AGACT	51678
AGAGA	105426
AGAGC	67609
AGAGG	77741
AGAGT	72642
AGATA	77324
AGATC	62305
AGATG	128945
AGATT	81576
AGCAA	115328
AGCAC	65688
AGCAG	104723
AGCAT	93120
AGCCA	64474
AGCCC	30032
AGCCG	42348
AGCCT	43623
AGCGA	55921
AGCGC	29762
AGCGG	39636
AGCGT	44448
AGCTA	44121
AGCTC	66275
AGCTG	84263
AGCTT	78736
AGGAA	87706
AGGAC	39829
AGGAG	96882
AGGAT	72868
AGGCA	67035
AGGCC	31036
AGGCG	40126
AGGCT	44027
AGGGA	50608
AGGGC	33380
AGGGG	35881
AGGGT	36020
AGGTA	42041
AGGTC	38662
AGGTG	64731
AGGTT	42979
AGTAA	55327
AGTAC	48058
AGTAG	66437
AGTAT	71336
AGTCA	64717
AGTCC	35677
AGTCG	41477
AGTCT	54512
AGTGA	80729
AGTGC	56055
AGTGG	64827
AGTGT	62458
AGTTA	38708
AGTTC	53732
AGTTG	100916
AGTTT	67741
ATAAA	64271
ATAAC	47682
ATAAG	44993
ATAAT	93700
ATACA	72396
ATACC	46196
ATACG	47101
ATACT	70950
ATAGA	66028
ATAGC	43877
ATAGG	33381
ATAGT	62114
ATATA	52047
ATATC	86859
ATATG	73155
ATATT	95057
ATCAA	148885
ATCAC	84092
ATCAG	82619
ATCAT	162904
ATCCA	103511
ATCCC	46964
ATCCG	39615
ATCCT	72028
ATCGA	74480
ATCGC	48107
ATCGG	46549
ATCGT	73287
ATCTA	60918
ATCTC	92098
ATCTG	78386
ATCTT	119030
ATGAA	127259
ATGAC	84886
ATGAG	94579
ATGAT	164763
ATGCA	107942
ATGCC	68524
ATGCG	41673
ATGCT	92257
ATGGA	101561
ATGGC	86476
ATGGG	61201
ATGGT	81446
ATGTA	69023
ATGTC	72686
ATGTG	77512
ATGTT	92025
ATTAA	44395
ATTAC	55520
ATTAG	45370
ATTAT	92742
ATTCA	102333
ATTCC	68020
ATTCG	54054
ATTCT	89412
ATTGA	119218
ATTGC	98684
ATTGG	90295
ATTGT	111203
ATTTA	54488
ATTTC	86013
ATTTG	117873
ATTTT	102750
CAAAA	126529
CAAAC	91454
CAAAG	110754
CAAAT	117676
CAACA	152906
CAACC	69833
CAACG	70329
CAACT	99724
CAAGA	114315
CAAGC	85743
CAAGG	66968
CAAGT	87221
CAATA	98237
CAATC	107967
CAATG	115104
CAATT	96363
CACAA	99038
CACAC	57404
CACAG	64126
CACAT	78081
CACCA	104821
CACCC	43871
CACCG	41951
CACCT	68046
CACGA	48814
CACGC	37491
CACGG	34907
CACGT	40721
CACTA	53037
CACTC	68055
CACTG	66447
CACTT	75692
CAGAA	76655
CAGAC	44066
CAGAG	65797
CAGAT	79331
CAGCA	122956
CAGCC	58866
CAGCG	58233
CAGCT	84013
CAGGA	50986
CAGGC	35574
CAGGG	29537
CAGGT	43354
CAGTA	53542
CAGTC	48371
CAGTG	66443
CAGTT	58761
CATAA	54873
CATAC	58409
CATAG	42700
CATAT	73824
CATCA	180682
CATCC	88581
CATCG	86621
CATCT	128491
CATGA	96644
CATGC	67329
CATGG	75708
CATGT	74950
CATTA	72540
CATTC	93477
CATTG	116146
CATTT	104719
CCAAA	101137
CCAAC	92700
CCAAG	77098
CCAAT	88771
CCACA	69893
CCACC	82227
CCACG	36767
CCACT	64538
CCAGA	50365
CCAGC	59222
CCAGG	28735
CCAGT	43842
CCATA	55261
CCATC	108423
CCATG	77114
CCATT	87598
CCCAA	65851
CCCAC	42852
CCCAG	32618
CCCAT	61856
CCCCA	44195
CCCCC	35814
CCCCG	20334
CCCCT	35315
CCCGA	27710
CCCGC	21034
CCCGG	13953
CCCGT	21511
CCCTA	23485
CCCTC	55348
CCCTG	30152
CCCTT	46975
CCGAA	42513
CCGAC	36634
CCGAG	35183
CCGAT	46716
CCGCA	39824
CCGCC	49078
CCGCG	15710
CCGCT	38999
CCGGA	23270
CCGGC	23022
CCGGG	13873
CCGGT	19640
CCGTA	24921
CCGTC	44477
CCGTG	34722
CCGTT	29892
CCTAA	30112
CCTAC	49642
CCTAG	17132
CCTAT	33519
CCTCA	72949
CCTCC	88688
CCTCG	46640
CCTCT	77218
CCTGA	49090
CCTGC	46137
CCTGG	28766
CCTGT	36817
CCTTA	24454
CCTTC	87334
CCTTG	66465
CCTTT	68125
CGAAA	58459
CGAAC	37597
CGAAG	74082
CGAAT	54427
CGACA	61589
CGACC	32512
CGACG	58290
CGACT	41836
CGAGA	51270
CGAGC	38893
CGAGG	46843
CGAGT	41653
CGATA	55713
CGATC	45595
CGATG	88668
CGATT	54165
CGCAA	52914
CGCAC	29366
CGCAG	43244
CGCAT	42527
CGCCA	53668
CGCCC	28281
CGCCG	39254
CGCCT	38205
CGCGA	18962
CGCGC	12135
CGCGG	15182
CGCGT	16139
CGCTA	30966
CGCTC	37379
CGCTG	56792
CGCTT	44996
CGGAA	41922
CGGAC	23388
CGGAG	41418
CGGAT	40017
CGGCA	53069
CGGCC	35402
CGGCG	39777
CGGCT	45187
CGGGA	25391
CGGGC	19351
CGGGG	19914
CGGGT	19484
CGGTA	28949
CGGTC	22434
CGGTG	43221
CGGTT	27558
CGTAA	31526
CGTAC	26683
CGTAG	43935
CGTAT	47801
CGTCA	65516
CGTCC	37155
CGTCG	59279
CGTCT	54418
CGTGA	50162
CGTGC	36174
CGTGG	36434
CGTGT	38350
CGTTA	25257
CGTTC	40570
CGTTG	68446
CGTTT	50266
CTAAA	44160
CTAAC	33312
CTAAG	23700
CTAAT	44570
CTACA	71012
CTACC	45647
CTACG	43529
CTACT	68154
CTAGA	42084
CTAGC	34928
CTAGG	17017
CTAGT	31900
CTATA	35240
CTATC	68411
CTATG	42472
CTATT	58771
CTCAA	104602
CTCAC	61888
CTCAG	53036
CTCAT	92320
CTCCA	97492
CTCCC	56118
CTCCG	40669
CTCCT	95808
CTCGA	51948
CTCGC	38399
CTCGG	36018
CTCGT	52483
CTCTA	57080
CTCTC	93217
CTCTG	66149
CTCTT	107340
CTGAA	68202
CTGAC	46253
CTGAG	53830
CTGAT	85670
CTGCA	93779
CTGCC	63646
CTGCG	43439
CTGCT	103434
CTGGA	59827
CTGGC	42370
CTGGG	33721
CTGGT	46373
CTGTA	47475
CTGTC	55467
CTGTG	63486
CTGTT	71779
CTTAA	24165
CTTAC	40371
CTTAG	23809
CTTAT	45205
CTTCA	120884
CTTCC	89094
CTTCG	73810
CTTCT	145947
CTTGA	103421
CTTGC	83428
CTTGG	80028
CTTGT	84480
CTTTA	47649
CTTTC	94209
CTTTG	111470
CTTTT	107202
GAAAA	92738
GAAAC	63895
GAAAG	94799
GAAAT	85767
GAACA	77191
GAACC	37065
GAACG	40993
GAACT	54401
GAAGA	163432
GAAGC	95862
GAAGG	88625
GAAGT	85400
GAATA	73219
GAATC	70714
GAATG	94144
GAATT	77369
GACAA	91983
GACAC	53709
GACAG	54797
GACAT	72711
GACCA	51252
GACCC	28287
GACCG	22731
GACCT	39533
GACGA	83316
GACGC	40700
GACGG	47638
GACGT	47428
GACTA	33045
GACTC	46433
GACTG	48464
GACTT	64920
GAGAA	98234
GAGAC	58589
GAGAG	93385
GAGAT	92470
GAGCA	81894
GAGCC	44159
GAGCG	37249
GAGCT	66804
GAGGA	112910
GAGGC	61801
GAGGG	55310
GAGGT	56814
GAGTA	58967
GAGTC	48547
GAGTG	67805
GAGTT	70496
GATAA	68856
GATAC	68796
GATAG	68758
GATAT	85642
GATCA	77021
GATCC	52357
GATCG	44865
GATCT	62006
GATGA	179529
GATGC	105468
GATGG	111311
GATGT	95891
GATTA	50100
GATTC	70395
GATTG	108637
GATTT	89104
GCAAA	100109
GCAAC	84219
GCAAG	83620
GCAAT	98474
GCACA	67593
GCACC	53770
GCACG	34832
GCACT	56449
GCAGA	76889
GCAGC	111930
GCAGG	45995
GCAGT	71568
GCATA	49664
GCATC	104824
GCATG	66760
GCATT	89611
GCCAA	86598
GCCAC	54302
GCCAG	43694
GCCAT	84826
GCCCA	44764
GCCCC	27459
GCCCG	18965
GCCCT	33934
GCCGA	52373
GCCGC	51555
GCCGG	23009
GCCGT	43671
GCCTA	26230
GCCTC	61301
GCCTG	35091
GCCTT	57561
GCGAA	44420
GCGAC	39932
GCGAG	38611
GCGAT	49210
GCGCA	32206
GCGCC	23660
GCGCG	12410
GCGCT	29657
GCGGA	37801
GCGGC	51578
GCGGG	20684
GCGGT	35263
GCGTA	28207
GCGTC	41182
GCGTG	36825
GCGTT	41689
GCTAA	33286
GCTAC	53923
GCTAG	34983
GCTAT	44018
GCTCA	70138
GCTCC	53950
GCTCG	38610
GCTCT	67129
GCTGA	75021
GCTGC	110863
GCTGG	59505
GCTGT	80410
GCTTA	27379
GCTTC	95277
GCTTG	85791
GCTTT	75726
GGAAA	73279
GGAAC	48546
GGAAG	90745
GGAAT	68649
GGACA	51169
GGACC	24088
GGACG	37445
GGACT	34667
GGAGA	88365
GGAGC	54699
GGAGG	88917
GGAGT	61373
GGATA	54148
GGATC	51645
GGATG	90503
GGATT	67695
GGCAA	81585
GGCAC	45068
GGCAG	62965
GGCAT	68110
GGCCA	57927
GGCCC	22533
GGCCG	35249
GGCCT	30195
GGCGA	49576
GGCGC	24270
GGCGG	49546
GGCGT	39249
GGCTA	29442
GGCTC	45464
GGCTG	61381
GGCTT	49410
GGGAA	49861
GGGAC	28703
GGGAG	56853
GGGAT	48173
GGGCA	44209
GGGCC	21413
GGGCG	28289
GGGCT	30629
GGGGA	43813
GGGGC	27278
GGGGG	36170
GGGGT	29508
GGGTA	30114
GGGTC	27597
GGGTG	44160
GGGTT	34408
GGTAA	40169
GGTAC	35937
GGTAG	45412
GGTAT	46060
GGTCA	51917
GGTCC	23724
GGTCG	32966
GGTCT	30647
GGTGA	71877
GGTGC	54475
GGTGG	78828
GGTGT	52533
GGTTA	25954
GGTTC	36401
GGTTG	68966
GGTTT	44539
GTAAA	51791
GTAAC	37473
GTAAG	40257
GTAAT	55786
GTACA	54348
GTACC	35832
GTACG	27223
GTACT	47990
GTAGA	65400
GTAGC	52441
GTAGG	49956
GTAGT	58325
GTATA	39846
GTATC	69360
GTATG	58637
GTATT	69613
GTCAA	85807
GTCAC	60338
GTCAG	45943
GTCAT	82635
GTCCA	55188
GTCCC	28198
GTCCG	22765
GTCCT	40638
GTCGA	58332
GTCGC	40206
GTCGG	37286
GTCGT	60721
GTCTA	34926
GTCTC	60893
GTCTG	43117
GTCTT	67557
GTGAA	78132
GTGAC	61123
GTGAG	61509
GTGAT	84479
GTGCA	73125
GTGCC	44575
GTGCG	29897
GTGCT	65117
GTGGA	83225
GTGGC	55177
GTGGG	42350
GTGGT	69373
GTGTA	49186
GTGTC	53281
GTGTG	58001
GTGTT	70976
GTTAA	25844
GTTAC	37495
GTTAG	33532
GTTAT	47128
GTTCA	63588
GTTCC	47861
GTTCG	37408
GTTCT	58415
GTTGA	105044
GTTGC	85664
GTTGG	93432
GTTGT	107224
GTTTA	37122
GTTTC	63793
GTTTG	91337
GTTTT	64031
TAAAA	54076
TAAAC	35349
TAAAG	47728
TAAAT	58587
TAACA	54803
TAACC	25561
TAACG	25917
TAACT	38010
TAAGA	41739
TAAGC	27713
TAAGG	24061
TAAGT	39536
TAATA	60103
TAATC	48715
TAATG	73562
TAATT	55600
TACAA	89815
TACAC	49909
TACAG	47496
TACAT	69545
TACCA	66973
TACCC	30177
TACCG	28556
TACCT	41954
TACGA	59660
TACGC	27400
TACGG	25552
TACGT	36009
TACTA	54843
TACTC	59602
TACTG	53947
TACTT	74748
TAGAA	65309
TAGAC	34906
TAGAG	56410
TAGAT	60314
TAGCA	60560
TAGCC	28770
TAGCG	30061
TAGCT	44464
TAGGA	41505
TAGGC	27101
TAGGG	24184
TAGGT	36621
TAGTA	55238
TAGTC	32945
TAGTG	53518
TAGTT	49816
TATAA	38260
TATAC	39433
TATAG	35565
TATAT	52404
TATCA	104569
TATCC	53803
TATCG	56791
TATCT	77661
TATGA	68933
TATGC	48890
TATGG	55741
TATGT	55846
TATTA	59726
TATTC	72529
TATTG	98508
TATTT	80566
TCAAA	127168
TCAAC	107230
TCAAG	108083
TCAAT	117956
TCACA	82492
TCACC	70743
TCACG	51147
TCACT	80016
TCAGA	71387
TCAGC	73469
TCAGG	47320
TCAGT	57692
TCATA	67810
TCATC	175146
TCATG	95390
TCATT	125705
TCCAA	113685
TCCAC	83560
TCCAG	59489
TCCAT	99824
TCCCA	62131
TCCCC	42812
TCCCG	25375
TCCCT	51162
TCCGA	43730
TCCGC	36729
TCCGG	23448
TCCGT	40080
TCCTA	41479
TCCTC	111809
TCCTG	51237
TCCTT	90143
TCGAA	65921
TCGAC	57632
TCGAG	51781
TCGAT	74994
TCGCA	47498
TCGCC	48184
TCGCG	18782
TCGCT	56742
TCGGA	44981
TCGGC	52621
TCGGG	27651
TCGGT	37382
TCGTA	61102
TCGTC	82183
TCGTG	49088
TCGTT	65059
TCTAA	43238
TCTAC	66733
TCTAG	42235
TCTAT	65435
TCTCA	99838
TCTCC	87131
TCTCG	51497
TCTCT	105807
TCTGA	71286
TCTGC	76476
TCTGG	49606
TCTGT	66488
TCTTA	42071
TCTTC	161941
TCTTG	113212
TCTTT	130841
TGAAA	105754
TGAAC	64439
TGAAG	122417
TGAAT	102747
TGACA	93045
TGACC	53774
TGACG	67013
TGACT	64681
TGAGA	97617
TGAGC	68905
TGAGG	73332
TGAGT	70147
TGATA	104867
TGATC	76703
TGATG	184083
TGATT	114803
TGCAA	116596
TGCAC	72520
TGCAG	95450
TGCAT	107104
TGCCA	93351
TGCCC	44276
TGCCG	53757
TGCCT	68159
TGCGA	47714
TGCGC	31767
TGCGG	40962
TGCGT	48067
TGCTA	61681
TGCTC	80709
TGCTG	123363
TGCTT	111031
TGGAA	101733
TGGAC	55449
TGGAG	98202
TGGAT	102933
TGGCA	93415
TGGCC	58054
TGGCG	54449
TGGCT	65854
TGGGA	63777
TGGGC	44531
TGGGG	44804
TGGGT	51270
TGGTA	66474
TGGTC	50561
TGGTG	105600
TGGTT	70915
TGTAA	58285
TGTAC	54715
TGTAG	70337
TGTAT	72259
TGTCA	92574
TGTCC	50233
TGTCG	62823
TGTCT	66916
TGTGA	82475
TGTGC	66012
TGTGG	70036
TGTGT	78103
TGTTA	54082
TGTTC	76569
TGTTG	153037
TGTTT	93736
TTAAA	35518
TTAAC	25824
TTAAG	24099
TTAAT	43923
TTACA	59009
TTACC	39985
TTACG	30768
TTACT	56046
TTAGA	43427
TTAGC	32610
TTAGG	29061
TTAGT	39179
TTATA	38530
TTATC	68193
TTATG	55146
TTATT	87888
TTCAA	121143
TTCAC	78082
TTCAG	68271
TTCAT	126191
TTCCA	100368
TTCCC	50198
TTCCG	40938
TTCCT	86194
TTCGA	65567
TTCGC	44493
TTCGG	42783
TTCGT	70941
TTCTA	64718
TTCTC	98065
TTCTG	76204
TTCTT	154139
TTGAA	121764
TTGAC	86252
TTGAG	100083
TTGAT	145545
TTGCA	116824
TTGCC	82798
TTGCG	53501
TTGCT	115977
TTGGA	113703
TTGGC	87749
TTGGG	67110
TTGGT	96357
TTGTA	89912
TTGTC	91110
TTGTG	97625
TTGTT	142644
TTTAA	34959
TTTAC	52421
TTTAG	41572
TTTAT	64683
TTTCA	106880
TTTCC	72723
TTTCG	58513
TTTCT	99353
TTTGA	125961
TTTGC	101323
TTTGG	101166
TTTGT	118384
TTTTA	54376
TTTTC	93454
TTTTG	126154
TTTTT	99427
