kmer	Theileria_orientalis
AAAAA	34478
AAAAC	17915
AAAAG	17454
AAAAT	35437
AAACA	21951
AAACC	8673
AAACG	8324
AAACT	16291
AAAGA	15301
AAAGC	7284
AAAGG	11781
AAAGT	15771
AAATA	37969
AAATC	14981
AAATG	18625
AAATT	30831
AACAA	20987
AACAC	13357
AACAG	13113
AACAT	17742
AACCA	10196
AACCC	5237
AACCG	3003
AACCT	10084
AACGA	9281
AACGC	4110
AACGG	4841
AACGT	7622
AACTA	14137
AACTC	10743
AACTG	10693
AACTT	15721
AAGAA	19240
AAGAC	6743
AAGAG	10815
AAGAT	13506
AAGCA	9109
AAGCC	4971
AAGCG	3252
AAGCT	8673
AAGGA	14071
AAGGC	5952
AAGGG	6548
AAGGT	10324
AAGTA	15739
AAGTC	7807
AAGTG	10735
AAGTT	15818
AATAA	34454
AATAC	15292
AATAG	15081
AATAT	32801
AATCA	15260
AATCC	8726
AATCG	6162
AATCT	12300
AATGA	17063
AATGC	5963
AATGG	10742
AATGT	16923
AATTA	25602
AATTC	13029
AATTG	14695
AATTT	30541
ACAAA	19497
ACAAC	11683
ACAAG	10335
ACAAT	15432
ACACA	17279
ACACC	7506
ACACG	5216
ACACT	11487
ACAGA	9956
ACAGC	7455
ACAGG	8187
ACAGT	10563
ACATA	16925
ACATC	9205
ACATG	8558
ACATT	16732
ACCAA	10185
ACCAC	7581
ACCAG	9216
ACCAT	9293
ACCCA	5945
ACCCC	2428
ACCCG	2657
ACCCT	5624
ACCGA	3615
ACCGC	1947
ACCGG	2218
ACCGT	3467
ACCTA	7095
ACCTC	6532
ACCTG	9839
ACCTT	10549
ACGAA	8733
ACGAC	6227
ACGAG	6863
ACGAT	6926
ACGCA	4376
ACGCC	3088
ACGCG	1655
ACGCT	3895
ACGGA	5000
ACGGC	2764
ACGGG	2915
ACGGT	3502
ACGTA	6351
ACGTC	5065
ACGTG	5998
ACGTT	7682
ACTAA	12784
ACTAC	10730
ACTAG	6828
ACTAT	13418
ACTCA	10587
ACTCC	7834
ACTCG	5960
ACTCT	9594
ACTGA	10595
ACTGC	7119
ACTGG	8721
ACTGT	10512
ACTTA	11957
ACTTC	11676
ACTTG	10524
ACTTT	15364
AGAAA	16106
AGAAC	9429
AGAAG	15206
AGAAT	15308
AGACA	6718
AGACC	4552
AGACG	4791
AGACT	7556
AGAGA	9306
AGAGC	5880
AGAGG	7919
AGAGT	9962
AGATA	14289
AGATC	6369
AGATG	10221
AGATT	12604
AGCAA	9010
AGCAC	7112
AGCAG	9755
AGCAT	7808
AGCCA	6064
AGCCC	3152
AGCCG	2579
AGCCT	6236
AGCGA	4098
AGCGC	2443
AGCGG	2460
AGCGT	4065
AGCTA	6159
AGCTC	6172
AGCTG	8664
AGCTT	8999
AGGAA	14371
AGGAC	6364
AGGAG	11039
AGGAT	10033
AGGCA	6098
AGGCC	4343
AGGCG	3089
AGGCT	6413
AGGGA	6496
AGGGC	3618
AGGGG	3933
AGGGT	5529
AGGTA	9567
AGGTC	6013
AGGTG	8389
AGGTT	10163
AGTAA	15463
AGTAC	10398
AGTAG	10490
AGTAT	14692
AGTCA	8169
AGTCC	5584
AGTCG	4872
AGTCT	7635
AGTGA	10851
AGTGC	6584
AGTGG	9508
AGTGT	11456
AGTTA	13947
AGTTC	9546
AGTTG	12076
AGTTT	16212
ATAAA	34627
ATAAC	14236
ATAAG	12936
ATAAT	26919
ATACA	18089
ATACC	7896
ATACG	5708
ATACT	14309
ATAGA	13327
ATAGC	6306
ATAGG	6940
ATAGT	14280
ATATA	32917
ATATC	14080
ATATG	15965
ATATT	32974
ATCAA	16547
ATCAC	8968
ATCAG	11182
ATCAT	14847
ATCCA	10773
ATCCC	4726
ATCCG	3642
ATCCT	10081
ATCGA	6430
ATCGC	4452
ATCGG	3957
ATCGT	7008
ATCTA	11570
ATCTC	7774
ATCTG	10195
ATCTT	13578
ATGAA	18147
ATGAC	7535
ATGAG	9256
ATGAT	15245
ATGCA	5324
ATGCC	4692
ATGCG	2706
ATGCT	7603
ATGGA	11296
ATGGC	5554
ATGGG	5703
ATGGT	9442
ATGTA	15210
ATGTC	6932
ATGTG	12619
ATGTT	17799
ATTAA	25791
ATTAC	11508
ATTAG	11774
ATTAT	26619
ATTCA	16221
ATTCC	10547
ATTCG	6145
ATTCT	15136
ATTGA	15316
ATTGC	7229
ATTGG	9522
ATTGT	15807
ATTTA	32901
ATTTC	14046
ATTTG	19295
ATTTT	35254
CAAAA	17355
CAAAC	10777
CAAAG	9714
CAAAT	19493
CAACA	14017
CAACC	5718
CAACG	5716
CAACT	11854
CAAGA	8126
CAAGC	4602
CAAGG	7390
CAAGT	10358
CAATA	16296
CAATC	6801
CAATG	9566
CAATT	14599
CACAA	10682
CACAC	9217
CACAG	7578
CACAT	12064
CACCA	9173
CACCC	3697
CACCG	3166
CACCT	8096
CACGA	5213
CACGC	2666
CACGG	2760
CACGT	5868
CACTA	9564
CACTC	7417
CACTG	10157
CACTT	10732
CAGAA	12173
CAGAC	5697
CAGAG	7813
CAGAT	10105
CAGCA	10000
CAGCC	4754
CAGCG	4083
CAGCT	8736
CAGGA	9303
CAGGC	4597
CAGGG	4936
CAGGT	10154
CAGTA	10937
CAGTC	5330
CAGTG	10144
CAGTT	10710
CATAA	12842
CATAC	8378
CATAG	6944
CATAT	15616
CATCA	12192
CATCC	6486
CATCG	5278
CATCT	10247
CATGA	7420
CATGC	2681
CATGG	6087
CATGT	8633
CATTA	13153
CATTC	8933
CATTG	9700
CATTT	18717
CCAAA	11543
CCAAC	6965
CCAAG	5801
CCAAT	9286
CCACA	6773
CCACC	5893
CCACG	3655
CCACT	9045
CCAGA	7862
CCAGC	6113
CCAGG	6866
CCAGT	8778
CCATA	8291
CCATC	7098
CCATG	6025
CCATT	10746
CCCAA	5242
CCCAC	3386
CCCAG	5385
CCCAT	5744
CCCCA	2277
CCCCC	1678
CCCCG	1597
CCCCT	3977
CCCGA	2396
CCCGC	1196
CCCGG	1683
CCCGT	2866
CCCTA	3920
CCCTC	4499
CCCTG	4888
CCCTT	6573
CCGAA	4560
CCGAC	2614
CCGAG	3043
CCGAT	3909
CCGCA	2002
CCGCC	2049
CCGCG	895
CCGCT	2374
CCGGA	2566
CCGGC	1755
CCGGG	1755
CCGGT	2204
CCGTA	3432
CCGTC	3165
CCGTG	2687
CCGTT	4923
CCTAA	7296
CCTAC	4408
CCTAG	3608
CCTAT	6870
CCTCA	7665
CCTCC	6972
CCTCG	4758
CCTCT	8139
CCTGA	8581
CCTGC	5052
CCTGG	6846
CCTGT	8129
CCTTA	7588
CCTTC	10104
CCTTG	7655
CCTTT	11974
CGAAA	6361
CGAAC	5097
CGAAG	6791
CGAAT	6098
CGACA	5427
CGACC	3097
CGACG	4224
CGACT	5010
CGAGA	4271
CGAGC	2962
CGAGG	4550
CGAGT	6219
CGATA	7089
CGATC	3329
CGATG	5303
CGATT	6158
CGCAA	4134
CGCAC	2893
CGCAG	3726
CGCAT	2436
CGCCA	3874
CGCCC	1770
CGCCG	1892
CGCCT	3079
CGCGA	1502
CGCGC	895
CGCGG	822
CGCGT	1679
CGCTA	2780
CGCTC	3008
CGCTG	4070
CGCTT	3194
CGGAA	4933
CGGAC	2252
CGGAG	4163
CGGAT	3628
CGGCA	3182
CGGCC	1924
CGGCG	1881
CGGCT	2534
CGGGA	2721
CGGGC	1392
CGGGG	1520
CGGGT	2768
CGGTA	3411
CGGTC	1864
CGGTG	2974
CGGTT	3179
CGTAA	4902
CGTAC	4934
CGTAG	4137
CGTAT	5644
CGTCA	5932
CGTCC	4141
CGTCG	4307
CGTCT	4839
CGTGA	4185
CGTGC	3335
CGTGG	3770
CGTGT	5344
CGTTA	5969
CGTTC	5915
CGTTG	5855
CGTTT	8530
CTAAA	13709
CTAAC	6427
CTAAG	5344
CTAAT	11481
CTACA	8856
CTACC	5189
CTACG	4227
CTACT	9980
CTAGA	5256
CTAGC	3119
CTAGG	3545
CTAGT	6845
CTATA	10574
CTATC	7626
CTATG	6892
CTATT	14309
CTCAA	10290
CTCAC	5413
CTCAG	8352
CTCAT	9032
CTCCA	9412
CTCCC	5165
CTCCG	4139
CTCCT	10845
CTCGA	5445
CTCGC	2638
CTCGG	3204
CTCGT	6955
CTCTA	7063
CTCTC	6993
CTCTG	7979
CTCTT	11220
CTGAA	12831
CTGAC	5951
CTGAG	8415
CTGAT	11506
CTGCA	6433
CTGCC	5125
CTGCG	3682
CTGCT	9703
CTGGA	9648
CTGGC	5423
CTGGG	5357
CTGGT	9321
CTGTA	9572
CTGTC	5885
CTGTG	7606
CTGTT	13055
CTTAA	11704
CTTAC	6887
CTTAG	5416
CTTAT	12531
CTTCA	14081
CTTCC	10019
CTTCG	6871
CTTCT	15502
CTTGA	9583
CTTGC	5001
CTTGG	6020
CTTGT	10905
CTTTA	13547
CTTTC	9623
CTTTG	9669
CTTTT	17306
GAAAA	19323
GAAAC	9767
GAAAG	9530
GAAAT	14045
GAACA	12102
GAACC	6716
GAACG	5833
GAACT	9466
GAAGA	16259
GAAGC	7687
GAAGG	10189
GAAGT	11667
GAATA	15656
GAATC	10936
GAATG	9036
GAATT	12972
GACAA	8716
GACAC	5510
GACAG	5935
GACAT	6779
GACCA	5937
GACCC	3529
GACCG	1769
GACCT	6181
GACGA	7553
GACGC	3173
GACGG	3189
GACGT	4964
GACTA	6230
GACTC	6372
GACTG	5386
GACTT	8047
GAGAA	11437
GAGAC	5026
GAGAG	7044
GAGAT	7980
GAGCA	7257
GAGCC	4423
GAGCG	2956
GAGCT	6342
GAGGA	11304
GAGGC	5106
GAGGG	4198
GAGGT	6496
GAGTA	9913
GAGTC	6779
GAGTG	7643
GAGTT	10855
GATAA	15798
GATAC	8172
GATAG	8005
GATAT	14465
GATCA	7902
GATCC	5552
GATCG	3291
GATCT	6568
GATGA	12766
GATGC	5465
GATGG	6943
GATGT	9603
GATTA	10026
GATTC	10879
GATTG	7060
GATTT	15131
GCAAA	8551
GCAAC	5898
GCAAG	4946
GCAAT	7258
GCACA	6739
GCACC	4091
GCACG	3339
GCACT	6575
GCAGA	6717
GCAGC	5711
GCAGG	5238
GCAGT	7224
GCATA	6234
GCATC	5483
GCATG	2763
GCATT	5929
GCCAA	6592
GCCAC	4942
GCCAG	5424
GCCAT	5720
GCCCA	4007
GCCCC	1796
GCCCG	1340
GCCCT	3606
GCCGA	3161
GCCGC	1822
GCCGG	1744
GCCGT	2831
GCCTA	4160
GCCTC	5062
GCCTG	4682
GCCTT	6156
GCGAA	3800
GCGAC	2937
GCGAG	2652
GCGAT	4485
GCGCA	2086
GCGCC	2102
GCGCG	884
GCGCT	2478
GCGGA	2263
GCGGC	1843
GCGGG	1215
GCGGT	1994
GCGTA	3140
GCGTC	3282
GCGTG	2751
GCGTT	4178
GCTAA	5721
GCTAC	4847
GCTAG	3204
GCTAT	6155
GCTCA	6161
GCTCC	5800
GCTCG	3145
GCTCT	6080
GCTGA	8397
GCTGC	5735
GCTGG	6053
GCTGT	7384
GCTTA	6521
GCTTC	8062
GCTTG	4749
GCTTT	7295
GGAAA	12250
GGAAC	7704
GGAAG	10006
GGAAT	10674
GGACA	5706
GGACC	4039
GGACG	3993
GGACT	5521
GGAGA	9060
GGAGC	5775
GGAGG	7031
GGAGT	8037
GGATA	8462
GGATC	5638
GGATG	6720
GGATT	8836
GGCAA	6004
GGCAC	5011
GGCAG	5076
GGCAT	4624
GGCCA	4653
GGCCC	2492
GGCCG	1877
GGCCT	4434
GGCGA	3324
GGCGC	2089
GGCGG	1981
GGCGT	3160
GGCTA	3821
GGCTC	4553
GGCTG	4901
GGCTT	5091
GGGAA	6957
GGGAC	3219
GGGAG	5208
GGGAT	4927
GGGCA	3342
GGGCC	2465
GGGCG	1669
GGGCT	3212
GGGGA	3623
GGGGC	1734
GGGGG	1491
GGGGT	2357
GGGTA	4262
GGGTC	3596
GGGTG	3797
GGGTT	5191
GGTAA	8200
GGTAC	6818
GGTAG	5203
GGTAT	8109
GGTCA	5799
GGTCC	3993
GGTCG	3184
GGTCT	4663
GGTGA	6582
GGTGC	4311
GGTGG	6044
GGTGT	7542
GGTTA	7329
GGTTC	6650
GGTTG	6077
GGTTT	9127
GTAAA	17289
GTAAC	8373
GTAAG	6806
GTAAT	12013
GTACA	11876
GTACC	6769
GTACG	5100
GTACT	10213
GTAGA	8681
GTAGC	4917
GTAGG	4417
GTAGT	11150
GTATA	14639
GTATC	8165
GTATG	8925
GTATT	15161
GTCAA	9905
GTCAC	5472
GTCAG	6119
GTCAT	7543
GTCCA	7499
GTCCC	3431
GTCCG	2320
GTCCT	6434
GTCGA	5930
GTCGC	2972
GTCGG	2728
GTCGT	6291
GTCTA	6093
GTCTC	5108
GTCTG	5789
GTCTT	6902
GTGAA	10562
GTGAC	5356
GTGAG	5611
GTGAT	9085
GTGCA	5813
GTGCC	5050
GTGCG	2960
GTGCT	7393
GTGGA	9796
GTGGC	5146
GTGGG	3617
GTGGT	7888
GTGTA	13894
GTGTC	5551
GTGTG	9583
GTGTT	13115
GTTAA	15388
GTTAC	8060
GTTAG	6572
GTTAT	14235
GTTCA	12000
GTTCC	7785
GTTCG	5176
GTTCT	9598
GTTGA	12659
GTTGC	6062
GTTGG	7213
GTTGT	11997
GTTTA	16854
GTTTC	9566
GTTTG	11018
GTTTT	18337
TAAAA	34128
TAAAC	16780
TAAAG	13439
TAAAT	33431
TAACA	17129
TAACC	7413
TAACG	5981
TAACT	13683
TAAGA	10618
TAAGC	6432
TAAGG	7535
TAAGT	12303
TAATA	27707
TAATC	9730
TAATG	13464
TAATT	25465
TACAA	16562
TACAC	13404
TACAG	9535
TACAT	14835
TACCA	10969
TACCC	4190
TACCG	3309
TACCT	9654
TACGA	6702
TACGC	3065
TACGG	3391
TACGT	6642
TACTA	13829
TACTC	9443
TACTG	10711
TACTT	15021
TAGAA	13199
TAGAC	6151
TAGAG	7395
TAGAT	11892
TAGCA	7319
TAGCC	3883
TAGCG	2775
TAGCT	6243
TAGGA	7129
TAGGC	4288
TAGGG	3895
TAGGT	7158
TAGTA	14454
TAGTC	6344
TAGTG	9877
TAGTT	14397
TATAA	25624
TATAC	14160
TATAG	10823
TATAT	33055
TATCA	16190
TATCC	8458
TATCG	7116
TATCT	14002
TATGA	12934
TATGC	6216
TATGG	8223
TATGT	17401
TATTA	26911
TATTC	15208
TATTG	16419
TATTT	37107
TCAAA	17748
TCAAC	12759
TCAAG	9394
TCAAT	15285
TCACA	8750
TCACC	6642
TCACG	4297
TCACT	10763
TCAGA	11253
TCAGC	8294
TCAGG	8699
TCAGT	10556
TCATA	12330
TCATC	12417
TCATG	7475
TCATT	17096
TCCAA	11576
TCCAC	9457
TCCAG	9594
TCCAT	11403
TCCCA	7528
TCCCC	3627
TCCCG	2547
TCCCT	6673
TCCGA	4954
TCCGC	2355
TCCGG	2635
TCCGT	5043
TCCTA	7007
TCCTC	11441
TCCTG	9199
TCCTT	14043
TCGAA	7254
TCGAC	5980
TCGAG	5444
TCGAT	6559
TCGCA	4725
TCGCC	3376
TCGCG	1464
TCGCT	4305
TCGGA	5147
TCGGC	3159
TCGGG	2516
TCGGT	3728
TCGTA	6693
TCGTC	7707
TCGTG	5198
TCGTT	9486
TCTAA	11160
TCTAC	8267
TCTAG	5124
TCTAT	12958
TCTCA	8674
TCTCC	8955
TCTCG	4379
TCTCT	9442
TCTGA	11130
TCTGC	7037
TCTGG	8129
TCTGT	10093
TCTTA	10472
TCTTC	16631
TCTTG	8581
TCTTT	15512
TGAAA	17948
TGAAC	11887
TGAAG	13799
TGAAT	16520
TGACA	9089
TGACC	5728
TGACG	5871
TGACT	7948
TGAGA	8850
TGAGC	6361
TGAGG	7604
TGAGT	10972
TGATA	16600
TGATC	7977
TGATG	12533
TGATT	15498
TGCAA	7505
TGCAC	5728
TGCAG	6333
TGCAT	5541
TGCCA	8087
TGCCC	3335
TGCCG	3210
TGCCT	6311
TGCGA	4950
TGCGC	2123
TGCGG	2052
TGCGT	4447
TGCTA	7167
TGCTC	7453
TGCTG	9934
TGCTT	9343
TGGAA	14373
TGGAC	7424
TGGAG	9493
TGGAT	11068
TGGCA	8093
TGGCC	4724
TGGCG	3915
TGGCT	6207
TGGGA	7471
TGGGC	3944
TGGGG	2261
TGGGT	6192
TGGTA	11090
TGGTC	6166
TGGTG	9319
TGGTT	10650
TGTAA	15916
TGTAC	11809
TGTAG	9335
TGTAT	18445
TGTCA	9139
TGTCC	5966
TGTCG	5558
TGTCT	6755
TGTGA	8996
TGTGC	6986
TGTGG	7125
TGTGT	17801
TGTTA	17010
TGTTC	12448
TGTTG	13924
TGTTT	21906
TTAAA	32153
TTAAC	15170
TTAAG	11802
TTAAT	25953
TTACA	15515
TTACC	8268
TTACG	4765
TTACT	14502
TTAGA	11373
TTAGC	5878
TTAGG	7568
TTAGT	12797
TTATA	25532
TTATC	15895
TTATG	12992
TTATT	33201
TTCAA	18444
TTCAC	10599
TTCAG	13149
TTCAT	17896
TTCCA	14346
TTCCC	7053
TTCCG	4886
TTCCT	14330
TTCGA	7432
TTCGC	3808
TTCGG	4661
TTCGT	8830
TTCTA	12783
TTCTC	11575
TTCTG	12426
TTCTT	19497
TTGAA	18614
TTGAC	9794
TTGAG	10505
TTGAT	16772
TTGCA	7537
TTGCC	6076
TTGCG	4224
TTGCT	9198
TTGGA	11618
TTGGC	6816
TTGGG	5191
TTGGT	10574
TTGTA	16829
TTGTC	9050
TTGTG	11100
TTGTT	21319
TTTAA	32195
TTTAC	16595
TTTAG	13855
TTTAT	34234
TTTCA	17786
TTTCC	12264
TTTCG	6539
TTTCT	16045
TTTGA	18127
TTTGC	8743
TTTGG	11444
TTTGT	19589
TTTTA	33577
TTTTC	19399
TTTTG	17921
TTTTT	34406
