kmer	Theileria_annulata
AAAAA	38763
AAAAC	18008
AAAAG	17353
AAAAT	47127
AAACA	19244
AAACC	10188
AAACG	5988
AAACT	18831
AAAGA	17219
AAAGC	6086
AAAGG	11102
AAAGT	16243
AAATA	41460
AAATC	19075
AAATG	21635
AAATT	48237
AACAA	20931
AACAC	9959
AACAG	9547
AACAT	16522
AACCA	11083
AACCC	5679
AACCG	2610
AACCT	9911
AACGA	6027
AACGC	2578
AACGG	3440
AACGT	5332
AACTA	16129
AACTC	10963
AACTG	10610
AACTT	17131
AAGAA	20946
AAGAC	6083
AAGAG	9663
AAGAT	15757
AAGCA	6099
AAGCC	3957
AAGCG	2078
AAGCT	6617
AAGGA	11902
AAGGC	4640
AAGGG	5908
AAGGT	9931
AAGTA	13609
AAGTC	7074
AAGTG	9048
AAGTT	17336
AATAA	41958
AATAC	15827
AATAG	13419
AATAT	39876
AATCA	17724
AATCC	9944
AATCG	5038
AATCT	16011
AATGA	19892
AATGC	5821
AATGG	10739
AATGT	17821
AATTA	41210
AATTC	18528
AATTG	18502
AATTT	48431
ACAAA	19930
ACAAC	10055
ACAAG	9057
ACAAT	15832
ACACA	10815
ACACC	5691
ACACG	2145
ACACT	9283
ACAGA	7649
ACAGC	4313
ACAGG	4781
ACAGT	8226
ACATA	12511
ACATC	8116
ACATG	6724
ACATT	17716
ACCAA	12708
ACCAC	6168
ACCAG	7267
ACCAT	9276
ACCCA	5603
ACCCC	2537
ACCCG	1651
ACCCT	5591
ACCGA	2713
ACCGC	1244
ACCGG	1489
ACCGT	2893
ACCTA	7331
ACCTC	5519
ACCTG	5654
ACCTT	9823
ACGAA	5595
ACGAC	2905
ACGAG	3266
ACGAT	4654
ACGCA	2101
ACGCC	1666
ACGCG	553
ACGCT	2147
ACGGA	3043
ACGGC	1404
ACGGG	1624
ACGGT	2945
ACGTA	3755
ACGTC	2786
ACGTG	2422
ACGTT	5444
ACTAA	15528
ACTAC	9701
ACTAG	7288
ACTAT	13922
ACTCA	10680
ACTCC	6919
ACTCG	3547
ACTCT	9409
ACTGA	9964
ACTGC	3994
ACTGG	6973
ACTGT	8811
ACTTA	11111
ACTTC	9331
ACTTG	10335
ACTTT	16017
AGAAA	19304
AGAAC	8683
AGAAG	12173
AGAAT	18654
AGACA	4868
AGACC	3733
AGACG	2738
AGACT	7380
AGAGA	8147
AGAGC	3826
AGAGG	5627
AGAGT	9298
AGATA	13229
AGATC	6386
AGATG	9228
AGATT	16305
AGCAA	6543
AGCAC	3775
AGCAG	4798
AGCAT	5684
AGCCA	4408
AGCCC	2039
AGCCG	1457
AGCCT	4811
AGCGA	2108
AGCGC	1024
AGCGG	1250
AGCGT	2192
AGCTA	5116
AGCTC	4539
AGCTG	4902
AGCTT	6679
AGGAA	12938
AGGAC	4347
AGGAG	7492
AGGAT	9637
AGGCA	3709
AGGCC	2774
AGGCG	1709
AGGCT	4727
AGGGA	5082
AGGGC	2017
AGGGG	2643
AGGGT	5471
AGGTA	8679
AGGTC	4169
AGGTG	5510
AGGTT	9885
AGTAA	14252
AGTAC	8862
AGTAG	8958
AGTAT	15514
AGTCA	7177
AGTCC	4473
AGTCG	2718
AGTCT	7274
AGTGA	9188
AGTGC	3583
AGTGG	6380
AGTGT	9355
AGTTA	15643
AGTTC	9228
AGTTG	10922
AGTTT	19276
ATAAA	39065
ATAAC	14233
ATAAG	10723
ATAAT	39117
ATACA	16066
ATACC	9182
ATACG	3598
ATACT	15632
ATAGA	11966
ATAGC	4666
ATAGG	5832
ATAGT	13772
ATATA	37122
ATATC	14286
ATATG	13733
ATATT	39703
ATCAA	19710
ATCAC	8647
ATCAG	9581
ATCAT	16623
ATCCA	11836
ATCCC	4405
ATCCG	2482
ATCCT	9805
ATCGA	4831
ATCGC	2751
ATCGG	2752
ATCGT	4649
ATCTA	12285
ATCTC	7892
ATCTG	8827
ATCTT	15570
ATGAA	20367
ATGAC	6737
ATGAG	8489
ATGAT	17004
ATGCA	4690
ATGCC	3494
ATGCG	1760
ATGCT	5645
ATGGA	11510
ATGGC	3811
ATGGG	4745
ATGGT	9206
ATGTA	13648
ATGTC	5828
ATGTG	9429
ATGTT	16402
ATTAA	38542
ATTAC	14981
ATTAG	15017
ATTAT	39604
ATTCA	18883
ATTCC	11610
ATTCG	4858
ATTCT	18640
ATTGA	17230
ATTGC	5356
ATTGG	10557
ATTGT	16044
ATTTA	40776
ATTTC	19457
ATTTG	22758
ATTTT	47651
CAAAA	20129
CAAAC	10907
CAAAG	9762
CAAAT	22692
CAACA	11890
CAACC	5745
CAACG	3546
CAACT	11071
CAAGA	9645
CAAGC	4063
CAAGG	5693
CAAGT	10226
CAATA	15440
CAATC	6659
CAATG	8359
CAATT	18812
CACAA	9585
CACAC	4791
CACAG	4645
CACAT	9277
CACCA	7577
CACCC	2590
CACCG	2326
CACCT	5488
CACGA	2326
CACGC	1045
CACGG	1231
CACGT	2440
CACTA	8426
CACTC	5468
CACTG	5753
CACTT	8990
CAGAA	11674
CAGAC	4301
CAGAG	5490
CAGAT	8812
CAGCA	5256
CAGCC	3050
CAGCG	1546
CAGCT	4951
CAGGA	6612
CAGGC	2589
CAGGG	2732
CAGGT	5798
CAGTA	9057
CAGTC	3989
CAGTG	5731
CAGTT	10352
CATAA	12394
CATAC	7080
CATAG	5246
CATAT	13715
CATCA	11870
CATCC	4938
CATCG	3134
CATCT	9113
CATGA	6816
CATGC	2339
CATGG	4370
CATGT	6753
CATTA	16052
CATTC	8386
CATTG	8347
CATTT	21342
CCAAA	14926
CCAAC	6909
CCAAG	6271
CCAAT	10715
CCACA	5906
CCACC	4060
CCACG	1534
CCACT	6296
CCAGA	7315
CCAGC	3408
CCAGG	4026
CCAGT	6870
CCATA	8382
CCATC	5746
CCATG	4396
CCATT	10957
CCCAA	6209
CCCAC	2364
CCCAG	3546
CCCAT	4753
CCCCA	2371
CCCCC	956
CCCCG	842
CCCCT	2702
CCCGA	1822
CCCGC	618
CCCGG	844
CCCGT	1625
CCCTA	3956
CCCTC	2833
CCCTG	2687
CCCTT	6017
CCGAA	3522
CCGAC	1489
CCGAG	1705
CCGAT	2570
CCGCA	1170
CCGCC	1025
CCGCG	274
CCGCT	1416
CCGGA	1709
CCGGC	844
CCGGG	869
CCGGT	1417
CCGTA	2798
CCGTC	1599
CCGTG	1210
CCGTT	3567
CCTAA	8975
CCTAC	3590
CCTAG	3170
CCTAT	5875
CCTCA	7275
CCTCC	4325
CCTCG	2139
CCTCT	5853
CCTGA	6489
CCTGC	2209
CCTGG	3765
CCTGT	4783
CCTTA	8946
CCTTC	6801
CCTTG	5842
CCTTT	11004
CGAAA	5990
CGAAC	2818
CGAAG	3461
CGAAT	4756
CGACA	2957
CGACC	1513
CGACG	1480
CGACT	2732
CGAGA	2957
CGAGC	1214
CGAGG	2028
CGAGT	3543
CGATA	4673
CGATC	1950
CGATG	3306
CGATT	5043
CGCAA	2480
CGCAC	1165
CGCAG	1607
CGCAT	1736
CGCCA	2019
CGCCC	716
CGCCG	661
CGCCT	1657
CGCGA	522
CGCGC	236
CGCGG	288
CGCGT	580
CGCTA	1673
CGCTC	1395
CGCTG	1545
CGCTT	2130
CGGAA	3504
CGGAC	1148
CGGAG	2156
CGGAT	2571
CGGCA	1491
CGGCC	950
CGGCG	681
CGGCT	1324
CGGGA	1812
CGGGC	510
CGGGG	921
CGGGT	1648
CGGTA	2349
CGGTC	1124
CGGTG	2398
CGGTT	2462
CGTAA	4437
CGTAC	1909
CGTAG	2278
CGTAT	3776
CGTCA	3550
CGTCC	1763
CGTCG	1556
CGTCT	2628
CGTGA	2438
CGTGC	944
CGTGG	1633
CGTGT	2194
CGTTA	4947
CGTTC	3064
CGTTG	3605
CGTTT	6080
CTAAA	16828
CTAAC	6604
CTAAG	5572
CTAAT	15042
CTACA	7801
CTACC	3956
CTACG	2196
CTACT	9230
CTAGA	6297
CTAGC	2331
CTAGG	3106
CTAGT	7284
CTATA	11790
CTATC	5616
CTATG	5217
CTATT	13652
CTCAA	12025
CTCAC	4622
CTCAG	6705
CTCAT	8479
CTCCA	8262
CTCCC	3309
CTCCG	2216
CTCCT	7524
CTCGA	3627
CTCGC	1225
CTCGG	1701
CTCGT	3423
CTCTA	7330
CTCTC	4650
CTCTG	5393
CTCTT	9587
CTGAA	12149
CTGAC	4084
CTGAG	6593
CTGAT	9675
CTGCA	3878
CTGCC	2320
CTGCG	1538
CTGCT	4549
CTGGA	7923
CTGGC	2821
CTGGG	3419
CTGGT	7281
CTGTA	8208
CTGTC	3103
CTGTG	4723
CTGTT	9596
CTTAA	13499
CTTAC	5417
CTTAG	5763
CTTAT	10854
CTTCA	12291
CTTCC	7150
CTTCG	3624
CTTCT	11563
CTTGA	10787
CTTGC	3580
CTTGG	6163
CTTGT	9110
CTTTA	14539
CTTTC	8730
CTTTG	9744
CTTTT	17311
GAAAA	22077
GAAAC	9654
GAAAG	8814
GAAAT	19490
GAACA	9945
GAACC	5967
GAACG	3030
GAACT	9170
GAAGA	14423
GAAGC	4478
GAAGG	6943
GAAGT	9610
GAATA	15895
GAATC	10774
GAATG	8302
GAATT	18620
GACAA	7236
GACAC	3310
GACAG	3034
GACAT	5595
GACCA	5313
GACCC	2563
GACCG	1063
GACCT	4196
GACGA	3954
GACGC	1301
GACGG	1595
GACGT	2803
GACTA	5695
GACTC	4972
GACTG	4059
GACTT	7253
GAGAA	10897
GAGAC	3428
GAGAG	4656
GAGAT	8077
GAGCA	4342
GAGCC	2676
GAGCG	1335
GAGCT	4436
GAGGA	8444
GAGGC	2622
GAGGG	2763
GAGGT	5402
GAGTA	8748
GAGTC	4967
GAGTG	5422
GAGTT	11277
GATAA	16915
GATAC	6849
GATAG	5800
GATAT	14160
GATCA	7562
GATCC	4799
GATCG	2050
GATCT	6296
GATGA	12605
GATGC	3179
GATGG	5783
GATGT	8203
GATTA	11938
GATTC	10939
GATTG	6772
GATTT	19416
GCAAA	6862
GCAAC	3291
GCAAG	3534
GCAAT	5272
GCACA	3214
GCACC	2343
GCACG	923
GCACT	3637
GCAGA	3958
GCAGC	2228
GCAGG	2351
GCAGT	3982
GCATA	4417
GCATC	3182
GCATG	2369
GCATT	5753
GCCAA	5151
GCCAC	2344
GCCAG	2878
GCCAT	4007
GCCCA	2350
GCCCC	860
GCCCG	566
GCCCT	1990
GCCGA	1512
GCCGC	780
GCCGG	825
GCCGT	1467
GCCTA	2870
GCCTC	2670
GCCTG	2456
GCCTT	4762
GCGAA	2094
GCGAC	947
GCGAG	1191
GCGAT	2759
GCGCA	879
GCGCC	735
GCGCG	239
GCGCT	1050
GCGGA	1229
GCGGC	711
GCGGG	597
GCGGT	1127
GCGTA	1612
GCGTC	1274
GCGTG	1029
GCGTT	2607
GCTAA	5212
GCTAC	2565
GCTAG	2327
GCTAT	4573
GCTCA	4211
GCTCC	3582
GCTCG	1265
GCTCT	3783
GCTGA	4748
GCTGC	2214
GCTGG	3378
GCTGT	4316
GCTTA	4308
GCTTC	4414
GCTTG	4037
GCTTT	6190
GGAAA	12688
GGAAC	6559
GGAAG	7253
GGAAT	11690
GGACA	3846
GGACC	3130
GGACG	1767
GGACT	4541
GGAGA	6463
GGAGC	3470
GGAGG	4236
GGAGT	7111
GGATA	8532
GGATC	4787
GGATG	5028
GGATT	9919
GGCAA	3871
GGCAC	2195
GGCAG	2321
GGCAT	3534
GGCCA	2915
GGCCC	1145
GGCCG	925
GGCCT	2773
GGCGA	1672
GGCGC	732
GGCGG	933
GGCGT	1649
GGCTA	2939
GGCTC	2618
GGCTG	2952
GGCTT	4063
GGGAA	6157
GGGAC	2118
GGGAG	3271
GGGAT	4328
GGGCA	1739
GGGCC	1165
GGGCG	673
GGGCT	2047
GGGGA	2501
GGGGC	766
GGGGG	927
GGGGT	2517
GGGTA	4419
GGGTC	2602
GGGTG	2622
GGGTT	5584
GGTAA	8306
GGTAC	5374
GGTAG	3902
GGTAT	9111
GGTCA	4720
GGTCC	3107
GGTCG	1582
GGTCT	3914
GGTGA	5896
GGTGC	2379
GGTGG	4112
GGTGT	5753
GGTTA	7421
GGTTC	6037
GGTTG	5330
GGTTT	10055
GTAAA	16429
GTAAC	7248
GTAAG	5356
GTAAT	14709
GTACA	7933
GTACC	5415
GTACG	1990
GTACT	8743
GTAGA	7255
GTAGC	2646
GTAGG	3657
GTAGT	9517
GTATA	14672
GTATC	7011
GTATG	6910
GTATT	16200
GTCAA	8847
GTCAC	3578
GTCAG	4267
GTCAT	6419
GTCCA	5638
GTCCC	2088
GTCCG	1145
GTCCT	4402
GTCGA	3374
GTCGC	1009
GTCGG	1557
GTCGT	3009
GTCTA	4732
GTCTC	3425
GTCTG	4427
GTCTT	6187
GTGAA	9335
GTGAC	3675
GTGAG	4614
GTGAT	8644
GTGCA	2899
GTGCC	2318
GTGCG	1064
GTGCT	3874
GTGGA	7082
GTGGC	2473
GTGGG	2342
GTGGT	6073
GTGTA	9919
GTGTC	3256
GTGTG	5033
GTGTT	10226
GTTAA	15500
GTTAC	7425
GTTAG	6464
GTTAT	14449
GTTCA	10017
GTTCC	6440
GTTCG	2883
GTTCT	8879
GTTGA	11743
GTTGC	3196
GTTGG	6918
GTTGT	10036
GTTTA	15930
GTTTC	9709
GTTTG	11084
GTTTT	18272
TAAAA	40282
TAAAC	15682
TAAAG	14721
TAAAT	41098
TAACA	15880
TAACC	7383
TAACG	4813
TAACT	15761
TAAGA	11162
TAAGC	4124
TAAGG	8643
TAAGT	10988
TAATA	38286
TAATC	12209
TAATG	15977
TAATT	41002
TACAA	17122
TACAC	9874
TACAG	7743
TACAT	13673
TACCA	11446
TACCC	4550
TACCG	2340
TACCT	8732
TACGA	4113
TACGC	1543
TACGG	2750
TACGT	3832
TACTA	16189
TACTC	9152
TACTG	9319
TACTT	13420
TAGAA	15297
TAGAC	4907
TAGAG	7089
TAGAT	12502
TAGCA	5103
TAGCC	3032
TAGCG	1615
TAGCT	5232
TAGGA	7456
TAGGC	3068
TAGGG	3810
TAGGT	7113
TAGTA	16172
TAGTC	5612
TAGTG	8305
TAGTT	16104
TATAA	31870
TATAC	14722
TATAG	11771
TATAT	37093
TATCA	17406
TATCC	8847
TATCG	4761
TATCT	13154
TATGA	13284
TATGC	4251
TATGG	8380
TATGT	12530
TATTA	38944
TATTC	16138
TATTG	15566
TATTT	41453
TCAAA	21772
TCAAC	11997
TCAAG	10764
TCAAT	17451
TCACA	8363
TCACC	5887
TCACG	2440
TCACT	9421
TCAGA	11355
TCAGC	4854
TCAGG	6573
TCAGT	10051
TCATA	13125
TCATC	12011
TCATG	6789
TCATT	19701
TCCAA	14753
TCCAC	6920
TCCAG	7928
TCCAT	11445
TCCCA	6548
TCCCC	2518
TCCCG	1850
TCCCT	5210
TCCGA	3239
TCCGC	1243
TCCGG	1681
TCCGT	3189
TCCTA	7450
TCCTC	8570
TCCTG	6449
TCCTT	11991
TCGAA	5814
TCGAC	3341
TCGAG	3580
TCGAT	4989
TCGCA	2838
TCGCC	1627
TCGCG	560
TCGCT	2130
TCGGA	3398
TCGGC	1487
TCGGG	1801
TCGGT	2844
TCGTA	4235
TCGTC	3838
TCGTG	2548
TCGTT	6078
TCTAA	14331
TCTAC	7327
TCTAG	6233
TCTAT	11905
TCTCA	9665
TCTCC	6485
TCTCG	3025
TCTCT	7914
TCTGA	11300
TCTGC	3868
TCTGG	7328
TCTGT	7720
TCTTA	11168
TCTTC	14082
TCTTG	9426
TCTTT	17113
TGAAA	22053
TGAAC	10052
TGAAG	12567
TGAAT	18491
TGACA	7504
TGACC	4759
TGACG	3668
TGACT	7326
TGAGA	9491
TGAGC	4279
TGAGG	7340
TGAGT	10462
TGATA	17290
TGATC	7584
TGATG	12208
TGATT	17798
TGCAA	6065
TGCAC	2982
TGCAG	3793
TGCAT	4766
TGCCA	5038
TGCCC	1866
TGCCG	1541
TGCCT	3517
TGCGA	2689
TGCGC	911
TGCGG	1193
TGCGT	2101
TGCTA	4950
TGCTC	4289
TGCTG	5257
TGCTT	6077
TGGAA	15591
TGGAC	5671
TGGAG	8361
TGGAT	11730
TGGCA	4982
TGGCC	2869
TGGCG	1923
TGGCT	4474
TGGGA	6479
TGGGC	2331
TGGGG	2220
TGGGT	5591
TGGTA	11246
TGGTC	5428
TGGTG	7610
TGGTT	10912
TGTAA	16747
TGTAC	7936
TGTAG	7937
TGTAT	16392
TGTCA	7664
TGTCC	3930
TGTCG	3093
TGTCT	4955
TGTGA	8746
TGTGC	3249
TGTGG	5845
TGTGT	11132
TGTTA	15827
TGTTC	9890
TGTTG	12036
TGTTT	19584
TTAAA	39460
TTAAC	15752
TTAAG	13266
TTAAT	38606
TTACA	16612
TTACC	8515
TTACG	4454
TTACT	14475
TTAGA	14277
TTAGC	5339
TTAGG	8853
TTAGT	15620
TTATA	31873
TTATC	17255
TTATG	12585
TTATT	42545
TTCAA	21402
TTCAC	9264
TTCAG	12280
TTCAT	20105
TTCCA	15310
TTCCC	6324
TTCCG	3509
TTCCT	12729
TTCGA	5892
TTCGC	2170
TTCGG	3520
TTCGT	5618
TTCTA	15449
TTCTC	11122
TTCTG	11569
TTCTT	20445
TTGAA	21312
TTGAC	8761
TTGAG	11876
TTGAT	19557
TTGCA	6139
TTGCC	3830
TTGCG	2532
TTGCT	6505
TTGGA	14838
TTGGC	5143
TTGGG	6115
TTGGT	12636
TTGTA	17237
TTGTC	7455
TTGTG	9787
TTGTT	21113
TTTAA	39543
TTTAC	16233
TTTAG	16845
TTTAT	39351
TTTCA	21860
TTTCC	12672
TTTCG	5835
TTTCT	19503
TTTGA	21746
TTTGC	6874
TTTGG	15094
TTTGT	20401
TTTTA	40730
TTTTC	21974
TTTTG	20530
TTTTT	38376
