kmer	Toxoplasma_gondii_ME49
AAAAA	150325
AAAAC	113586
AAAAG	120464
AAAAT	62529
AAACA	113321
AAACC	62413
AAACG	110588
AAACT	64879
AAAGA	132120
AAAGC	85211
AAAGG	90767
AAAGT	61978
AAATA	51134
AAATC	58545
AAATG	72310
AAATT	41909
AACAA	81227
AACAC	73086
AACAG	96555
AACAT	53757
AACCA	49240
AACCC	34829
AACCG	51290
AACCT	45027
AACGA	86024
AACGC	89374
AACGG	65243
AACGT	53335
AACTA	25019
AACTC	69399
AACTG	73673
AACTT	49015
AAGAA	161268
AAGAC	97898
AAGAG	133893
AAGAT	51842
AAGCA	92729
AAGCC	61685
AAGCG	88083
AAGCT	57517
AAGGA	104344
AAGGC	84487
AAGGG	59640
AAGGT	50103
AAGTA	34005
AAGTC	63540
AAGTG	65235
AAGTT	49224
AATAA	29125
AATAC	35143
AATAG	23701
AATAT	38570
AATCA	41121
AATCC	42521
AATCG	46500
AATCT	43212
AATGA	46016
AATGC	59851
AATGG	43311
AATGT	47469
AATTA	18494
AATTC	48434
AATTG	32800
AATTT	42052
ACAAA	97099
ACAAC	69290
ACAAG	79416
ACAAT	36528
ACACA	116440
ACACC	68592
ACACG	71019
ACACT	61988
ACAGA	133786
ACAGC	92528
ACAGG	79037
ACAGT	66798
ACATA	60445
ACATC	61306
ACATG	73291
ACATT	47313
ACCAA	43738
ACCAC	53327
ACCAG	56172
ACCAT	35861
ACCCA	39144
ACCCC	37228
ACCCG	39413
ACCCT	40919
ACCGA	53822
ACCGC	56465
ACCGG	44146
ACCGT	46026
ACCTA	24299
ACCTC	64043
ACCTG	62437
ACCTT	49340
ACGAA	99551
ACGAC	71099
ACGAG	87710
ACGAT	41261
ACGCA	92512
ACGCC	67773
ACGCG	89917
ACGCT	59799
ACGGA	74012
ACGGC	64205
ACGGG	48227
ACGGT	46328
ACGTA	38917
ACGTC	60430
ACGTG	52546
ACGTT	53301
ACTAA	17947
ACTAC	30238
ACTAG	20133
ACTAT	19459
ACTCA	50664
ACTCC	59912
ACTCG	70028
ACTCT	68384
ACTGA	57461
ACTGC	78565
ACTGG	59675
ACTGT	67020
ACTTA	18869
ACTTC	75145
ACTTG	56684
ACTTT	62642
AGAAA	177697
AGAAC	92925
AGAAG	181887
AGAAT	55382
AGACA	133301
AGACC	54756
AGACG	119074
AGACT	65782
AGAGA	210791
AGAGC	93010
AGAGG	125511
AGAGT	67964
AGATA	48183
AGATC	50219
AGATG	74482
AGATT	42856
AGCAA	78333
AGCAC	60840
AGCAG	109333
AGCAT	52849
AGCCA	56569
AGCCC	34096
AGCCG	66448
AGCCT	57063
AGCGA	99530
AGCGC	72970
AGCGG	67340
AGCGT	60691
AGCTA	25890
AGCTC	64502
AGCTG	87872
AGCTT	57184
AGGAA	129594
AGGAC	66445
AGGAG	117086
AGGAT	43066
AGGCA	87210
AGGCC	55190
AGGCG	105841
AGGCT	57344
AGGGA	80401
AGGGC	48170
AGGGG	53611
AGGGT	40322
AGGTA	35431
AGGTC	51741
AGGTG	67963
AGGTT	44697
AGTAA	25882
AGTAC	29831
AGTAG	31081
AGTAT	27314
AGTCA	49839
AGTCC	50809
AGTCG	70908
AGTCT	65420
AGTGA	61432
AGTGC	60404
AGTGG	59305
AGTGT	61397
AGTTA	22127
AGTTC	70273
AGTTG	59468
AGTTT	65314
ATAAA	43007
ATAAC	22668
ATAAG	21158
ATAAT	20115
ATACA	73093
ATACC	26186
ATACG	37124
ATACT	27442
ATAGA	39606
ATAGC	20440
ATAGG	21596
ATAGT	19480
ATATA	221677
ATATC	38641
ATATG	59750
ATATT	38853
ATCAA	41960
ATCAC	38736
ATCAG	41469
ATCAT	31305
ATCCA	51440
ATCCC	37307
ATCCG	43637
ATCCT	43358
ATCGA	57975
ATCGC	47833
ATCGG	36392
ATCGT	41084
ATCTA	34156
ATCTC	63126
ATCTG	66787
ATCTT	51734
ATGAA	63247
ATGAC	38870
ATGAG	46113
ATGAT	31482
ATGCA	104802
ATGCC	50182
ATGCG	71259
ATGCT	52598
ATGGA	58946
ATGGC	43698
ATGGG	32299
ATGGT	35704
ATGTA	62769
ATGTC	56881
ATGTG	69695
ATGTT	53426
ATTAA	16568
ATTAC	18028
ATTAG	13754
ATTAT	20001
ATTCA	53576
ATTCC	49343
ATTCG	53900
ATTCT	55688
ATTGA	33569
ATTGC	37109
ATTGG	26584
ATTGT	36224
ATTTA	32755
ATTTC	72103
ATTTG	56432
ATTTT	63527
CAAAA	90232
CAAAC	76205
CAAAG	84620
CAAAT	56903
CAACA	76161
CAACC	44809
CAACG	68421
CAACT	59394
CAAGA	88060
CAAGC	68952
CAAGG	64206
CAAGT	56655
CAATA	24187
CAATC	36979
CAATG	39965
CAATT	33164
CACAA	76870
CACAC	96277
CACAG	102285
CACAT	69264
CACCA	64096
CACCC	55690
CACCG	67800
CACCT	67788
CACGA	69506
CACGC	69999
CACGG	57554
CACGT	52269
CACTA	24959
CACTC	71436
CACTG	80985
CACTT	66441
CAGAA	126306
CAGAC	100315
CAGAG	135346
CAGAT	66831
CAGCA	97426
CAGCC	72190
CAGCG	101437
CAGCT	87279
CAGGA	86779
CAGGC	82060
CAGGG	61327
CAGGT	62470
CAGTA	33554
CAGTC	74468
CAGTG	80720
CAGTT	74030
CATAA	25834
CATAC	44512
CATAG	25375
CATAT	59614
CATCA	51584
CATCC	57435
CATCG	61533
CATCT	74612
CATGA	48964
CATGC	104021
CATGG	47850
CATGT	74297
CATTA	18940
CATTC	66429
CATTG	40013
CATTT	72949
CCAAA	54172
CCAAC	46758
CCAAG	56148
CCAAT	26902
CCACA	75622
CCACC	62767
CCACG	63290
CCACT	59528
CCAGA	79971
CCAGC	74464
CCAGG	60606
CCAGT	59894
CCATA	26019
CCATC	53665
CCATG	48452
CCATT	43965
CCCAA	37116
CCCAC	48685
CCCAG	57453
CCCAT	32901
CCCCA	49443
CCCCC	56133
CCCCG	54687
CCCCT	54180
CCCGA	47476
CCCGC	60722
CCCGG	39144
CCCGT	48182
CCCTA	20972
CCCTC	81084
CCCTG	61553
CCCTT	60247
CCGAA	63026
CCGAC	62939
CCGAG	72105
CCGAT	35737
CCGCA	69561
CCGCC	76976
CCGCG	82689
CCGCT	67235
CCGGA	55673
CCGGC	57590
CCGGG	39221
CCGGT	43962
CCGTA	30360
CCGTC	80071
CCGTG	57016
CCGTT	64936
CCTAA	19481
CCTAC	33349
CCTAG	22175
CCTAT	21862
CCTCA	68369
CCTCC	101115
CCTCG	101937
CCTCT	125909
CCTGA	58604
CCTGC	94308
CCTGG	60697
CCTGT	79506
CCTTA	20058
CCTTC	123305
CCTTG	64179
CCTTT	90137
CGAAA	106491
CGAAC	72600
CGAAG	119197
CGAAT	53982
CGACA	92185
CGACC	58319
CGACG	105596
CGACT	70742
CGAGA	125178
CGAGC	75507
CGAGG	102403
CGAGT	69774
CGATA	30889
CGATC	43672
CGATG	61440
CGATT	45851
CGCAA	66073
CGCAC	62771
CGCAG	113905
CGCAT	71249
CGCCA	71611
CGCCC	58038
CGCCG	96449
CGCCT	105715
CGCGA	97779
CGCGC	95054
CGCGG	82966
CGCGT	89288
CGCTA	25793
CGCTC	84526
CGCTG	101030
CGCTT	87847
CGGAA	79822
CGGAC	54775
CGGAG	93093
CGGAT	43516
CGGCA	73124
CGGCC	55822
CGGCG	96858
CGGCT	66899
CGGGA	60637
CGGGC	41023
CGGGG	54667
CGGGT	39681
CGGTA	29420
CGGTC	52209
CGGTG	67801
CGGTT	51895
CGTAA	25748
CGTAC	41700
CGTAG	40184
CGTAT	37549
CGTCA	61865
CGTCC	74150
CGTCG	104690
CGTCT	118426
CGTGA	57035
CGTGC	57592
CGTGG	62774
CGTGT	71228
CGTTA	23445
CGTTC	91270
CGTTG	68736
CGTTT	110235
CTAAA	29851
CTAAC	19668
CTAAG	18030
CTAAT	13949
CTACA	48090
CTACC	32967
CTACG	39995
CTACT	31426
CTAGA	31307
CTAGC	24462
CTAGG	22012
CTAGT	20005
CTATA	21533
CTATC	31104
CTATG	25490
CTATT	23416
CTCAA	58649
CTCAC	66146
CTCAG	74167
CTCAT	46423
CTCCA	96329
CTCCC	90033
CTCCG	92180
CTCCT	116967
CTCGA	98459
CTCGC	115136
CTCGG	71498
CTCGT	87763
CTCTA	40021
CTCTC	187936
CTCTG	135158
CTCTT	133835
CTGAA	87340
CTGAC	56963
CTGAG	74008
CTGAT	41127
CTGCA	120998
CTGCC	92896
CTGCG	113569
CTGCT	109676
CTGGA	90550
CTGGC	70857
CTGGG	56682
CTGGT	56090
CTGTA	52184
CTGTC	120901
CTGTG	102917
CTGTT	96710
CTTAA	18297
CTTAC	27767
CTTAG	18179
CTTAT	21333
CTTCA	94371
CTTCC	127625
CTTCG	117670
CTTCT	181413
CTTGA	60395
CTTGC	81357
CTTGG	56148
CTTGT	78986
CTTTA	30118
CTTTC	134367
CTTTG	85282
CTTTT	121086
GAAAA	164782
GAAAC	126723
GAAAG	134555
GAAAT	71670
GAACA	88809
GAACC	56063
GAACG	91357
GAACT	70329
GAAGA	200321
GAAGC	124199
GAAGG	123470
GAAGT	74430
GAATA	36476
GAATC	61422
GAATG	65438
GAATT	48361
GACAA	85084
GACAC	90683
GACAG	121165
GACAT	57037
GACCA	44690
GACCC	43064
GACCG	52107
GACCT	51760
GACGA	109802
GACGC	109644
GACGG	79649
GACGT	60892
GACTA	22941
GACTC	75860
GACTG	74839
GACTT	63693
GAGAA	180762
GAGAC	140718
GAGAG	187949
GAGAT	63030
GAGCA	83811
GAGCC	58774
GAGCG	84998
GAGCT	64808
GAGGA	138507
GAGGC	114242
GAGGG	81060
GAGGT	62920
GAGTA	31692
GAGTC	75758
GAGTG	71632
GAGTT	69241
GATAA	28067
GATAC	40518
GATAG	30443
GATAT	38720
GATCA	33648
GATCC	44146
GATCG	43901
GATCT	50131
GATGA	58442
GATGC	72225
GATGG	53314
GATGT	60364
GATTA	16283
GATTC	61302
GATTG	36532
GATTT	58442
GCAAA	91009
GCAAC	73068
GCAAG	81701
GCAAT	37239
GCACA	85749
GCACC	61045
GCACG	57781
GCACT	60440
GCAGA	142255
GCAGC	121129
GCAGG	94187
GCAGT	78641
GCATA	42740
GCATC	71860
GCATG	104138
GCATT	60701
GCCAA	48839
GCCAC	67139
GCCAG	71336
GCCAT	43483
GCCCA	41350
GCCCC	46210
GCCCG	41015
GCCCT	48505
GCCGA	72095
GCCGC	97964
GCCGG	58150
GCCGT	64082
GCCTA	25165
GCCTC	113638
GCCTG	81954
GCCTT	84129
GCGAA	107146
GCGAC	99627
GCGAG	114854
GCGAT	46993
GCGCA	78251
GCGCC	88940
GCGCG	94458
GCGCT	73343
GCGGA	81678
GCGGC	98355
GCGGG	61062
GCGGT	56875
GCGTA	41202
GCGTC	109503
GCGTG	69541
GCGTT	89262
GCTAA	19451
GCTAC	36724
GCTAG	24356
GCTAT	20457
GCTCA	49846
GCTCC	74521
GCTCG	75229
GCTCT	92198
GCTGA	70664
GCTGC	121700
GCTGG	74746
GCTGT	92576
GCTTA	21908
GCTTC	123360
GCTTG	68481
GCTTT	85266
GGAAA	126158
GGAAC	77985
GGAAG	126890
GGAAT	49281
GGACA	66574
GGACC	41385
GGACG	73633
GGACT	50872
GGAGA	160631
GGAGC	75017
GGAGG	100846
GGAGT	59745
GGATA	31755
GGATC	44165
GGATG	56758
GGATT	42480
GGCAA	68432
GGCAC	59170
GGCAG	92357
GGCAT	50022
GGCCA	42969
GGCCC	33033
GGCCG	55562
GGCCT	55335
GGCGA	98196
GGCGC	88683
GGCGG	77361
GGCGT	67239
GGCTA	21649
GGCTC	59023
GGCTG	72652
GGCTT	61394
GGGAA	84668
GGGAC	50192
GGGAG	89627
GGGAT	37372
GGGCA	50355
GGGCC	33064
GGGCG	57397
GGGCT	34123
GGGGA	74788
GGGGC	45563
GGGGG	55359
GGGGT	37168
GGGTA	23280
GGGTC	42807
GGGTG	55043
GGGTT	34481
GGTAA	27680
GGTAC	32350
GGTAG	32852
GGTAT	26118
GGTCA	37197
GGTCC	41457
GGTCG	58137
GGTCT	54982
GGTGA	62242
GGTGC	61694
GGTGG	62328
GGTGT	68678
GGTTA	16750
GGTTC	56075
GGTTG	45333
GGTTT	62145
GTAAA	40098
GTAAC	26782
GTAAG	27747
GTAAT	17983
GTACA	57090
GTACC	32403
GTACG	41554
GTACT	29994
GTAGA	52298
GTAGC	36395
GTAGG	33051
GTAGT	30445
GTATA	44240
GTATC	40316
GTATG	44606
GTATT	35231
GTCAA	53196
GTCAC	61358
GTCAG	56540
GTCAT	39033
GTCCA	61640
GTCCC	50140
GTCCG	54838
GTCCT	66673
GTCGA	92434
GTCGC	99178
GTCGG	62837
GTCGT	71220
GTCTA	33930
GTCTC	140548
GTCTG	100229
GTCTT	97244
GTGAA	81792
GTGAC	61449
GTGAG	65483
GTGAT	38703
GTGCA	82317
GTGCC	59366
GTGCG	63023
GTGCT	61585
GTGGA	91198
GTGGC	66819
GTGGG	47696
GTGGT	53783
GTGTA	57762
GTGTC	90666
GTGTG	96888
GTGTT	73422
GTTAA	20385
GTTAC	26548
GTTAG	19607
GTTAT	22125
GTTCA	62774
GTTCC	77409
GTTCG	72888
GTTCT	93037
GTTGA	59523
GTTGC	74306
GTTGG	46780
GTTGT	69201
GTTTA	34427
GTTTC	127426
GTTTG	75789
GTTTT	113113
TAAAA	41547
TAAAC	34686
TAAAG	30431
TAAAT	32804
TAACA	26326
TAACC	17099
TAACG	23611
TAACT	22502
TAAGA	24398
TAAGC	21651
TAAGG	20133
TAAGT	18929
TAATA	14741
TAATC	16410
TAATG	18934
TAATT	18342
TACAA	39154
TACAC	57994
TACAG	52150
TACAT	62297
TACCA	31076
TACCC	23120
TACCG	29265
TACCT	35557
TACGA	34284
TACGC	40984
TACGG	30325
TACGT	38693
TACTA	14862
TACTC	32291
TACTG	33224
TACTT	34187
TAGAA	39559
TAGAC	33987
TAGAG	40087
TAGAT	34039
TAGCA	27392
TAGCC	21534
TAGCG	26021
TAGCT	25846
TAGGA	26560
TAGGC	24797
TAGGG	20487
TAGGT	24338
TAGTA	14852
TAGTC	23213
TAGTG	24957
TAGTT	24681
TATAA	23927
TATAC	43678
TATAG	21597
TATAT	222011
TATCA	27117
TATCC	31641
TATCG	31354
TATCT	47850
TATGA	26292
TATGC	42737
TATGG	26177
TATGT	60642
TATTA	14638
TATTC	36335
TATTG	24143
TATTT	51373
TCAAA	65685
TCAAC	59675
TCAAG	60608
TCAAT	33623
TCACA	66880
TCACC	62967
TCACG	57233
TCACT	61873
TCAGA	72790
TCAGC	70213
TCAGG	58811
TCAGT	57440
TCATA	26127
TCATC	58336
TCATG	49255
TCATT	46360
TCCAA	54290
TCCAC	92061
TCCAG	89969
TCCAT	59859
TCCCA	46220
TCCCC	74865
TCCCG	60410
TCCCT	80253
TCCGA	60409
TCCGC	81304
TCCGG	55006
TCCGT	74094
TCCTA	26435
TCCTC	138556
TCCTG	87170
TCCTT	103973
TCGAA	82552
TCGAC	93180
TCGAG	98195
TCGAT	57856
TCGCA	73680
TCGCC	98122
TCGCG	98010
TCGCT	98819
TCGGA	59844
TCGGC	72553
TCGGG	47497
TCGGT	54162
TCGTA	34704
TCGTC	109116
TCGTG	69522
TCGTT	86184
TCTAA	24618
TCTAC	52174
TCTAG	31123
TCTAT	39766
TCTCA	76518
TCTCC	159965
TCTCG	125664
TCTCT	210460
TCTGA	72709
TCTGC	142567
TCTGG	79067
TCTGT	133598
TCTTA	24742
TCTTC	199267
TCTTG	87539
TCTTT	132813
TGAAA	87386
TGAAC	63053
TGAAG	94443
TGAAT	53054
TGACA	61904
TGACC	37159
TGACG	61688
TGACT	49942
TGAGA	75860
TGAGC	48859
TGAGG	67971
TGAGT	50838
TGATA	26913
TGATC	33776
TGATG	51659
TGATT	41368
TGCAA	70180
TGCAC	82241
TGCAG	120625
TGCAT	105320
TGCCA	59653
TGCCC	51919
TGCCG	73834
TGCCT	86763
TGCGA	73121
TGCGC	78290
TGCGG	70305
TGCGT	92276
TGCTA	27654
TGCTC	83737
TGCTG	98130
TGCTT	92589
TGGAA	86221
TGGAC	61047
TGGAG	96433
TGGAT	51203
TGGCA	59287
TGGCC	42827
TGGCG	71383
TGGCT	56346
TGGGA	46028
TGGGC	40182
TGGGG	49248
TGGGT	38438
TGGTA	30868
TGGTC	45009
TGGTG	64138
TGGTT	49234
TGTAA	33305
TGTAC	57163
TGTAG	48071
TGTAT	73401
TGTCA	61220
TGTCC	66871
TGTCG	91939
TGTCT	133131
TGTGA	66719
TGTGC	86600
TGTGG	75093
TGTGT	117429
TGTTA	26347
TGTTC	88493
TGTTG	76268
TGTTT	113056
TTAAA	26512
TTAAC	20423
TTAAG	18177
TTAAT	16378
TTACA	33320
TTACC	27462
TTACG	25622
TTACT	25704
TTAGA	24464
TTAGC	19496
TTAGG	19521
TTAGT	17773
TTATA	23768
TTATC	27896
TTATG	26001
TTATT	28995
TTCAA	65793
TTCAC	82717
TTCAG	87073
TTCAT	63318
TTCCA	86776
TTCCC	84274
TTCCG	80157
TTCCT	129124
TTCGA	82917
TTCGC	106481
TTCGG	63335
TTCGT	99462
TTCTA	39575
TTCTC	180989
TTCTG	125770
TTCTT	161546
TTGAA	65558
TTGAC	53409
TTGAG	57920
TTGAT	42408
TTGCA	70256
TTGCC	69729
TTGCG	66142
TTGCT	78249
TTGGA	54206
TTGGC	48463
TTGGG	37216
TTGGT	43671
TTGTA	39216
TTGTC	84715
TTGTG	76344
TTGTT	80611
TTTAA	26242
TTTAC	39763
TTTAG	29715
TTTAT	43201
TTTCA	88179
TTTCC	125955
TTTCG	107735
TTTCT	177741
TTTGA	65808
TTTGC	91599
TTTGG	54034
TTTGT	96466
TTTTA	41626
TTTTC	165705
TTTTG	90393
TTTTT	151420
