	sarscov_docker
AATAGC	N
ACTTTA	N
CAATTC	N
ATCCCC	N
GGACAA	N
GGAGTA	N
ATGACC	N
AACTGG	N
CAAACA	N
TATTAA	N
ATTTCA	N
ATCCTA	N
ATTGAG	N
AATGTA	N
ACTCCT	N
AGGCAA	N
GTGGGA	N
TAGGCA	N
CACATC	N
ACTCCG	N
GTTGTA	N
GGGGAC	G
ATAATA	N
GGCTCA	N
AAAGGT	N
CTGGAA	N
ATAGTA	N
CATCTA	N
AGCATA	N
GCCTAC	N
AATCCC	N
CAACAG	N
AGATTA	N
CAGATC	N
TAATGA	N
CATTAC	N
ACGCAG	N
GTTAAC	N
CAGGCA	N
ATCATC	N
GTATAC	N
TCCTAA	N
CTTTGC	N
AGGTAC	N
TCTGAA	N
TGCCCA	N
CGGGCA	T
ATGTAA	N
AATGAC	N
TCTGCA	N
ATCAAG	N
AGTGGC	N
GCTCGA	N
CCCTTA	N
CTATAG	N
AGTACG	N
AACACC	N
GAAACC	N
TAGACA	N
CGTTTC	N
ACTCCC	N
AGAACA	N
ATTCTC	N
CTATAC	N
AAATAT	N
AAACCC	N
AGGATG	N
GAAAAA	N
GGCCAA	N
CCTTAC	N
CTCGGA	N
CGTACC	N
GCGGAC	N
AGGGAA	N
CACTAA	N
GCTCAC	N
CTTCTA	N
ATGCTG	N
ACGGGC	T
GGTGAC	N
CGGGGA	T
ACACTC	N
CCTTGC	N
GGGAAC	N
GGCCAC	A
GAGTAA	N
AGGAGG	N
CAGAGC	N
AGATAG	N
AGCCAC	N
ACAACT	N
AAGAAG	N
ACGTGC	N
CAACCC	N
ACGACG	N
CTACAG	N
ACCGGG	N
AGGCAT	N
GAAGGA	N
ATCGGA	N
ACATCT	N
TCATAA	N
AACATC	N
AATAGA	N
ATCATG	N
CTGGAC	N
TCATGA	N
ATGGGA	N
ATATAG	N
ACATAC	N
CCAGAC	N
CTAACA	N
AGGCGG	N
CAGGAA	N
CGCATA	N
AAAACG	N
CAGAGG	N
CCCCCC	A
AACCGC	A
ACGACA	N
ACCTGG	N
AATCGA	N
ACATAA	N
ATTATC	N
AACAAT	N
GAGAGC	N
ATGTGG	N
AGACTC	N
AGAGCT	N
GAACAC	N
ACTCTC	N
ATGAAA	N
CTCTTA	N
CGGGAC	T
AAGGGA	N
AGAACG	N
AGAGAC	N
CTGCTC	N
ACGCAT	N
AACGAA	N
ATTGTG	N
AAGATA	N
ATTCCA	N
TACACA	N
ACAGAT	N
ATTGTA	N
AAAATG	N
GACGGA	N
AATCAA	N
CTTTAA	N
CATTGC	N
AAAGAT	N
TAGCTA	N
ACGTAA	N
GAGTCA	N
AAGTTA	N
AGGGAG	N
ATCATA	N
CAAATG	N
AGTAAC	N
ACTTCT	N
CCCCAG	N
CAGCAG	N
AGTAGC	N
TAAACA	N
CACTGC	N
CTTCTC	N
AAGTGA	N
CCGAGG	N
ACATAT	N
CGGACC	A
CATCCC	N
CAAAAC	N
AGTCAT	N
ATACCC	N
ACTTGA	N
ACCATG	N
TAAATA	N
CGCGCG	A
GTGTAA	N
CGTGTA	N
CTACGC	N
ATAGAG	N
ACTATG	N
ATATCC	N
CGCAGC	N
CAGGGG	N
GGACCC	N
ATATAC	N
GGTAGA	N
ATAGCA	N
TCGGCA	N
AAGCCG	N
GTGCTA	N
CAAATA	N
CACGCC	N
CAGCTC	N
CAAGGC	N
GCTGCA	N
AGGAAT	N
CATGGG	A
GTTCGA	N
CCTATC	N
TATATA	N
GCGCCA	N
ACTTAC	N
GTGACA	N
CCCTAC	N
AAGCAG	N
AGCAGA	N
CAGTGG	N
CGAACA	T
CATGAG	N
CATATG	N
CAACGC	N
AAGGGT	N
CCGATA	N
TCGCAA	N
AACTAC	N
GGCAGA	N
ACTTGC	N
AACTGA	N
TGACCA	N
ATGTTC	N
ACCGAG	N
GTAGAC	N
GCCGGC	T
AATGTG	N
TGTACA	N
ACTCAC	N
ACAGCG	N
CATTCA	N
CGCAAC	N
AATAAG	N
ATCCGC	N
ATGAAG	N
CTGACA	N
GAGGGA	T
GGTCAA	N
CAAAGC	N
CCATTC	N
CACGCG	N
CACCTC	N
GTAGTA	N
CGCGAA	N
AGAAAT	N
AAGAGT	N
CTTATA	N
GATTGA	N
GCAGAC	N
AAGTGC	N
GTCGTA	N
TGATAA	N
CGACCC	A
GAGAGA	N
GTGCAC	N
TTCCAA	N
AACGTT	N
ACTGCG	N
CGGACA	N
GAAAGA	N
AGTATC	N
TTACAA	N
AATGCC	N
AGAAAG	N
GCACTA	N
TCCCGA	N
CCTTAG	N
AGTCGG	N
CAAGGA	N
GTGAAA	N
GCGACC	N
CGTTGC	N
AAGAAC	N
ATAGAT	N
CAGACC	N
CCAGAA	N
TAGCCA	N
GGTAAA	N
CACACA	N
TGTGAA	N
TAGCAA	N
ATCCAC	N
ACTCAT	N
AATTAG	N
AACTAT	N
ATGGAG	N
AACGTG	N
CTTGGC	N
AGGTGG	N
AGTGCA	N
ATGAAC	N
ATGATG	N
CCTCCC	N
GCGCAC	N
AATTGC	N
ATAACA	N
ATTTTC	N
CCTGCC	N
CTGCTA	N
ACTCCA	N
AGGTAA	N
ATCAAT	N
CCACAA	N
CAGTGA	N
CCCTGC	N
CACGGA	N
GGGTGA	N
AAGAGG	N
AGGAAG	N
CTACCC	G
CTCCTC	N
CGTCCC	N
ACCAGG	N
ACCCCC	N
CCTTCC	N
ATTAAC	N
CTATCA	N
AATGTC	N
ATCCGA	N
ATATCA	N
CACTGG	N
ATTTGG	N
ACAAAT	N
ATTGTC	N
ATTGGA	N
CTTCCC	N
ACATCC	N
ATTCCC	N
CCGAAG	N
CAAGGG	N
GCACAA	N
CATGAA	N
CAGTAA	N
ACCCCT	N
GGGGCA	N
AGCCTA	N
ACCTCA	N
AACTGC	N
ATCAGA	N
CCGGAA	N
AATTAA	N
CCTAAA	N
TCTAGA	N
AAAGTG	N
CGAGGC	N
AGGGTC	N
TAGTGA	N
AATCAG	N
AGAACC	N
ATTCAG	N
AATGCA	N
CCCATA	N
CGTTCC	G
AAACAT	N
AATCTA	N
GCTTGA	N
AGGCAC	N
CAGACA	N
CAGAAG	N
TGACAA	N
ATGCAT	N
GCCATA	N
GGAGAA	N
AGCATG	N
CTTCAA	N
AAAAGC	N
CGTAGC	N
AACTCG	N
CGGACG	A
ACCAGC	N
TGCGAA	N
GGGCGA	C
AATTCA	N
AGCTGA	N
CATCTC	N
CACCCG	N
AATCCG	N
GCACCA	N
AGCCTC	N
AGCGTA	N
ATAACC	N
GGGGTA	N
AACAGC	N
GGTTCA	N
CCAAAA	N
GTCCCA	N
ATAATC	N
CCTTTA	N
GATCAA	N
AGATTC	N
AGTTCA	N
ATACAC	N
ACGGCG	G
AGAATA	N
TACTAA	N
AGCCAA	N
ATTACA	N
GTCGAA	N
CTTGCC	N
CTACTC	N
ATCCAA	N
GCAGAA	N
AAGATT	N
CTAGTA	N
CATAAG	N
GACCCA	N
AAAAGT	N
ACCCAG	N
AACATA	N
ATCAGC	N
CACGCA	N
AATTAT	N
GTCCTA	N
ACGTCA	N
ACCGAC	A
TCCACA	N
GCGATA	N
GACAAC	N
AATACC	N
GGCAAC	N
CGAGTA	N
AATTTC	N
ACGGCA	N
CTGAAA	N
ATTTTG	N
GTTACA	N
CCCTAA	N
ACAGAC	N
AGACAA	N
ATCTTG	N
AAGAAT	N
CAGTTC	N
GAATAA	N
ACAATA	N
ACAGCA	N
AAGTAT	N
AGGAAA	N
CTGAAC	N
ACCAGA	N
AGTTTA	N
AATTTG	N
CACTAC	N
TGTCAA	N
GATCCA	N
CACTCC	N
GATTAC	N
AGTTAA	N
ACAGTC	N
CGACAG	N
ACAACG	N
AAATTT	N
CTAGTC	N
GAATGC	N
AAGACA	N
CCTATA	N
AGAGGA	N
CATAAC	N
CGAAAA	N
CACTAG	N
ACTCGC	N
AGGTTC	N
AGTGCC	N
GACATA	N
AAGGGG	N
ACAGTA	N
AAGCAA	N
GAACCA	N
GTCGCA	N
CGGTCA	N
AACAGG	N
ACTAGT	N
CCTGCA	N
GCATAC	N
CCTGTC	N
GAGGCC	A
TGCTAA	N
ATACAT	N
ACCATA	N
AAGAGC	N
AACGCA	N
AGTTAT	N
AGCTAG	N
AAGTAA	N
GGTACA	N
CTTGTC	N
CTCCCA	N
AAAGTA	N
AGTGTG	N
CACGGG	N
GACGAA	N
ACCCTC	N
ATGTCG	N
GGTTGA	N
CCACTC	N
AACCTT	N
CCACAG	N
CCGACA	N
CATTAA	N
CGTATC	N
GACTGC	N
ACAAAC	N
CAAACC	N
ATTATG	N
AAGAGA	N
AAACCT	N
AAAGCT	N
AAACTA	N
CAAGCC	N
ATCTAA	N
AAGCGG	N
ACTAGG	N
CGAAGC	N
AGTCGC	N
CATTAG	N
AGGGCA	N
GGTCAC	N
AGTCAG	N
ATCCCA	N
AGCCAT	N
AACCTC	N
ATCGCA	N
AAACAG	N
CTGGCA	N
CCGAGA	N
CACCCC	N
AGCGTG	N
CACATG	N
ATCACA	N
GGACTA	N
GTCACA	N
ACGACC	N
CTGTGA	N
CTAACC	N
GATATC	N
AGGACC	N
AGTGTC	N
AGCTTG	N
AAGACT	N
ATTGGC	N
ATTTAA	N
CATACA	N
CAAGTA	N
CCATGC	N
GGACAC	N
GATGGC	N
GGTCTA	N
CAGATA	N
ATCCAG	N
GCTCAA	N
AGAATG	N
AAATTG	N
GCCTAA	N
GTCATA	N
AAGGTG	N
AACCGG	N
CCTTCG	T
CACGAC	N
AGTAAG	N
CGCACG	G
TGGTAA	N
AACGAT	N
CTCAGA	N
CTTACA	N
AGTCTA	N
AGAGAT	N
CCACGG	N
CAGAAA	N
CGAACC	N
ATCTCG	T
ACTAAC	N
AAACGT	N
ATTGCG	N
AGAGCG	N
TGCACA	N
CACGGC	N
AAAACT	N
GACACC	N
AGAAGA	N
AGTGAA	N
ATTAAA	N
CATCAC	N
GCAGGC	N
CAGTAC	N
AGAGTG	N
AAATTA	N
TGGACA	N
CTTATC	N
GTAGCA	N
CATACC	N
AAAAAC	N
CCAAAC	N
AAGTCC	N
GACCTA	N
ACTTCC	N
CCGTAA	N
ACCAAT	N
CGATAC	N
TCGCCA	C
ATCGTG	N
GGTGTA	N
CGAAGA	N
AGAGTA	N
AGATAA	N
CCATAC	N
ACCCTA	N
AGAACT	N
CTCTCC	N
ATCTTC	N
ATTTAG	N
GTAAAC	N
GGGCAC	N
CGTCGA	A
AAGTCT	N
GATTTA	N
GCTACC	N
ACTTAG	N
AACTTG	N
ATGCCA	N
ACTTCA	N
CACTCG	N
AGTACA	N
CACCTA	N
GAGGGC	N
AGGCCT	N
GATGGA	N
AAACCA	N
GGAGCC	A
ATTCCG	N
CTATGC	N
GACACA	N
CTGTAC	N
CCCCAC	N
CCCCTC	T
AAATCT	N
GTATAA	N
AGCTTA	N
ATAAGG	N
ACTGTC	N
GGTTTA	N
CGTCAC	N
AAAATA	N
AAAGAG	N
GGTTAC	N
AAATCG	N
CGAAAC	N
GCGTAA	N
GCCTCA	N
CTGGTC	N
ATACTG	N
ATACGA	N
AATGGC	N
ACTGAG	N
CAACGA	N
CCTGGA	N
CCACTA	N
CCGCTA	N
TGTAAA	N
ATCCAT	N
GGAGAC	N
AAGGAG	N
ACGAAC	N
ATCGCG	N
AGTAAA	N
TACGTA	N
GTTGAA	N
GTGGCA	A
CCACCC	N
ACCACC	N
CGAAAG	N
CACCGC	N
AAGGAA	N
CTTCCA	N
CCCCCG	N
CATAGG	N
CTCCAC	N
AATAAA	N
GTCCAC	N
AACCGA	N
AGGGAC	N
CGGAGA	N
GGCTGA	N
GTTGGA	N
AAATGG	N
GCGGCC	T
AATTAC	N
ACCACG	G
TGTTAA	N
GACGAC	N
CAAGTC	N
GATAAA	N
AACATT	N
GACATC	N
GCATGA	N
CAACTG	N
TGAAAA	N
CGCCTA	N
GATGCA	N
AAGTAG	N
CGATGC	N
CTTACC	N
ACTGAT	N
CTTTGA	N
ATAGCC	N
AAACTT	N
GCAACC	N
GGAATA	N
AGCCCT	N
CGAGGA	N
AGAATC	N
ATCAAA	N
GTCAAC	N
CTTGGA	N
GCCTTA	N
CACAAG	N
ACAAAG	N
GGCTTA	N
ACACAC	N
GATCGC	G
GTTCCA	N
CAGATG	N
AATATG	N
CAATCC	N
CGGGCC	N
TCAGGA	N
CCCTGA	N
TGAACA	N
GCCAAA	N
GACCGC	G
AAACTC	N
GGGACA	N
CGTGAC	N
CTTCAC	N
ATGCCC	N
ATTCAA	N
CGCCCA	N
GTGCCA	N
ATGGAC	N
ACGTGA	N
GCATCC	N
AAAGCA	N
AACCCA	N
CGCTCA	N
CTCCTA	N
GAGGTA	N
AACATG	N
ACTGCT	N
CCACAC	N
ATGATA	N
AAATTC	N
TCGTAA	N
ATAGGA	N
ACGCTA	N
GAGGAA	N
GTCTTA	N
CCAACC	N
GAAGTC	N
ATTTAC	N
GAGATA	N
TACCAA	N
ACTCGG	N
GTTGCA	N
AGCAAG	N
AATCCT	N
CGGAAC	G
CACAGA	N
ACACGT	N
AAAATC	N
AAAGGA	N
GAACAA	N
AGATGA	N
AGACGG	N
ACGTCC	T
GACGTC	A
GCGGAA	N
ATGGGC	N
GGCGCA	N
CGCGTC	C
CTGCAA	N
AAGTAC	N
CGCGAG	N
AATTCC	N
CCAACA	N
CCTAGC	N
ATTCTA	N
ATAGAA	N
AGCGAC	N
TAGAAA	N
ATTAGG	N
CCTACA	N
AGATCT	N
GCGCGA	N
CCGTTC	N
AGTTTC	N
CCAAGA	N
AGACCA	N
CGAGCA	T
CCCAGG	N
GATTCA	N
AGGTCG	N
CAACTA	N
AGTATG	N
CACCTG	N
CAGTTA	N
CTAGAC	N
ATACAA	N
ATGTGA	N
TCCGCA	N
CGTTAC	N
CAAGAG	N
AAGCTG	N
AATATT	N
GCTAAC	N
CCGTGC	N
ACCGCC	N
ATCGAT	N
AAATGC	N
ATATTG	N
AGAGCA	N
CTCTGC	N
TACTGA	N
GAGCCC	G
ACCGCT	N
ATGTCC	N
GACCCC	A
AACGAC	N
CCTACC	N
CGTGGA	N
ACAGGT	N
AGCCCG	N
CACGTG	N
AGGGGA	N
AGCGGC	N
GTTTAA	N
AAGGTA	N
ACTACA	N
AATGGG	N
CCTGAG	N
TCCAGA	N
CCAATC	N
CGTAGA	N
AGGCCA	N
ATGAGG	N
AATTGG	N
ATTTCG	N
CTGGGC	N
CCCGAG	N
GGTACC	N
ACGAAA	N
CGTTCA	N
CTAAGC	N
ATGGTG	N
ACCCAC	A
ATCACC	N
AATAAC	N
GACCAC	N
ATAATG	N
CGTATA	N
ACATTA	N
ACGTAC	N
TACCTA	N
ATACGC	N
ATGGAA	N
AGCACA	N
CCCGAC	N
AGTACC	N
ATCCTC	N
TACATA	N
GCTCCC	A
CCCAAA	N
GGCCTA	N
AGATGC	N
GGACCA	N
CTCGAG	N
CTAAGA	N
CATCCG	N
GGTAAC	N
ATAAAC	N
GCCCAC	N
GAAGCA	N
CGTTTA	N
CTTTAC	N
AAATCC	N
AGGTAG	N
GCTGAC	N
ACTTAA	N
GAAGGC	N
CCTTTC	N
ATAGGG	N
GGTGCA	N
CTCTAA	N
ACTGCA	N
ACCTTA	N
AGTCTC	N
GGGTAC	N
TACTCA	N
GATATA	N
CCTCAA	N
CAACCA	N
GCTGGA	N
AATTGA	N
ACCTGC	N
CGGGTC	A
AGCTAA	N
GTGATA	N
GTCTCA	N
CCCTAG	N
CTCACC	N
AACTCT	N
AGCTCA	N
CCTGTA	N
GGGCCA	N
CCCCGA	N
GGGTAA	N
CTCGGC	N
ATTTGC	N
AAGGAT	N
GATCCC	T
AGCACG	N
ATTGAC	N
GCGTTA	N
CCGGGC	N
GCGCTA	N
CCTTGA	N
ATGACG	N
GAGTGA	N
CCAGCA	N
AGCCCA	N
CGCAAG	N
GGAGCA	N
CCATCA	N
CAAGCG	N
CTCTCA	N
AGTCCA	N
AGCGCA	N
CATTCG	N
CTTCGC	N
AATCGG	G
CACGAG	N
CTGATC	N
CTGCCC	N
AAGTTC	N
GGCATA	N
AAGCTC	N
ATCGCC	N
TACGGA	N
AACACA	N
AAAGTC	N
AACCAC	N
CACTTA	N
CGACGC	A
GCATGC	N
AGCAAA	N
TGCCAA	N
ATCGTA	N
GCCGAC	T
AAAGCC	N
GCCGCC	N
GACTAC	N
CATATA	N
ATATGA	N
CGCTCC	N
GTTAGA	N
GAGCGA	N
GCTATA	N
CTAATA	N
GAGACC	A
CACCCA	N
TCAGAA	N
GAATCC	N
CCAGCG	N
AGGCCC	T
AATACG	A
GTTCTA	N
AGCGGG	A
GCGGCA	N
AATATC	N
ATACAG	N
CATGTA	N
ACGTTC	G
AATTGT	N
TACCGA	A
GTGGTA	N
CGACGA	T
CGCAAA	A
GAACCC	N
CCCAGA	A
AGTCGA	N
CAGCGG	N
ACAAAA	N
ATCCTG	N
CTGATA	N
AATACT	N
ACCGGC	N
AGCTTC	N
ACAAGA	N
GTATTA	N
AGATCC	N
AATGAT	N
GCCAGC	N
CTCTAC	N
ACGGGA	N
CCGAGC	T
AGCGAA	N
CGGATA	N
ATCTGG	N
CCCGTA	N
CCGCAC	N
CAGTCA	N
CAAAGA	N
AGCGCT	N
TAAGCA	N
GTCTAA	N
CCGCCC	G
CTCAGC	N
GCTGCC	N
CAGCCA	N
ATGCAA	N
CCGGTC	N
ACACTA	N
CGAACG	A
ATATTA	N
GGGATA	N
CAATCG	A
ATTGAA	N
CATTGG	N
CCAGGC	N
AAAGCG	N
CGCGCC	A
CTCAAG	N
CTGAAG	N
CTACCA	N
CGTGCA	N
CGGCGA	N
CGCTGA	N
CGGCCC	C
ATTCGC	N
AGCTGC	N
ACGATC	C
GAACGC	N
CATCGG	N
ACCCCG	A
TCTCCA	N
ACGCTC	N
AATTTA	N
GACCGA	A
GCCGCA	N
CTGGTA	N
CGGAAG	N
CCGCGA	N
ACGCCC	A
TCACGA	N
AACGGG	N
AAATCA	N
GTACAC	N
AACAAG	N
TATCCA	N
ATATGG	N
CGCTAG	N
CCATTA	N
CATCCA	N
ACCGAA	N
TAACCA	N
CCCTCA	A
CCGGCA	A
GGGGAA	N
AACGCG	A
ACGGGG	A
GGATGA	N
CTAAAA	N
AGTCCC	N
CCAGGG	A
ACCTAT	N
CACGTC	N
ACTAAG	N
CTCGAC	N
AGCCTG	N
CCCAGC	N
ACCTCG	N
GAGCTA	N
ACGCTG	T
GCCTCC	A
GGTCGA	G
CGCCCC	G
ACATTG	N
GTCAGA	N
AGAGTC	N
ACGCGT	G
TTGAAA	N
ATCCGG	A
CCTGAC	N
GAGTCC	N
CGTTAA	N
CGGTAC	G
GACCTC	N
ATCTCC	A
CGCCAC	N
AGTTGG	N
CGGATC	N
AACCGT	N
ACGGCT	N
CAGGTA	N
GACTCC	N
CATTCC	N
ATTTGA	N
CGGAGC	N
AGCACT	N
CGGAAA	N
GCGCCC	N
CCAAAG	N
AGAGCC	N
AGTTGC	N
ATGTTA	N
TAAGTA	N
GCTAGA	N
TCAAGA	N
GCTAGC	N
AGAAGG	N
AGTGGG	N
GAGATC	N
AAAGGG	N
ACATGA	N
ACCAGT	N
CTTTTC	N
AGTTTG	N
CCAATA	N
GGCTAA	N
CGCTAC	N
CAATGA	N
AATCTC	N
AAAAAT	N
ATAAGA	N
AGACTG	N
ATATAA	N
ATGCGG	G
GCAGCC	T
CCGGCC	T
AATCTG	N
GAACGA	N
ATATTC	N
GAGCCA	N
CAGTCC	N
ACGTTA	N
CACAAA	N
CCGCAG	N
ATTAAG	N
ACCGTA	N
ATTACC	N
CTCGTC	N
CTCCCC	T
CACCGG	N
ACGCGG	T
CGGTAA	N
GTAATA	N
ACGGTC	G
CCGGTA	N
CAATAC	N
ATCTTA	N
AGCTAT	N
AAGCGC	N
ACACCG	N
AGCGGA	N
GGATAA	N
CACGTA	N
ACGCGA	N
CCTCGC	G
GCTAAA	N
ACCAAC	N
CCCTCG	C
AGCGCG	N
ACAGCT	N
ACGAAG	N
CGTCTC	N
GGCGTA	N
AGTGCG	N
ATCGAC	N
AGCTGG	N
CACCAA	N
GCAATA	N
CACATA	N
ACTACT	N
TCGAGA	A
TAGTCA	N
CCGAAC	N
TATACA	N
AACTTC	N
ACGAGC	N
CTTGAA	N
AATGGA	N
ATAGCG	N
ACGCAA	N
CCTCAC	N
CAAGCA	N
CCTGCG	N
CGTCTA	N
GGCGGA	N
CAGGGA	N
GAGAAA	N
CGATTA	N
AGAGAA	N
AACCTG	N
ACCTAG	N
ATATCG	N
TTGCAA	N
AGACCC	N
AATGCG	N
CCATGA	N
CTGCGC	C
GGAACA	N
CCACCA	N
ACTCAG	N
GAATGA	N
ATTCGG	N
ACAACA	N
CCCAAG	N
GGCCCC	N
AAATGT	N
CGCCTC	N
CTATTC	N
CCTAGG	N
TCCAAA	N
AAGGAC	N
GGGCTA	A
CTCCGC	N
GCGTAC	C
CTTAAA	N
AAAAAA	N
ATAGAC	N
ATGGCG	N
TCATCA	N
GGGAAA	N
GCGGTA	N
CTACGA	N
AGATAC	N
GGAAAC	N
ATACGG	N
GAATTC	N
GTCGAC	N
GTACCA	N
GATAGC	N
AAATAG	N
AAGCAC	N
ATCGGC	N
AGTTGA	N
ATACTC	N
AAGCGA	N
GGACGA	N
ACGTAG	N
GTCCAA	N
GATCAC	N
ATGCGA	N
GCAACA	N
ATGACA	N
AACCAA	N
TAACAA	N
ATGCAG	N
AACGAG	N
AGTCCG	N
GCTTTA	N
AAGGTC	N
ACACGA	T
ATGCTC	N
CCTGGC	N
CCGTCC	T
AATAAT	N
CATACG	N
CAGTGC	N
GCCACC	A
ATCTGA	N
CATGCA	N
CGCCAA	N
CAGTAG	N
CATAGA	N
ACGCCT	N
AAAGAC	N
CAAGTG	N
GATAGA	N
GACTTA	N
AGTCAC	N
CATGGA	N
CTGCGA	N
GAGCTC	N
CCTAGA	N
AACGCT	N
ACGTGG	N
CGAGAC	N
AATTCG	N
AGACGC	N
CCTACG	N
GTACAA	N
CATTTA	N
GTGGAA	N
AGCAGC	N
AAGTCG	N
CTGTCC	N
ATTGCC	N
TCACAA	N
ACCGCG	N
CACCAG	N
CGCTTA	A
CCAGTC	N
ATTACG	N
CCTCCA	N
ATCGAG	N
AGGGAT	N
GGCGAA	N
CGGCAC	N
GCCACA	N
ACATCA	N
ACTAAA	N
CTCCAA	N
AGGACT	N
TGATCA	N
AGGATA	N
AGGCTA	N
CTAGGA	N
GAGGCA	N
AGGACA	N
ATCTGC	N
CGTAAA	N
ACTACC	N
GCCCGA	C
AACGGA	N
AGCCCC	N
AGGAAC	N
CCGTTA	N
TAAAGA	N
GCCAGA	A
CGCACA	N
AATCAC	N
CATGCC	N
GACAGC	N
CTTGAC	N
GCAAAC	N
CTAGAG	N
AGGGTA	N
CTCGCA	N
CTGAGC	N
ATATGC	N
GTATGA	N
AACACG	N
CGGTTA	N
CGGTGA	N
CCCCTA	N
GCCGAA	N
ACCGAT	N
ATGTCA	N
ATCACG	N
CGCGAC	N
CACCGA	N
GACAGA	N
AAAATT	N
GTAGGA	N
CGCGGC	N
CCATCC	N
ACGAGG	N
GCGAGC	N
AAACAA	N
AATGAG	N
CGTCAG	N
CTCAAA	N
ATAACG	N
AGGTCC	N
CGACCG	A
CGCTAA	N
CAGGCG	N
ACGTCG	N
ACTGTG	N
GTTTCA	N
AATCGT	N
AGACGA	N
GCACCC	N
ACTGGA	N
AATAGT	N
AGGTCA	N
GGATCA	N
ACGATA	N
CTGGGA	N
CACGAA	N
TAAGGA	N
CCGACC	T
CGATCA	T
CCCGCA	N
ATGTAC	N
AACAGA	N
ATATAT	N
CTATGA	N
CGTGGC	N
GCACAC	N
CTCTTC	N
CCTTAA	N
ATTTTA	N
TAGATA	N
AATGGT	N
CCCGCG	N
CCCCAA	N
ACAGGG	N
ACAGCC	N
ATACCA	N
CGTGTC	N
ATCAGG	N
CCCAAC	N
CATGTC	N
CCTCTA	N
ATACCG	G
TCTACA	N
CTAAAC	N
GCTGAA	N
GCGAAA	N
AGAAAC	N
CTCCAG	N
CTGCCA	N
ACACAA	N
AACCCG	N
AAAAGA	N
CGTTAG	N
TAGTAA	N
ACTAGA	N
AGATCG	N
AGCGAT	N
CTGCAG	N
CAACAC	N
GGGAGA	N
CAGCGC	N
ACATGG	N
CCAACG	N
GCGAGA	N
AGCTCC	N
AGGTGA	N
CCGTAG	G
TATCAA	N
GGTATA	N
CCAGAG	N
ATGATC	N
ATCTAG	N
ATGCGC	N
CCCTTC	N
ACCCCA	N
TAATCA	N
ACGGAT	N
GCGCAA	N
AGTGAG	N
CGGGTA	N
GGCGAC	N
AAGCCA	N
ACCTCT	N
ATCCCG	A
AATACA	N
CAAGAA	N
GCATCA	N
GACTAA	N
CTCAAC	N
ACAATC	N
TAACTA	N
GAACTA	N
CGTCAA	N
GGTGAA	N
AGTGAC	N
GCCGTA	N
ACTACG	N
AGGTAT	N
ACACAG	N
GACGTA	N
GATGTA	N
ACCTAC	N
CCCACC	A
CGAATA	N
GGTGGA	N
ACATGC	N
TGAGAA	N
CATAGC	N
CACTCA	N
GCCGGA	N
AACTTA	N
AATCAT	N
AAGGCT	N
AGCCGA	N
CAAAAA	N
TAAGAA	N
CGACTC	N
CGTTGA	N
GATGAC	N
ATAGGC	N
CAGACG	N
CTCATC	N
GATCGA	T
CCCGTC	N
AGGCTG	N
GAGGAC	N
CAATCA	N
ACCCGC	N
CGTACA	N
ACACCC	N
AATATA	N
GCACGA	N
CCAGGA	N
ACGCGC	N
CATGGC	N
AACTCC	N
GAAAGC	N
CTGTCA	N
GACGCC	N
GGATTA	N
CTTAAC	N
CCAAGG	N
AGATAT	N
CCGCTC	N
TCTTCA	N
ACTGAA	N
CAAAGG	N
ACGGAG	N
CAGAAC	N
ACTATC	N
AAAGAA	N
GCTTAC	N
CGAGTC	N
TCTAAA	N
ACTATA	N
CAATAG	N
AGGGTG	N
GATTCC	N
CAGCTG	N
CCTAAC	N
CTTCGA	N
GTGTTA	N
GCCCTA	N
CAGGAG	N
CCAGTA	N
AGTAAT	N
CGGGAA	T
CATGAC	N
CTCGTA	N
GCGTGA	G
CGCCAG	N
TAGGGA	N
CACACG	N
ACTGCC	N
AAACGC	N
CTTTTA	N
ACCAAG	N
CGAGAG	N
CTTAGC	N
AGGGGC	N
AGCAAC	N
ACTTGG	N
GTGAGA	N
GGAAAA	N
ACCATC	N
GACTGA	N
ACCCTG	N
CGACAC	N
AAAGGC	N
AAGCAT	N
CGCCCG	A
CGAGCG	A
GAGTTA	N
GAGTGC	N
ATGGGG	N
AAGCGT	N
ACTCTA	N
TACCCA	N
CTATCC	N
CACACC	N
CTAGCC	N
ACCAAA	N
AAGACG	N
GCCCAA	N
ACAGTG	N
CGAATC	N
ACACAT	N
CTAGGC	T
AAGGCC	N
TATTGA	N
GGGACC	N
CCGTAC	N
AAACTG	N
TGAGCA	N
AGGTTA	N
ACTGTA	N
CAGCCG	N
ACCCAA	N
CCACGA	C
AGTCTG	N
AGCCAG	N
TCTCAA	N
TGGGAA	N
CTCATA	N
ACGCCG	A
GTTTGA	N
GACAAA	N
GATTGC	N
CTACAC	N
AACGTC	N
AAACGG	N
ACACGG	N
AGTGGA	N
CGTCGC	A
GTAGAA	N
GCGACA	N
CAAATC	N
ACCTTG	N
CAATTG	N
AGTTAG	N
AACCCT	N
ATGGTA	N
ACCCGG	T
ACAAGT	N
TCTTAA	N
CTCGAA	N
CTGTAA	N
GTTAAA	N
CGGCCA	C
ACAGAA	N
GATACA	N
CAACTC	N
ATGTTG	N
AGCAGG	N
AGTTCG	G
CTTTCA	N
TATGCA	N
TTCAAA	N
GCTACA	N
AAGCCT	N
ACTCAA	N
ACGATG	N
ATGCAC	N
CGAGCC	N
CCACCG	N
CGTAAC	N
TGCAAA	N
GCTTCA	N
GTGAAC	N
ACCGGT	N
GCCCCA	N
AAAACA	N
ACCCGA	A
GACTCA	N
ATCTAC	N
CAGAGA	N
CAGCAA	N
CGAGAA	N
CGCGTA	N
ATAAGC	N
AGCTCG	N
CTACTA	N
ACGGCC	T
GATAAC	N
ACTAGC	N
ATTCTG	N
AGCGAG	N
AACTGT	N
GCAAGA	N
ATCGTC	T
GCAGCA	N
AGAGGC	N
TCGAAA	N
AGTTAC	N
CGTGAA	N
CTTAGA	N
TGGAAA	N
ACGCAC	N
CATCAA	N
GGGTCA	N
CTAGAA	N
GAGAAC	N
CAGCCC	N
ACCTCC	N
ACGGTA	N
AGGAGC	N
ATCGAA	N
AGCACC	N
CATTTC	N
GTCCGA	N
AAACGA	N
GCTGTA	N
ATCAAC	N
GTCAAA	N
AGTCAA	N
TAGGAA	N
GAAATA	N
TTCGAA	N
CTAGCA	N
ACATCG	N
TAATTA	N
GGAACC	N
ATGGTC	N
ACGGTG	N
CTTTCC	N
AAGTGT	N
GTATCA	N
GATCTA	N
CTGTTA	N
AGACTA	N
TGCGCA	N
ACGTCT	N
ACCTAA	N
AACCAG	N
GAGTAC	N
GCTCTA	N
ACATGT	N
TATGGA	N
CGTCCA	N
GGGGGA	A
GGCAAA	N
ACCACA	N
CAAGAC	N
GAAAAC	N
ACATAG	N
CCCGAA	A
ACACTG	N
GAAATC	N
GCGGGA	T
CCGTGA	N
TAGCGA	N
TTATAA	N
CAATGC	N
ATTGCA	N
AACGGC	N
ACTGAC	N
CCATGG	N
CCCCCA	N
GGCCCA	N
AGGCGA	A
TCCTCA	N
AGGGCC	N
ACCCGT	N
CAATAA	N
ACTCTG	N
AGATTG	N
AGGTGC	N
AATCCA	N
AAATAA	N
AACAAC	N
ACCCAT	N
GTTTTA	N
AACCTA	N
GCTCCA	N
ATCTCA	N
GTTCAA	N
ACAATG	N
AACGGT	N
CAGGGC	N
ATAAAT	N
CCCTCC	N
AGACAT	N
CCGACG	N
TCGGAA	N
ACCGTC	N
CGCATC	N
CCATAG	N
AGACAC	N
CATGCG	N
CTTGTA	N
ACAGGC	N
TACAAA	N
AACCAT	N
TCCCAA	N
CTGCAC	N
GTAAGA	N
AAGAAA	N
AAGCTA	N
CCTCAG	N
ATTGGG	N
GGATAC	N
ATGGCC	N
CGTAAG	N
CGCTTC	N
AGGCGC	N
AGCTAC	N
CTAATC	N
ATACTA	N
AAACAC	N
CGGTTC	N
ATTAAT	N
CTTAAG	N
AGGAGA	N
CATCAG	N
AGTGTA	N
GGCACA	N
GAATCA	N
GAGACA	N
AAGGGC	N
ATGAAT	N
AGAGAG	N
AATAGG	N
CACAGG	N
GTGTCA	N
GATACC	N
GAATAC	N
GATTAA	N
AGGACG	N
ACGGAA	N
GAGCAC	N
ACAAGG	N
GATGCC	N
AAGTGG	N
ACGTTG	N
ATGAGC	N
AAAAAG	N
AAACCG	N
CAGCGA	N
ATTAGA	N
GGAGGA	N
CAATGG	N
CAGGCC	N
ATGCTA	N
ACCTGA	N
GCCTGA	N
CGATGA	N
AAATGA	N
GTGCAA	N
CAGGAC	N
ACCGGA	N
CTACAA	N
CGGTGC	N
CACTTC	N
GAAGTA	N
AGCCGG	N
GATGAA	N
CGACTA	N
CCGATC	C
GGTTAA	N
AAGGCA	N
TATCGA	N
GCAGTA	N
AGGATC	N
AACGTA	N
ATTCAC	N
ACCACT	N
ACTTAT	N
AGGCAG	N
ATTTCC	N
TGGCAA	N
GCAAGC	N
AGGCTC	N
TAAAAA	N
TCACCA	N
CTAAAG	N
ATAAAG	N
AACTCA	N
CTATAA	N
GAACTC	N
CACCAC	N
CGACAA	N
GTAAAA	N
GCGTCA	N
ATGAGA	N
GCAGGA	N
ACCTTC	N
GACGCA	N
ACGAGT	N
CAACAA	N
AAGCTT	N
TCAACA	N
AACAAA	N
ATGCCG	N
ACACGC	N
CTATTA	N
AACTAG	N
GCGAAC	C
TAGAGA	N
ACTAAT	N
GTACTA	N
TTAAAA	N
ACACCA	N
ATGGCA	N
AAGTCA	N
CCACGC	N
CAGCTA	N
CTGACC	N
CCGTCA	N
AGTAGG	N
AACACT	N
CGCACC	N
AACCCC	A
CCGAAA	N
AGCATC	N
CAGTCG	N
GGCTAC	N
GAAACA	N
CCGGCG	T
AAATAC	N
CACAGC	N
GTCGGA	N
ACAACC	N
ATTAGC	N
GCATAA	N
AGCCGC	T
CATCGA	N
AGACCT	N
CCTCTC	N
AACGCC	N
ATAGTC	N
CAATTA	N
GAAGCC	N
AATGAA	N
TACGCA	N
TTAGAA	N
AAGATG	N
ACTTTC	N
TATAAA	N
GTACGA	N
TAACGA	N
TATAGA	N
CCAAGC	N
CTGGCC	N
AGTACT	N
TGGCCA	N
CTCGCC	N
CAAACG	N
GCCCGC	A
CGTGCC	N
AGGGCG	T
ACTTCG	N
AACAGT	N
CCTTCA	N
GAATTA	N
AAGATC	N
CAGGTC	N
CTGTGC	N
TAATAA	N
ACAAGC	N
AGTATA	N
AAGCCC	N
CAAAAG	N
CCTGAA	N
GTAACA	N
ACGCCA	N
AATCGC	N
CCCGGA	N
ACAGAG	N
AGATCA	N
CGTGAG	N
TACAGA	N
ACACCT	N
GCTTAA	N
TTTAAA	N
AAGACC	N
TCCGAA	N
GTGTGA	N
CCTAAG	N
AGTAGA	N
CACAAC	N
TCAGCA	N
ATAAAA	N
ATGTGC	N
ACTGGC	N
GACGGC	N
GAAGAC	N
GCATTA	N
AAAGTT	N
AACTAA	N
ATGTAG	N
ACCGCA	N
TACGAA	N
GCACGC	N
GGGTTA	N
ATTCGA	N
CAACGG	C
AGAGGG	N
ACCGTG	N
ACGTAT	N
CCCACA	A
GGCCGA	N
TCGTCA	G
TATTCA	N
CGATAA	N
TCGACA	N
CACTGA	N
ATTATA	N
CTCTGA	N
AAGTTG	N
GAGCAA	N
CAACCG	G
AATTCT	N
CGGCAG	A
AATGCT	N
GAAGAA	N
ACGACT	N
CTGTTC	N
GTTATA	N
AGCAAT	N
ATAGTG	N
ACTCGA	N
AAAACC	N
GGTCCA	N
GGCACC	N
TCAAAA	N
AGAAGC	N
CATATC	N
CGATTC	N
AGGTTG	N
AGACAG	N
ACTTTG	N
CCATAA	N
AGCGTC	N
CCGCAA	A
GGAAGA	N
CCAGCC	N
AGTGAT	N
GCCAAC	N
CGGCAA	N
AAAAGG	N
CAGCAC	N
TCCCCA	N
AGATGG	N
ACGAAT	N
GCAAAA	N
GTCTGA	N
CCGGAC	T
GGGCAA	N
CTGAGA	N
GCGTCC	T
GCTTCC	N
CTCACA	N
ACAGGA	N
AGTTCC	N
ACGAGA	N
CTTGCA	N
CATAAA	N
CCTCGA	N
AGCGCC	N
ATCGGG	N
ACATTC	N
TATGAA	N
CCGGGA	N
CATTGA	N
GACCAA	N
AGAAAA	N
